business_id,reporting_period,maintenance_category_key,metric_id,metric_value,metric_unit,metric_status,source_value,source_workbook,source_sheet,source_row
ausnet_transmission,2019-20,transmission_lines_maintenance::transmission_towers,asset_quantity_at_year_end,13204.0,count,numeric,13204.0,AusNet (T) 2019-20 - Category Analysis - RIN Response - Consolidated - 28 July 2020 - PUBLIC(11429287.3).xlsx,2.8 Maintenance,12
ausnet_transmission,2019-20,transmission_lines_maintenance::transmission_towers,quantity_inspected_maintained,17605.333333333332,count,numeric,17605.333333333332,AusNet (T) 2019-20 - Category Analysis - RIN Response - Consolidated - 28 July 2020 - PUBLIC(11429287.3).xlsx,2.8 Maintenance,12
ausnet_transmission,2019-20,transmission_lines_maintenance::transmission_towers,average_age_of_asset_group,49.79756134504696,years,numeric,49.79756134504696,AusNet (T) 2019-20 - Category Analysis - RIN Response - Consolidated - 28 July 2020 - PUBLIC(11429287.3).xlsx,2.8 Maintenance,12
ausnet_transmission,2019-20,transmission_lines_maintenance::transmission_towers,inspection_cycle_years,1.0,years,numeric,1.0,AusNet (T) 2019-20 - Category Analysis - RIN Response - Consolidated - 28 July 2020 - PUBLIC(11429287.3).xlsx,2.8 Maintenance,12
ausnet_transmission,2019-20,transmission_lines_maintenance::transmission_towers,maintenance_cycle_years,3.0,years,numeric,3.0,AusNet (T) 2019-20 - Category Analysis - RIN Response - Consolidated - 28 July 2020 - PUBLIC(11429287.3).xlsx,2.8 Maintenance,12
ausnet_transmission,2019-20,transmission_lines_maintenance::transmission_tower_support_structures,asset_quantity_at_year_end,69527.0,count,numeric,69527.0,AusNet (T) 2019-20 - Category Analysis - RIN Response - Consolidated - 28 July 2020 - PUBLIC(11429287.3).xlsx,2.8 Maintenance,13
ausnet_transmission,2019-20,transmission_lines_maintenance::transmission_tower_support_structures,quantity_inspected_maintained,46351.333333333336,count,numeric,46351.333333333336,AusNet (T) 2019-20 - Category Analysis - RIN Response - Consolidated - 28 July 2020 - PUBLIC(11429287.3).xlsx,2.8 Maintenance,13
ausnet_transmission,2019-20,transmission_lines_maintenance::transmission_tower_support_structures,average_age_of_asset_group,49.039254685143966,years,numeric,49.039254685143966,AusNet (T) 2019-20 - Category Analysis - RIN Response - Consolidated - 28 July 2020 - PUBLIC(11429287.3).xlsx,2.8 Maintenance,13
ausnet_transmission,2019-20,transmission_lines_maintenance::transmission_tower_support_structures,inspection_cycle_years,3.0,years,numeric,3.0,AusNet (T) 2019-20 - Category Analysis - RIN Response - Consolidated - 28 July 2020 - PUBLIC(11429287.3).xlsx,2.8 Maintenance,13
ausnet_transmission,2019-20,transmission_lines_maintenance::transmission_tower_support_structures,maintenance_cycle_years,3.0,years,numeric,3.0,AusNet (T) 2019-20 - Category Analysis - RIN Response - Consolidated - 28 July 2020 - PUBLIC(11429287.3).xlsx,2.8 Maintenance,13
ausnet_transmission,2019-20,transmission_lines_maintenance::conductors,asset_quantity_at_year_end,5086.8,km,numeric,5086.8,AusNet (T) 2019-20 - Category Analysis - RIN Response - Consolidated - 28 July 2020 - PUBLIC(11429287.3).xlsx,2.8 Maintenance,14
ausnet_transmission,2019-20,transmission_lines_maintenance::conductors,quantity_inspected_maintained,1695.6,km,numeric,1695.6,AusNet (T) 2019-20 - Category Analysis - RIN Response - Consolidated - 28 July 2020 - PUBLIC(11429287.3).xlsx,2.8 Maintenance,14
ausnet_transmission,2019-20,transmission_lines_maintenance::conductors,average_age_of_asset_group,45.34226292932775,years,numeric,45.34226292932775,AusNet (T) 2019-20 - Category Analysis - RIN Response - Consolidated - 28 July 2020 - PUBLIC(11429287.3).xlsx,2.8 Maintenance,14
ausnet_transmission,2019-20,transmission_lines_maintenance::conductors,inspection_cycle_years,3.0,years,numeric,3.0,AusNet (T) 2019-20 - Category Analysis - RIN Response - Consolidated - 28 July 2020 - PUBLIC(11429287.3).xlsx,2.8 Maintenance,14
ausnet_transmission,2019-20,transmission_lines_maintenance::conductors,maintenance_cycle_years,0.0,years,numeric,0.0,AusNet (T) 2019-20 - Category Analysis - RIN Response - Consolidated - 28 July 2020 - PUBLIC(11429287.3).xlsx,2.8 Maintenance,14
ausnet_transmission,2019-20,transmission_lines_maintenance::transmission_cables,asset_quantity_at_year_end,8.54,km,numeric,8.54,AusNet (T) 2019-20 - Category Analysis - RIN Response - Consolidated - 28 July 2020 - PUBLIC(11429287.3).xlsx,2.8 Maintenance,15
ausnet_transmission,2019-20,transmission_lines_maintenance::transmission_cables,quantity_inspected_maintained,17.08,km,numeric,17.08,AusNet (T) 2019-20 - Category Analysis - RIN Response - Consolidated - 28 July 2020 - PUBLIC(11429287.3).xlsx,2.8 Maintenance,15
ausnet_transmission,2019-20,transmission_lines_maintenance::transmission_cables,average_age_of_asset_group,26.12684955054644,years,numeric,26.12684955054644,AusNet (T) 2019-20 - Category Analysis - RIN Response - Consolidated - 28 July 2020 - PUBLIC(11429287.3).xlsx,2.8 Maintenance,15
ausnet_transmission,2019-20,transmission_lines_maintenance::transmission_cables,inspection_cycle_years,1.0,years,numeric,1.0,AusNet (T) 2019-20 - Category Analysis - RIN Response - Consolidated - 28 July 2020 - PUBLIC(11429287.3).xlsx,2.8 Maintenance,15
ausnet_transmission,2019-20,transmission_lines_maintenance::transmission_cables,maintenance_cycle_years,1.0,years,numeric,1.0,AusNet (T) 2019-20 - Category Analysis - RIN Response - Consolidated - 28 July 2020 - PUBLIC(11429287.3).xlsx,2.8 Maintenance,15
ausnet_transmission,2019-20,substations_equipment_property_maintenance::substation_switchbays,asset_quantity_at_year_end,1133.0,count,numeric,1133.0,AusNet (T) 2019-20 - Category Analysis - RIN Response - Consolidated - 28 July 2020 - PUBLIC(11429287.3).xlsx,2.8 Maintenance,16
ausnet_transmission,2019-20,substations_equipment_property_maintenance::substation_switchbays,quantity_inspected_maintained,2340.0,count,numeric,2340.0,AusNet (T) 2019-20 - Category Analysis - RIN Response - Consolidated - 28 July 2020 - PUBLIC(11429287.3).xlsx,2.8 Maintenance,16
ausnet_transmission,2019-20,substations_equipment_property_maintenance::substation_switchbays,average_age_of_asset_group,22.911931530436544,years,numeric,22.911931530436544,AusNet (T) 2019-20 - Category Analysis - RIN Response - Consolidated - 28 July 2020 - PUBLIC(11429287.3).xlsx,2.8 Maintenance,16
ausnet_transmission,2019-20,substations_equipment_property_maintenance::substation_switchbays,inspection_cycle_years,1.0,years,numeric,1.0,AusNet (T) 2019-20 - Category Analysis - RIN Response - Consolidated - 28 July 2020 - PUBLIC(11429287.3).xlsx,2.8 Maintenance,16
ausnet_transmission,2019-20,substations_equipment_property_maintenance::substation_switchbays,maintenance_cycle_years,6.0,years,numeric,6.0,AusNet (T) 2019-20 - Category Analysis - RIN Response - Consolidated - 28 July 2020 - PUBLIC(11429287.3).xlsx,2.8 Maintenance,16
ausnet_transmission,2019-20,substations_equipment_property_maintenance::substation_power_transformers,asset_quantity_at_year_end,174.0,count,numeric,174.0,AusNet (T) 2019-20 - Category Analysis - RIN Response - Consolidated - 28 July 2020 - PUBLIC(11429287.3).xlsx,2.8 Maintenance,17
ausnet_transmission,2019-20,substations_equipment_property_maintenance::substation_power_transformers,quantity_inspected_maintained,671.0,count,numeric,671.0,AusNet (T) 2019-20 - Category Analysis - RIN Response - Consolidated - 28 July 2020 - PUBLIC(11429287.3).xlsx,2.8 Maintenance,17
ausnet_transmission,2019-20,substations_equipment_property_maintenance::substation_power_transformers,average_age_of_asset_group,25.11025641025641,years,numeric,25.11025641025641,AusNet (T) 2019-20 - Category Analysis - RIN Response - Consolidated - 28 July 2020 - PUBLIC(11429287.3).xlsx,2.8 Maintenance,17
ausnet_transmission,2019-20,substations_equipment_property_maintenance::substation_power_transformers,inspection_cycle_years,1.0,years,numeric,1.0,AusNet (T) 2019-20 - Category Analysis - RIN Response - Consolidated - 28 July 2020 - PUBLIC(11429287.3).xlsx,2.8 Maintenance,17
ausnet_transmission,2019-20,substations_equipment_property_maintenance::substation_power_transformers,maintenance_cycle_years,4.0,years,numeric,4.0,AusNet (T) 2019-20 - Category Analysis - RIN Response - Consolidated - 28 July 2020 - PUBLIC(11429287.3).xlsx,2.8 Maintenance,17
ausnet_transmission,2019-20,substations_equipment_property_maintenance::substation_property,asset_quantity_at_year_end,47.0,count,numeric,47.0,AusNet (T) 2019-20 - Category Analysis - RIN Response - Consolidated - 28 July 2020 - PUBLIC(11429287.3).xlsx,2.8 Maintenance,18
ausnet_transmission,2019-20,substations_equipment_property_maintenance::substation_property,quantity_inspected_maintained,1660.0,count,numeric,1660.0,AusNet (T) 2019-20 - Category Analysis - RIN Response - Consolidated - 28 July 2020 - PUBLIC(11429287.3).xlsx,2.8 Maintenance,18
ausnet_transmission,2019-20,substations_equipment_property_maintenance::substation_property,average_age_of_asset_group,30.0,years,numeric,30.0,AusNet (T) 2019-20 - Category Analysis - RIN Response - Consolidated - 28 July 2020 - PUBLIC(11429287.3).xlsx,2.8 Maintenance,18
ausnet_transmission,2019-20,substations_equipment_property_maintenance::substation_property,inspection_cycle_years,0.1,years,numeric,0.1,AusNet (T) 2019-20 - Category Analysis - RIN Response - Consolidated - 28 July 2020 - PUBLIC(11429287.3).xlsx,2.8 Maintenance,18
ausnet_transmission,2019-20,substations_equipment_property_maintenance::substation_property,maintenance_cycle_years,0.5,years,numeric,0.5,AusNet (T) 2019-20 - Category Analysis - RIN Response - Consolidated - 28 July 2020 - PUBLIC(11429287.3).xlsx,2.8 Maintenance,18
ausnet_transmission,2019-20,scada_network_control_maintenance::scada_network_control,asset_quantity_at_year_end,19208.54821,count,numeric,19208.54821,AusNet (T) 2019-20 - Category Analysis - RIN Response - Consolidated - 28 July 2020 - PUBLIC(11429287.3).xlsx,2.8 Maintenance,19
ausnet_transmission,2019-20,scada_network_control_maintenance::scada_network_control,quantity_inspected_maintained,9604.274105,count,numeric,9604.274105,AusNet (T) 2019-20 - Category Analysis - RIN Response - Consolidated - 28 July 2020 - PUBLIC(11429287.3).xlsx,2.8 Maintenance,19
ausnet_transmission,2019-20,scada_network_control_maintenance::scada_network_control,average_age_of_asset_group,18.424150728842253,years,numeric,18.424150728842253,AusNet (T) 2019-20 - Category Analysis - RIN Response - Consolidated - 28 July 2020 - PUBLIC(11429287.3).xlsx,2.8 Maintenance,19
ausnet_transmission,2019-20,scada_network_control_maintenance::scada_network_control,inspection_cycle_years,4.0,years,numeric,4.0,AusNet (T) 2019-20 - Category Analysis - RIN Response - Consolidated - 28 July 2020 - PUBLIC(11429287.3).xlsx,2.8 Maintenance,19
ausnet_transmission,2019-20,scada_network_control_maintenance::scada_network_control,maintenance_cycle_years,4.0,years,numeric,4.0,AusNet (T) 2019-20 - Category Analysis - RIN Response - Consolidated - 28 July 2020 - PUBLIC(11429287.3).xlsx,2.8 Maintenance,19
ausnet_transmission,2019-20,protection_systems_maintenance::protection_systems,asset_quantity_at_year_end,6556.999999999998,count,numeric,6556.999999999998,AusNet (T) 2019-20 - Category Analysis - RIN Response - Consolidated - 28 July 2020 - PUBLIC(11429287.3).xlsx,2.8 Maintenance,20
ausnet_transmission,2019-20,protection_systems_maintenance::protection_systems,quantity_inspected_maintained,4371.333333333332,count,numeric,4371.333333333332,AusNet (T) 2019-20 - Category Analysis - RIN Response - Consolidated - 28 July 2020 - PUBLIC(11429287.3).xlsx,2.8 Maintenance,20
ausnet_transmission,2019-20,protection_systems_maintenance::protection_systems,average_age_of_asset_group,15.528809514029994,years,numeric,15.528809514029994,AusNet (T) 2019-20 - Category Analysis - RIN Response - Consolidated - 28 July 2020 - PUBLIC(11429287.3).xlsx,2.8 Maintenance,20
ausnet_transmission,2019-20,protection_systems_maintenance::protection_systems,inspection_cycle_years,3.0,years,numeric,3.0,AusNet (T) 2019-20 - Category Analysis - RIN Response - Consolidated - 28 July 2020 - PUBLIC(11429287.3).xlsx,2.8 Maintenance,20
ausnet_transmission,2019-20,protection_systems_maintenance::protection_systems,maintenance_cycle_years,3.0,years,numeric,3.0,AusNet (T) 2019-20 - Category Analysis - RIN Response - Consolidated - 28 July 2020 - PUBLIC(11429287.3).xlsx,2.8 Maintenance,20
ausnet_transmission,2020-21,transmission_lines_maintenance::transmission_towers,asset_quantity_at_year_end,13206.0,count,numeric,13206.0,AusNet (T) 2020-21 - Category Analysis - RIN Response - Consolidated - 29 July 2021 - PU(12595757.1).xlsx,2.8 Maintenance,12
ausnet_transmission,2020-21,transmission_lines_maintenance::transmission_towers,quantity_inspected_maintained,14673.333333333334,count,numeric,14673.333333333334,AusNet (T) 2020-21 - Category Analysis - RIN Response - Consolidated - 29 July 2021 - PU(12595757.1).xlsx,2.8 Maintenance,12
ausnet_transmission,2020-21,transmission_lines_maintenance::transmission_towers,average_age_of_asset_group,50.790549750113584,years,numeric,50.790549750113584,AusNet (T) 2020-21 - Category Analysis - RIN Response - Consolidated - 29 July 2021 - PU(12595757.1).xlsx,2.8 Maintenance,12
ausnet_transmission,2020-21,transmission_lines_maintenance::transmission_towers,inspection_cycle_years,1.0,years,numeric,1.0,AusNet (T) 2020-21 - Category Analysis - RIN Response - Consolidated - 29 July 2021 - PU(12595757.1).xlsx,2.8 Maintenance,12
ausnet_transmission,2020-21,transmission_lines_maintenance::transmission_towers,maintenance_cycle_years,9.0,years,numeric,9.0,AusNet (T) 2020-21 - Category Analysis - RIN Response - Consolidated - 29 July 2021 - PU(12595757.1).xlsx,2.8 Maintenance,12
ausnet_transmission,2020-21,transmission_lines_maintenance::transmission_tower_support_structures,asset_quantity_at_year_end,69605.0,count,numeric,69605.0,AusNet (T) 2020-21 - Category Analysis - RIN Response - Consolidated - 29 July 2021 - PU(12595757.1).xlsx,2.8 Maintenance,13
ausnet_transmission,2020-21,transmission_lines_maintenance::transmission_tower_support_structures,quantity_inspected_maintained,46403.333333333336,count,numeric,46403.333333333336,AusNet (T) 2020-21 - Category Analysis - RIN Response - Consolidated - 29 July 2021 - PU(12595757.1).xlsx,2.8 Maintenance,13
ausnet_transmission,2020-21,transmission_lines_maintenance::transmission_tower_support_structures,average_age_of_asset_group,50.0462538610732,years,numeric,50.0462538610732,AusNet (T) 2020-21 - Category Analysis - RIN Response - Consolidated - 29 July 2021 - PU(12595757.1).xlsx,2.8 Maintenance,13
ausnet_transmission,2020-21,transmission_lines_maintenance::transmission_tower_support_structures,inspection_cycle_years,3.0,years,numeric,3.0,AusNet (T) 2020-21 - Category Analysis - RIN Response - Consolidated - 29 July 2021 - PU(12595757.1).xlsx,2.8 Maintenance,13
ausnet_transmission,2020-21,transmission_lines_maintenance::transmission_tower_support_structures,maintenance_cycle_years,3.0,years,numeric,3.0,AusNet (T) 2020-21 - Category Analysis - RIN Response - Consolidated - 29 July 2021 - PU(12595757.1).xlsx,2.8 Maintenance,13
ausnet_transmission,2020-21,transmission_lines_maintenance::conductors,asset_quantity_at_year_end,5024.7,km,numeric,5024.7,AusNet (T) 2020-21 - Category Analysis - RIN Response - Consolidated - 29 July 2021 - PU(12595757.1).xlsx,2.8 Maintenance,14
ausnet_transmission,2020-21,transmission_lines_maintenance::conductors,quantity_inspected_maintained,1674.9,km,numeric,1674.9,AusNet (T) 2020-21 - Category Analysis - RIN Response - Consolidated - 29 July 2021 - PU(12595757.1).xlsx,2.8 Maintenance,14
ausnet_transmission,2020-21,transmission_lines_maintenance::conductors,average_age_of_asset_group,40.18905270513225,years,numeric,40.18905270513225,AusNet (T) 2020-21 - Category Analysis - RIN Response - Consolidated - 29 July 2021 - PU(12595757.1).xlsx,2.8 Maintenance,14
ausnet_transmission,2020-21,transmission_lines_maintenance::conductors,inspection_cycle_years,3.0,years,numeric,3.0,AusNet (T) 2020-21 - Category Analysis - RIN Response - Consolidated - 29 July 2021 - PU(12595757.1).xlsx,2.8 Maintenance,14
ausnet_transmission,2020-21,transmission_lines_maintenance::conductors,maintenance_cycle_years,0.0,years,numeric,0.0,AusNet (T) 2020-21 - Category Analysis - RIN Response - Consolidated - 29 July 2021 - PU(12595757.1).xlsx,2.8 Maintenance,14
ausnet_transmission,2020-21,transmission_lines_maintenance::transmission_cables,asset_quantity_at_year_end,8.542370333333334,km,numeric,8.542370333333334,AusNet (T) 2020-21 - Category Analysis - RIN Response - Consolidated - 29 July 2021 - PU(12595757.1).xlsx,2.8 Maintenance,15
ausnet_transmission,2020-21,transmission_lines_maintenance::transmission_cables,quantity_inspected_maintained,17.08474066666667,km,numeric,17.08474066666667,AusNet (T) 2020-21 - Category Analysis - RIN Response - Consolidated - 29 July 2021 - PU(12595757.1).xlsx,2.8 Maintenance,15
ausnet_transmission,2020-21,transmission_lines_maintenance::transmission_cables,average_age_of_asset_group,27.134999999999994,years,numeric,27.134999999999994,AusNet (T) 2020-21 - Category Analysis - RIN Response - Consolidated - 29 July 2021 - PU(12595757.1).xlsx,2.8 Maintenance,15
ausnet_transmission,2020-21,transmission_lines_maintenance::transmission_cables,inspection_cycle_years,1.0,years,numeric,1.0,AusNet (T) 2020-21 - Category Analysis - RIN Response - Consolidated - 29 July 2021 - PU(12595757.1).xlsx,2.8 Maintenance,15
ausnet_transmission,2020-21,transmission_lines_maintenance::transmission_cables,maintenance_cycle_years,1.0,years,numeric,1.0,AusNet (T) 2020-21 - Category Analysis - RIN Response - Consolidated - 29 July 2021 - PU(12595757.1).xlsx,2.8 Maintenance,15
ausnet_transmission,2020-21,substations_equipment_property_maintenance::substation_switchbays,asset_quantity_at_year_end,1158.0,count,numeric,1158.0,AusNet (T) 2020-21 - Category Analysis - RIN Response - Consolidated - 29 July 2021 - PU(12595757.1).xlsx,2.8 Maintenance,16
ausnet_transmission,2020-21,substations_equipment_property_maintenance::substation_switchbays,quantity_inspected_maintained,2173.0,count,numeric,2173.0,AusNet (T) 2020-21 - Category Analysis - RIN Response - Consolidated - 29 July 2021 - PU(12595757.1).xlsx,2.8 Maintenance,16
ausnet_transmission,2020-21,substations_equipment_property_maintenance::substation_switchbays,average_age_of_asset_group,22.46768006137912,years,numeric,22.46768006137912,AusNet (T) 2020-21 - Category Analysis - RIN Response - Consolidated - 29 July 2021 - PU(12595757.1).xlsx,2.8 Maintenance,16
ausnet_transmission,2020-21,substations_equipment_property_maintenance::substation_switchbays,inspection_cycle_years,1.0,years,numeric,1.0,AusNet (T) 2020-21 - Category Analysis - RIN Response - Consolidated - 29 July 2021 - PU(12595757.1).xlsx,2.8 Maintenance,16
ausnet_transmission,2020-21,substations_equipment_property_maintenance::substation_switchbays,maintenance_cycle_years,6.0,years,numeric,6.0,AusNet (T) 2020-21 - Category Analysis - RIN Response - Consolidated - 29 July 2021 - PU(12595757.1).xlsx,2.8 Maintenance,16
ausnet_transmission,2020-21,substations_equipment_property_maintenance::substation_power_transformers,asset_quantity_at_year_end,173.0,count,numeric,173.0,AusNet (T) 2020-21 - Category Analysis - RIN Response - Consolidated - 29 July 2021 - PU(12595757.1).xlsx,2.8 Maintenance,17
ausnet_transmission,2020-21,substations_equipment_property_maintenance::substation_power_transformers,quantity_inspected_maintained,1173.0,count,numeric,1173.0,AusNet (T) 2020-21 - Category Analysis - RIN Response - Consolidated - 29 July 2021 - PU(12595757.1).xlsx,2.8 Maintenance,17
ausnet_transmission,2020-21,substations_equipment_property_maintenance::substation_power_transformers,average_age_of_asset_group,29.11849710982659,years,numeric,29.11849710982659,AusNet (T) 2020-21 - Category Analysis - RIN Response - Consolidated - 29 July 2021 - PU(12595757.1).xlsx,2.8 Maintenance,17
ausnet_transmission,2020-21,substations_equipment_property_maintenance::substation_power_transformers,inspection_cycle_years,1.0,years,numeric,1.0,AusNet (T) 2020-21 - Category Analysis - RIN Response - Consolidated - 29 July 2021 - PU(12595757.1).xlsx,2.8 Maintenance,17
ausnet_transmission,2020-21,substations_equipment_property_maintenance::substation_power_transformers,maintenance_cycle_years,4.0,years,numeric,4.0,AusNet (T) 2020-21 - Category Analysis - RIN Response - Consolidated - 29 July 2021 - PU(12595757.1).xlsx,2.8 Maintenance,17
ausnet_transmission,2020-21,substations_equipment_property_maintenance::substation_property,asset_quantity_at_year_end,47.0,count,numeric,47.0,AusNet (T) 2020-21 - Category Analysis - RIN Response - Consolidated - 29 July 2021 - PU(12595757.1).xlsx,2.8 Maintenance,18
ausnet_transmission,2020-21,substations_equipment_property_maintenance::substation_property,quantity_inspected_maintained,1277.0,count,numeric,1277.0,AusNet (T) 2020-21 - Category Analysis - RIN Response - Consolidated - 29 July 2021 - PU(12595757.1).xlsx,2.8 Maintenance,18
ausnet_transmission,2020-21,substations_equipment_property_maintenance::substation_property,average_age_of_asset_group,30.0,years,numeric,30.0,AusNet (T) 2020-21 - Category Analysis - RIN Response - Consolidated - 29 July 2021 - PU(12595757.1).xlsx,2.8 Maintenance,18
ausnet_transmission,2020-21,substations_equipment_property_maintenance::substation_property,inspection_cycle_years,0.083,years,numeric,0.083,AusNet (T) 2020-21 - Category Analysis - RIN Response - Consolidated - 29 July 2021 - PU(12595757.1).xlsx,2.8 Maintenance,18
ausnet_transmission,2020-21,substations_equipment_property_maintenance::substation_property,maintenance_cycle_years,0.5,years,numeric,0.5,AusNet (T) 2020-21 - Category Analysis - RIN Response - Consolidated - 29 July 2021 - PU(12595757.1).xlsx,2.8 Maintenance,18
ausnet_transmission,2020-21,scada_network_control_maintenance::scada_network_control,asset_quantity_at_year_end,20989.54821,count,numeric,20989.54821,AusNet (T) 2020-21 - Category Analysis - RIN Response - Consolidated - 29 July 2021 - PU(12595757.1).xlsx,2.8 Maintenance,19
ausnet_transmission,2020-21,scada_network_control_maintenance::scada_network_control,quantity_inspected_maintained,10494.774104999997,count,numeric,10494.774104999997,AusNet (T) 2020-21 - Category Analysis - RIN Response - Consolidated - 29 July 2021 - PU(12595757.1).xlsx,2.8 Maintenance,19
ausnet_transmission,2020-21,scada_network_control_maintenance::scada_network_control,average_age_of_asset_group,17.728515433326322,years,numeric,17.728515433326322,AusNet (T) 2020-21 - Category Analysis - RIN Response - Consolidated - 29 July 2021 - PU(12595757.1).xlsx,2.8 Maintenance,19
ausnet_transmission,2020-21,scada_network_control_maintenance::scada_network_control,inspection_cycle_years,4.0,years,numeric,4.0,AusNet (T) 2020-21 - Category Analysis - RIN Response - Consolidated - 29 July 2021 - PU(12595757.1).xlsx,2.8 Maintenance,19
ausnet_transmission,2020-21,scada_network_control_maintenance::scada_network_control,maintenance_cycle_years,4.0,years,numeric,4.0,AusNet (T) 2020-21 - Category Analysis - RIN Response - Consolidated - 29 July 2021 - PU(12595757.1).xlsx,2.8 Maintenance,19
ausnet_transmission,2020-21,protection_systems_maintenance::protection_systems,asset_quantity_at_year_end,6555.000000000003,count,numeric,6555.000000000003,AusNet (T) 2020-21 - Category Analysis - RIN Response - Consolidated - 29 July 2021 - PU(12595757.1).xlsx,2.8 Maintenance,20
ausnet_transmission,2020-21,protection_systems_maintenance::protection_systems,quantity_inspected_maintained,4370.000000000002,count,numeric,4370.000000000002,AusNet (T) 2020-21 - Category Analysis - RIN Response - Consolidated - 29 July 2021 - PU(12595757.1).xlsx,2.8 Maintenance,20
ausnet_transmission,2020-21,protection_systems_maintenance::protection_systems,average_age_of_asset_group,16.51615440553468,years,numeric,16.51615440553468,AusNet (T) 2020-21 - Category Analysis - RIN Response - Consolidated - 29 July 2021 - PU(12595757.1).xlsx,2.8 Maintenance,20
ausnet_transmission,2020-21,protection_systems_maintenance::protection_systems,inspection_cycle_years,3.0,years,numeric,3.0,AusNet (T) 2020-21 - Category Analysis - RIN Response - Consolidated - 29 July 2021 - PU(12595757.1).xlsx,2.8 Maintenance,20
ausnet_transmission,2020-21,protection_systems_maintenance::protection_systems,maintenance_cycle_years,3.0,years,numeric,3.0,AusNet (T) 2020-21 - Category Analysis - RIN Response - Consolidated - 29 July 2021 - PU(12595757.1).xlsx,2.8 Maintenance,20
ausnet_transmission,2021-22,transmission_lines_maintenance::transmission_towers,asset_quantity_at_year_end,13205.0,count,numeric,13205.0,AusNet (T) 2021-22 - Category Analysis - RIN Response - Consolidated - 28 July 2022 - PUBLIC(14205738.1).xlsx,2.8 Maintenance,12
ausnet_transmission,2021-22,transmission_lines_maintenance::transmission_towers,quantity_inspected_maintained,14672.222222222224,count,numeric,14672.222222222224,AusNet (T) 2021-22 - Category Analysis - RIN Response - Consolidated - 28 July 2022 - PUBLIC(14205738.1).xlsx,2.8 Maintenance,12
ausnet_transmission,2021-22,transmission_lines_maintenance::transmission_towers,average_age_of_asset_group,51.78640666414237,years,numeric,51.78640666414237,AusNet (T) 2021-22 - Category Analysis - RIN Response - Consolidated - 28 July 2022 - PUBLIC(14205738.1).xlsx,2.8 Maintenance,12
ausnet_transmission,2021-22,transmission_lines_maintenance::transmission_towers,inspection_cycle_years,1.0,years,numeric,1.0,AusNet (T) 2021-22 - Category Analysis - RIN Response - Consolidated - 28 July 2022 - PUBLIC(14205738.1).xlsx,2.8 Maintenance,12
ausnet_transmission,2021-22,transmission_lines_maintenance::transmission_towers,maintenance_cycle_years,9.0,years,numeric,9.0,AusNet (T) 2021-22 - Category Analysis - RIN Response - Consolidated - 28 July 2022 - PUBLIC(14205738.1).xlsx,2.8 Maintenance,12
ausnet_transmission,2021-22,transmission_lines_maintenance::transmission_tower_support_structures,asset_quantity_at_year_end,70460.0,count,numeric,70460.0,AusNet (T) 2021-22 - Category Analysis - RIN Response - Consolidated - 28 July 2022 - PUBLIC(14205738.1).xlsx,2.8 Maintenance,13
ausnet_transmission,2021-22,transmission_lines_maintenance::transmission_tower_support_structures,quantity_inspected_maintained,46973.333333333336,count,numeric,46973.333333333336,AusNet (T) 2021-22 - Category Analysis - RIN Response - Consolidated - 28 July 2022 - PUBLIC(14205738.1).xlsx,2.8 Maintenance,13
ausnet_transmission,2021-22,transmission_lines_maintenance::transmission_tower_support_structures,average_age_of_asset_group,50.43289809821175,years,numeric,50.43289809821175,AusNet (T) 2021-22 - Category Analysis - RIN Response - Consolidated - 28 July 2022 - PUBLIC(14205738.1).xlsx,2.8 Maintenance,13
ausnet_transmission,2021-22,transmission_lines_maintenance::transmission_tower_support_structures,inspection_cycle_years,3.0,years,numeric,3.0,AusNet (T) 2021-22 - Category Analysis - RIN Response - Consolidated - 28 July 2022 - PUBLIC(14205738.1).xlsx,2.8 Maintenance,13
ausnet_transmission,2021-22,transmission_lines_maintenance::transmission_tower_support_structures,maintenance_cycle_years,3.0,years,numeric,3.0,AusNet (T) 2021-22 - Category Analysis - RIN Response - Consolidated - 28 July 2022 - PUBLIC(14205738.1).xlsx,2.8 Maintenance,13
ausnet_transmission,2021-22,transmission_lines_maintenance::conductors,asset_quantity_at_year_end,6611.465,km,numeric,6611.465,AusNet (T) 2021-22 - Category Analysis - RIN Response - Consolidated - 28 July 2022 - PUBLIC(14205738.1).xlsx,2.8 Maintenance,14
ausnet_transmission,2021-22,transmission_lines_maintenance::conductors,quantity_inspected_maintained,2203.8216666666667,km,numeric,2203.8216666666667,AusNet (T) 2021-22 - Category Analysis - RIN Response - Consolidated - 28 July 2022 - PUBLIC(14205738.1).xlsx,2.8 Maintenance,14
ausnet_transmission,2021-22,transmission_lines_maintenance::conductors,average_age_of_asset_group,45.5071401061556,years,numeric,45.5071401061556,AusNet (T) 2021-22 - Category Analysis - RIN Response - Consolidated - 28 July 2022 - PUBLIC(14205738.1).xlsx,2.8 Maintenance,14
ausnet_transmission,2021-22,transmission_lines_maintenance::conductors,inspection_cycle_years,3.0,years,numeric,3.0,AusNet (T) 2021-22 - Category Analysis - RIN Response - Consolidated - 28 July 2022 - PUBLIC(14205738.1).xlsx,2.8 Maintenance,14
ausnet_transmission,2021-22,transmission_lines_maintenance::conductors,maintenance_cycle_years,0.0,years,numeric,0.0,AusNet (T) 2021-22 - Category Analysis - RIN Response - Consolidated - 28 July 2022 - PUBLIC(14205738.1).xlsx,2.8 Maintenance,14
ausnet_transmission,2021-22,transmission_lines_maintenance::transmission_cables,asset_quantity_at_year_end,8.542370333333334,km,numeric,8.542370333333334,AusNet (T) 2021-22 - Category Analysis - RIN Response - Consolidated - 28 July 2022 - PUBLIC(14205738.1).xlsx,2.8 Maintenance,15
ausnet_transmission,2021-22,transmission_lines_maintenance::transmission_cables,quantity_inspected_maintained,17.08474066666667,km,numeric,17.08474066666667,AusNet (T) 2021-22 - Category Analysis - RIN Response - Consolidated - 28 July 2022 - PUBLIC(14205738.1).xlsx,2.8 Maintenance,15
ausnet_transmission,2021-22,transmission_lines_maintenance::transmission_cables,average_age_of_asset_group,28.134999999999994,years,numeric,28.134999999999994,AusNet (T) 2021-22 - Category Analysis - RIN Response - Consolidated - 28 July 2022 - PUBLIC(14205738.1).xlsx,2.8 Maintenance,15
ausnet_transmission,2021-22,transmission_lines_maintenance::transmission_cables,inspection_cycle_years,1.0,years,numeric,1.0,AusNet (T) 2021-22 - Category Analysis - RIN Response - Consolidated - 28 July 2022 - PUBLIC(14205738.1).xlsx,2.8 Maintenance,15
ausnet_transmission,2021-22,transmission_lines_maintenance::transmission_cables,maintenance_cycle_years,1.0,years,numeric,1.0,AusNet (T) 2021-22 - Category Analysis - RIN Response - Consolidated - 28 July 2022 - PUBLIC(14205738.1).xlsx,2.8 Maintenance,15
ausnet_transmission,2021-22,substations_equipment_property_maintenance::substation_switchbays,asset_quantity_at_year_end,1216.0,count,numeric,1216.0,AusNet (T) 2021-22 - Category Analysis - RIN Response - Consolidated - 28 July 2022 - PUBLIC(14205738.1).xlsx,2.8 Maintenance,16
ausnet_transmission,2021-22,substations_equipment_property_maintenance::substation_switchbays,quantity_inspected_maintained,4310.0,count,numeric,4310.0,AusNet (T) 2021-22 - Category Analysis - RIN Response - Consolidated - 28 July 2022 - PUBLIC(14205738.1).xlsx,2.8 Maintenance,16
ausnet_transmission,2021-22,substations_equipment_property_maintenance::substation_switchbays,average_age_of_asset_group,23.13940942646224,years,numeric,23.13940942646224,AusNet (T) 2021-22 - Category Analysis - RIN Response - Consolidated - 28 July 2022 - PUBLIC(14205738.1).xlsx,2.8 Maintenance,16
ausnet_transmission,2021-22,substations_equipment_property_maintenance::substation_switchbays,inspection_cycle_years,1.0,years,numeric,1.0,AusNet (T) 2021-22 - Category Analysis - RIN Response - Consolidated - 28 July 2022 - PUBLIC(14205738.1).xlsx,2.8 Maintenance,16
ausnet_transmission,2021-22,substations_equipment_property_maintenance::substation_switchbays,maintenance_cycle_years,6.0,years,numeric,6.0,AusNet (T) 2021-22 - Category Analysis - RIN Response - Consolidated - 28 July 2022 - PUBLIC(14205738.1).xlsx,2.8 Maintenance,16
ausnet_transmission,2021-22,substations_equipment_property_maintenance::substation_power_transformers,asset_quantity_at_year_end,184.0,count,numeric,184.0,AusNet (T) 2021-22 - Category Analysis - RIN Response - Consolidated - 28 July 2022 - PUBLIC(14205738.1).xlsx,2.8 Maintenance,17
ausnet_transmission,2021-22,substations_equipment_property_maintenance::substation_power_transformers,quantity_inspected_maintained,1255.0,count,numeric,1255.0,AusNet (T) 2021-22 - Category Analysis - RIN Response - Consolidated - 28 July 2022 - PUBLIC(14205738.1).xlsx,2.8 Maintenance,17
ausnet_transmission,2021-22,substations_equipment_property_maintenance::substation_power_transformers,average_age_of_asset_group,28.80978260869565,years,numeric,28.80978260869565,AusNet (T) 2021-22 - Category Analysis - RIN Response - Consolidated - 28 July 2022 - PUBLIC(14205738.1).xlsx,2.8 Maintenance,17
ausnet_transmission,2021-22,substations_equipment_property_maintenance::substation_power_transformers,inspection_cycle_years,1.0,years,numeric,1.0,AusNet (T) 2021-22 - Category Analysis - RIN Response - Consolidated - 28 July 2022 - PUBLIC(14205738.1).xlsx,2.8 Maintenance,17
ausnet_transmission,2021-22,substations_equipment_property_maintenance::substation_power_transformers,maintenance_cycle_years,4.0,years,numeric,4.0,AusNet (T) 2021-22 - Category Analysis - RIN Response - Consolidated - 28 July 2022 - PUBLIC(14205738.1).xlsx,2.8 Maintenance,17
ausnet_transmission,2021-22,substations_equipment_property_maintenance::substation_property,asset_quantity_at_year_end,47.0,count,numeric,47.0,AusNet (T) 2021-22 - Category Analysis - RIN Response - Consolidated - 28 July 2022 - PUBLIC(14205738.1).xlsx,2.8 Maintenance,18
ausnet_transmission,2021-22,substations_equipment_property_maintenance::substation_property,quantity_inspected_maintained,1164.0,count,numeric,1164.0,AusNet (T) 2021-22 - Category Analysis - RIN Response - Consolidated - 28 July 2022 - PUBLIC(14205738.1).xlsx,2.8 Maintenance,18
ausnet_transmission,2021-22,substations_equipment_property_maintenance::substation_property,average_age_of_asset_group,30.0,years,numeric,30.0,AusNet (T) 2021-22 - Category Analysis - RIN Response - Consolidated - 28 July 2022 - PUBLIC(14205738.1).xlsx,2.8 Maintenance,18
ausnet_transmission,2021-22,substations_equipment_property_maintenance::substation_property,inspection_cycle_years,0.083,years,numeric,0.083,AusNet (T) 2021-22 - Category Analysis - RIN Response - Consolidated - 28 July 2022 - PUBLIC(14205738.1).xlsx,2.8 Maintenance,18
ausnet_transmission,2021-22,substations_equipment_property_maintenance::substation_property,maintenance_cycle_years,0.5,years,numeric,0.5,AusNet (T) 2021-22 - Category Analysis - RIN Response - Consolidated - 28 July 2022 - PUBLIC(14205738.1).xlsx,2.8 Maintenance,18
ausnet_transmission,2021-22,scada_network_control_maintenance::scada_network_control,asset_quantity_at_year_end,21368.54821,count,numeric,21368.54821,AusNet (T) 2021-22 - Category Analysis - RIN Response - Consolidated - 28 July 2022 - PUBLIC(14205738.1).xlsx,2.8 Maintenance,19
ausnet_transmission,2021-22,scada_network_control_maintenance::scada_network_control,quantity_inspected_maintained,10684.274105,count,numeric,10684.274105,AusNet (T) 2021-22 - Category Analysis - RIN Response - Consolidated - 28 July 2022 - PUBLIC(14205738.1).xlsx,2.8 Maintenance,19
ausnet_transmission,2021-22,scada_network_control_maintenance::scada_network_control,average_age_of_asset_group,18.277856524547104,years,numeric,18.277856524547104,AusNet (T) 2021-22 - Category Analysis - RIN Response - Consolidated - 28 July 2022 - PUBLIC(14205738.1).xlsx,2.8 Maintenance,19
ausnet_transmission,2021-22,scada_network_control_maintenance::scada_network_control,inspection_cycle_years,4.0,years,numeric,4.0,AusNet (T) 2021-22 - Category Analysis - RIN Response - Consolidated - 28 July 2022 - PUBLIC(14205738.1).xlsx,2.8 Maintenance,19
ausnet_transmission,2021-22,scada_network_control_maintenance::scada_network_control,maintenance_cycle_years,4.0,years,numeric,4.0,AusNet (T) 2021-22 - Category Analysis - RIN Response - Consolidated - 28 July 2022 - PUBLIC(14205738.1).xlsx,2.8 Maintenance,19
ausnet_transmission,2021-22,protection_systems_maintenance::protection_systems,asset_quantity_at_year_end,6696.999999999999,count,numeric,6696.999999999999,AusNet (T) 2021-22 - Category Analysis - RIN Response - Consolidated - 28 July 2022 - PUBLIC(14205738.1).xlsx,2.8 Maintenance,20
ausnet_transmission,2021-22,protection_systems_maintenance::protection_systems,quantity_inspected_maintained,4464.666666666666,count,numeric,4464.666666666666,AusNet (T) 2021-22 - Category Analysis - RIN Response - Consolidated - 28 July 2022 - PUBLIC(14205738.1).xlsx,2.8 Maintenance,20
ausnet_transmission,2021-22,protection_systems_maintenance::protection_systems,average_age_of_asset_group,17.039999530254704,years,numeric,17.039999530254704,AusNet (T) 2021-22 - Category Analysis - RIN Response - Consolidated - 28 July 2022 - PUBLIC(14205738.1).xlsx,2.8 Maintenance,20
ausnet_transmission,2021-22,protection_systems_maintenance::protection_systems,inspection_cycle_years,3.0,years,numeric,3.0,AusNet (T) 2021-22 - Category Analysis - RIN Response - Consolidated - 28 July 2022 - PUBLIC(14205738.1).xlsx,2.8 Maintenance,20
ausnet_transmission,2021-22,protection_systems_maintenance::protection_systems,maintenance_cycle_years,3.0,years,numeric,3.0,AusNet (T) 2021-22 - Category Analysis - RIN Response - Consolidated - 28 July 2022 - PUBLIC(14205738.1).xlsx,2.8 Maintenance,20
ausnet_transmission,2022-23,transmission_lines_maintenance::transmission_towers,asset_quantity_at_year_end,13196.0,count,numeric,13196.0,Ausnet Services (ET) 2022-23 - Category Analysis - RIN Response - Consolidated - 28 July 2023 - PUBLIC(15600825.1).xlsx,2.8 Maintenance,12
ausnet_transmission,2022-23,transmission_lines_maintenance::transmission_towers,quantity_inspected_maintained,14662.222222222224,count,numeric,14662.222222222224,Ausnet Services (ET) 2022-23 - Category Analysis - RIN Response - Consolidated - 28 July 2023 - PUBLIC(15600825.1).xlsx,2.8 Maintenance,12
ausnet_transmission,2022-23,transmission_lines_maintenance::transmission_towers,average_age_of_asset_group,52.79770934466019,years,numeric,52.79770934466019,Ausnet Services (ET) 2022-23 - Category Analysis - RIN Response - Consolidated - 28 July 2023 - PUBLIC(15600825.1).xlsx,2.8 Maintenance,12
ausnet_transmission,2022-23,transmission_lines_maintenance::transmission_towers,inspection_cycle_years,1.0,years,numeric,1.0,Ausnet Services (ET) 2022-23 - Category Analysis - RIN Response - Consolidated - 28 July 2023 - PUBLIC(15600825.1).xlsx,2.8 Maintenance,12
ausnet_transmission,2022-23,transmission_lines_maintenance::transmission_towers,maintenance_cycle_years,9.0,years,numeric,9.0,Ausnet Services (ET) 2022-23 - Category Analysis - RIN Response - Consolidated - 28 July 2023 - PUBLIC(15600825.1).xlsx,2.8 Maintenance,12
ausnet_transmission,2022-23,transmission_lines_maintenance::transmission_tower_support_structures,asset_quantity_at_year_end,70616.0,count,numeric,70616.0,Ausnet Services (ET) 2022-23 - Category Analysis - RIN Response - Consolidated - 28 July 2023 - PUBLIC(15600825.1).xlsx,2.8 Maintenance,13
ausnet_transmission,2022-23,transmission_lines_maintenance::transmission_tower_support_structures,quantity_inspected_maintained,47077.333333333336,count,numeric,47077.333333333336,Ausnet Services (ET) 2022-23 - Category Analysis - RIN Response - Consolidated - 28 July 2023 - PUBLIC(15600825.1).xlsx,2.8 Maintenance,13
ausnet_transmission,2022-23,transmission_lines_maintenance::transmission_tower_support_structures,average_age_of_asset_group,50.040933521018616,years,numeric,50.040933521018616,Ausnet Services (ET) 2022-23 - Category Analysis - RIN Response - Consolidated - 28 July 2023 - PUBLIC(15600825.1).xlsx,2.8 Maintenance,13
ausnet_transmission,2022-23,transmission_lines_maintenance::transmission_tower_support_structures,inspection_cycle_years,3.0,years,numeric,3.0,Ausnet Services (ET) 2022-23 - Category Analysis - RIN Response - Consolidated - 28 July 2023 - PUBLIC(15600825.1).xlsx,2.8 Maintenance,13
ausnet_transmission,2022-23,transmission_lines_maintenance::transmission_tower_support_structures,maintenance_cycle_years,3.0,years,numeric,3.0,Ausnet Services (ET) 2022-23 - Category Analysis - RIN Response - Consolidated - 28 July 2023 - PUBLIC(15600825.1).xlsx,2.8 Maintenance,13
ausnet_transmission,2022-23,transmission_lines_maintenance::conductors,asset_quantity_at_year_end,6611.465,km,numeric,6611.465,Ausnet Services (ET) 2022-23 - Category Analysis - RIN Response - Consolidated - 28 July 2023 - PUBLIC(15600825.1).xlsx,2.8 Maintenance,14
ausnet_transmission,2022-23,transmission_lines_maintenance::conductors,quantity_inspected_maintained,2203.8216666666667,km,numeric,2203.8216666666667,Ausnet Services (ET) 2022-23 - Category Analysis - RIN Response - Consolidated - 28 July 2023 - PUBLIC(15600825.1).xlsx,2.8 Maintenance,14
ausnet_transmission,2022-23,transmission_lines_maintenance::conductors,average_age_of_asset_group,46.17143016090654,years,numeric,46.17143016090654,Ausnet Services (ET) 2022-23 - Category Analysis - RIN Response - Consolidated - 28 July 2023 - PUBLIC(15600825.1).xlsx,2.8 Maintenance,14
ausnet_transmission,2022-23,transmission_lines_maintenance::conductors,inspection_cycle_years,3.0,years,numeric,3.0,Ausnet Services (ET) 2022-23 - Category Analysis - RIN Response - Consolidated - 28 July 2023 - PUBLIC(15600825.1).xlsx,2.8 Maintenance,14
ausnet_transmission,2022-23,transmission_lines_maintenance::conductors,maintenance_cycle_years,0.0,years,numeric,0.0,Ausnet Services (ET) 2022-23 - Category Analysis - RIN Response - Consolidated - 28 July 2023 - PUBLIC(15600825.1).xlsx,2.8 Maintenance,14
ausnet_transmission,2022-23,transmission_lines_maintenance::transmission_cables,asset_quantity_at_year_end,8.542370333333333,km,numeric,8.542370333333333,Ausnet Services (ET) 2022-23 - Category Analysis - RIN Response - Consolidated - 28 July 2023 - PUBLIC(15600825.1).xlsx,2.8 Maintenance,15
ausnet_transmission,2022-23,transmission_lines_maintenance::transmission_cables,quantity_inspected_maintained,17.084740666666665,km,numeric,17.084740666666665,Ausnet Services (ET) 2022-23 - Category Analysis - RIN Response - Consolidated - 28 July 2023 - PUBLIC(15600825.1).xlsx,2.8 Maintenance,15
ausnet_transmission,2022-23,transmission_lines_maintenance::transmission_cables,average_age_of_asset_group,29.135,years,numeric,29.135,Ausnet Services (ET) 2022-23 - Category Analysis - RIN Response - Consolidated - 28 July 2023 - PUBLIC(15600825.1).xlsx,2.8 Maintenance,15
ausnet_transmission,2022-23,transmission_lines_maintenance::transmission_cables,inspection_cycle_years,1.0,years,numeric,1.0,Ausnet Services (ET) 2022-23 - Category Analysis - RIN Response - Consolidated - 28 July 2023 - PUBLIC(15600825.1).xlsx,2.8 Maintenance,15
ausnet_transmission,2022-23,transmission_lines_maintenance::transmission_cables,maintenance_cycle_years,1.0,years,numeric,1.0,Ausnet Services (ET) 2022-23 - Category Analysis - RIN Response - Consolidated - 28 July 2023 - PUBLIC(15600825.1).xlsx,2.8 Maintenance,15
ausnet_transmission,2022-23,substations_equipment_property_maintenance::substation_switchbays,asset_quantity_at_year_end,1218.0,count,numeric,1218.0,Ausnet Services (ET) 2022-23 - Category Analysis - RIN Response - Consolidated - 28 July 2023 - PUBLIC(15600825.1).xlsx,2.8 Maintenance,16
ausnet_transmission,2022-23,substations_equipment_property_maintenance::substation_switchbays,quantity_inspected_maintained,8005.0,count,numeric,8005.0,Ausnet Services (ET) 2022-23 - Category Analysis - RIN Response - Consolidated - 28 July 2023 - PUBLIC(15600825.1).xlsx,2.8 Maintenance,16
ausnet_transmission,2022-23,substations_equipment_property_maintenance::substation_switchbays,average_age_of_asset_group,21.963875833424417,years,numeric,21.963875833424417,Ausnet Services (ET) 2022-23 - Category Analysis - RIN Response - Consolidated - 28 July 2023 - PUBLIC(15600825.1).xlsx,2.8 Maintenance,16
ausnet_transmission,2022-23,substations_equipment_property_maintenance::substation_switchbays,inspection_cycle_years,1.0,years,numeric,1.0,Ausnet Services (ET) 2022-23 - Category Analysis - RIN Response - Consolidated - 28 July 2023 - PUBLIC(15600825.1).xlsx,2.8 Maintenance,16
ausnet_transmission,2022-23,substations_equipment_property_maintenance::substation_switchbays,maintenance_cycle_years,6.0,years,numeric,6.0,Ausnet Services (ET) 2022-23 - Category Analysis - RIN Response - Consolidated - 28 July 2023 - PUBLIC(15600825.1).xlsx,2.8 Maintenance,16
ausnet_transmission,2022-23,substations_equipment_property_maintenance::substation_power_transformers,asset_quantity_at_year_end,184.0,count,numeric,184.0,Ausnet Services (ET) 2022-23 - Category Analysis - RIN Response - Consolidated - 28 July 2023 - PUBLIC(15600825.1).xlsx,2.8 Maintenance,17
ausnet_transmission,2022-23,substations_equipment_property_maintenance::substation_power_transformers,quantity_inspected_maintained,2095.0,count,numeric,2095.0,Ausnet Services (ET) 2022-23 - Category Analysis - RIN Response - Consolidated - 28 July 2023 - PUBLIC(15600825.1).xlsx,2.8 Maintenance,17
ausnet_transmission,2022-23,substations_equipment_property_maintenance::substation_power_transformers,average_age_of_asset_group,28.10122699386503,years,numeric,28.10122699386503,Ausnet Services (ET) 2022-23 - Category Analysis - RIN Response - Consolidated - 28 July 2023 - PUBLIC(15600825.1).xlsx,2.8 Maintenance,17
ausnet_transmission,2022-23,substations_equipment_property_maintenance::substation_power_transformers,inspection_cycle_years,1.0,years,numeric,1.0,Ausnet Services (ET) 2022-23 - Category Analysis - RIN Response - Consolidated - 28 July 2023 - PUBLIC(15600825.1).xlsx,2.8 Maintenance,17
ausnet_transmission,2022-23,substations_equipment_property_maintenance::substation_power_transformers,maintenance_cycle_years,4.0,years,numeric,4.0,Ausnet Services (ET) 2022-23 - Category Analysis - RIN Response - Consolidated - 28 July 2023 - PUBLIC(15600825.1).xlsx,2.8 Maintenance,17
ausnet_transmission,2022-23,substations_equipment_property_maintenance::substation_property,asset_quantity_at_year_end,47.0,count,numeric,47.0,Ausnet Services (ET) 2022-23 - Category Analysis - RIN Response - Consolidated - 28 July 2023 - PUBLIC(15600825.1).xlsx,2.8 Maintenance,18
ausnet_transmission,2022-23,substations_equipment_property_maintenance::substation_property,quantity_inspected_maintained,1857.0,count,numeric,1857.0,Ausnet Services (ET) 2022-23 - Category Analysis - RIN Response - Consolidated - 28 July 2023 - PUBLIC(15600825.1).xlsx,2.8 Maintenance,18
ausnet_transmission,2022-23,substations_equipment_property_maintenance::substation_property,average_age_of_asset_group,41.96521739130435,years,numeric,41.96521739130435,Ausnet Services (ET) 2022-23 - Category Analysis - RIN Response - Consolidated - 28 July 2023 - PUBLIC(15600825.1).xlsx,2.8 Maintenance,18
ausnet_transmission,2022-23,substations_equipment_property_maintenance::substation_property,inspection_cycle_years,0.083,years,numeric,0.083,Ausnet Services (ET) 2022-23 - Category Analysis - RIN Response - Consolidated - 28 July 2023 - PUBLIC(15600825.1).xlsx,2.8 Maintenance,18
ausnet_transmission,2022-23,substations_equipment_property_maintenance::substation_property,maintenance_cycle_years,0.5,years,numeric,0.5,Ausnet Services (ET) 2022-23 - Category Analysis - RIN Response - Consolidated - 28 July 2023 - PUBLIC(15600825.1).xlsx,2.8 Maintenance,18
ausnet_transmission,2022-23,scada_network_control_maintenance::scada_network_control,asset_quantity_at_year_end,20981.11759000001,count,numeric,20981.11759000001,Ausnet Services (ET) 2022-23 - Category Analysis - RIN Response - Consolidated - 28 July 2023 - PUBLIC(15600825.1).xlsx,2.8 Maintenance,19
ausnet_transmission,2022-23,scada_network_control_maintenance::scada_network_control,quantity_inspected_maintained,10490.558795000004,count,numeric,10490.558795000004,Ausnet Services (ET) 2022-23 - Category Analysis - RIN Response - Consolidated - 28 July 2023 - PUBLIC(15600825.1).xlsx,2.8 Maintenance,19
ausnet_transmission,2022-23,scada_network_control_maintenance::scada_network_control,average_age_of_asset_group,19.335684559751524,years,numeric,19.335684559751524,Ausnet Services (ET) 2022-23 - Category Analysis - RIN Response - Consolidated - 28 July 2023 - PUBLIC(15600825.1).xlsx,2.8 Maintenance,19
ausnet_transmission,2022-23,scada_network_control_maintenance::scada_network_control,inspection_cycle_years,4.0,years,numeric,4.0,Ausnet Services (ET) 2022-23 - Category Analysis - RIN Response - Consolidated - 28 July 2023 - PUBLIC(15600825.1).xlsx,2.8 Maintenance,19
ausnet_transmission,2022-23,scada_network_control_maintenance::scada_network_control,maintenance_cycle_years,4.0,years,numeric,4.0,Ausnet Services (ET) 2022-23 - Category Analysis - RIN Response - Consolidated - 28 July 2023 - PUBLIC(15600825.1).xlsx,2.8 Maintenance,19
ausnet_transmission,2022-23,protection_systems_maintenance::protection_systems,asset_quantity_at_year_end,6680.999999999999,count,numeric,6680.999999999999,Ausnet Services (ET) 2022-23 - Category Analysis - RIN Response - Consolidated - 28 July 2023 - PUBLIC(15600825.1).xlsx,2.8 Maintenance,20
ausnet_transmission,2022-23,protection_systems_maintenance::protection_systems,quantity_inspected_maintained,4453.999999999999,count,numeric,4453.999999999999,Ausnet Services (ET) 2022-23 - Category Analysis - RIN Response - Consolidated - 28 July 2023 - PUBLIC(15600825.1).xlsx,2.8 Maintenance,20
ausnet_transmission,2022-23,protection_systems_maintenance::protection_systems,average_age_of_asset_group,16.09722464688453,years,numeric,16.09722464688453,Ausnet Services (ET) 2022-23 - Category Analysis - RIN Response - Consolidated - 28 July 2023 - PUBLIC(15600825.1).xlsx,2.8 Maintenance,20
ausnet_transmission,2022-23,protection_systems_maintenance::protection_systems,inspection_cycle_years,3.0,years,numeric,3.0,Ausnet Services (ET) 2022-23 - Category Analysis - RIN Response - Consolidated - 28 July 2023 - PUBLIC(15600825.1).xlsx,2.8 Maintenance,20
ausnet_transmission,2022-23,protection_systems_maintenance::protection_systems,maintenance_cycle_years,3.0,years,numeric,3.0,Ausnet Services (ET) 2022-23 - Category Analysis - RIN Response - Consolidated - 28 July 2023 - PUBLIC(15600825.1).xlsx,2.8 Maintenance,20
ausnet_transmission,2023-24,transmission_lines_maintenance::transmission_towers,asset_quantity_at_year_end,13180.0,count,numeric,13180.0,Ausnet Services (ET) 2023-24 - Category Analysis - RIN Response - Consolidated - 26 July 2024 - PUBLIC(17069098.2).xlsx,2.8 Maintenance,13
ausnet_transmission,2023-24,transmission_lines_maintenance::transmission_towers,quantity_inspected_maintained,14644.444444444443,count,numeric,14644.444444444443,Ausnet Services (ET) 2023-24 - Category Analysis - RIN Response - Consolidated - 26 July 2024 - PUBLIC(17069098.2).xlsx,2.8 Maintenance,13
ausnet_transmission,2023-24,transmission_lines_maintenance::transmission_towers,average_age_of_asset_group,53.75386949924128,years,numeric,53.75386949924128,Ausnet Services (ET) 2023-24 - Category Analysis - RIN Response - Consolidated - 26 July 2024 - PUBLIC(17069098.2).xlsx,2.8 Maintenance,13
ausnet_transmission,2023-24,transmission_lines_maintenance::transmission_towers,inspection_cycle_years,1.0,years,numeric,1.0,Ausnet Services (ET) 2023-24 - Category Analysis - RIN Response - Consolidated - 26 July 2024 - PUBLIC(17069098.2).xlsx,2.8 Maintenance,13
ausnet_transmission,2023-24,transmission_lines_maintenance::transmission_towers,maintenance_cycle_years,9.0,years,numeric,9.0,Ausnet Services (ET) 2023-24 - Category Analysis - RIN Response - Consolidated - 26 July 2024 - PUBLIC(17069098.2).xlsx,2.8 Maintenance,13
ausnet_transmission,2023-24,transmission_lines_maintenance::transmission_tower_support_structures,asset_quantity_at_year_end,62770.0,count,numeric,62770.0,Ausnet Services (ET) 2023-24 - Category Analysis - RIN Response - Consolidated - 26 July 2024 - PUBLIC(17069098.2).xlsx,2.8 Maintenance,14
ausnet_transmission,2023-24,transmission_lines_maintenance::transmission_tower_support_structures,quantity_inspected_maintained,41846.66666666666,count,numeric,41846.66666666666,Ausnet Services (ET) 2023-24 - Category Analysis - RIN Response - Consolidated - 26 July 2024 - PUBLIC(17069098.2).xlsx,2.8 Maintenance,14
ausnet_transmission,2023-24,transmission_lines_maintenance::transmission_tower_support_structures,average_age_of_asset_group,50.88018161542138,years,numeric,50.88018161542138,Ausnet Services (ET) 2023-24 - Category Analysis - RIN Response - Consolidated - 26 July 2024 - PUBLIC(17069098.2).xlsx,2.8 Maintenance,14
ausnet_transmission,2023-24,transmission_lines_maintenance::transmission_tower_support_structures,inspection_cycle_years,3.0,years,numeric,3.0,Ausnet Services (ET) 2023-24 - Category Analysis - RIN Response - Consolidated - 26 July 2024 - PUBLIC(17069098.2).xlsx,2.8 Maintenance,14
ausnet_transmission,2023-24,transmission_lines_maintenance::transmission_tower_support_structures,maintenance_cycle_years,3.0,years,numeric,3.0,Ausnet Services (ET) 2023-24 - Category Analysis - RIN Response - Consolidated - 26 July 2024 - PUBLIC(17069098.2).xlsx,2.8 Maintenance,14
ausnet_transmission,2023-24,transmission_lines_maintenance::conductors,asset_quantity_at_year_end,6533.498306666666,km,numeric,6533.498306666666,Ausnet Services (ET) 2023-24 - Category Analysis - RIN Response - Consolidated - 26 July 2024 - PUBLIC(17069098.2).xlsx,2.8 Maintenance,15
ausnet_transmission,2023-24,transmission_lines_maintenance::conductors,quantity_inspected_maintained,2177.832768888889,km,numeric,2177.832768888889,Ausnet Services (ET) 2023-24 - Category Analysis - RIN Response - Consolidated - 26 July 2024 - PUBLIC(17069098.2).xlsx,2.8 Maintenance,15
ausnet_transmission,2023-24,transmission_lines_maintenance::conductors,average_age_of_asset_group,47.1287401205571,years,numeric,47.1287401205571,Ausnet Services (ET) 2023-24 - Category Analysis - RIN Response - Consolidated - 26 July 2024 - PUBLIC(17069098.2).xlsx,2.8 Maintenance,15
ausnet_transmission,2023-24,transmission_lines_maintenance::conductors,inspection_cycle_years,3.0,years,numeric,3.0,Ausnet Services (ET) 2023-24 - Category Analysis - RIN Response - Consolidated - 26 July 2024 - PUBLIC(17069098.2).xlsx,2.8 Maintenance,15
ausnet_transmission,2023-24,transmission_lines_maintenance::conductors,maintenance_cycle_years,0.0,years,numeric,0.0,Ausnet Services (ET) 2023-24 - Category Analysis - RIN Response - Consolidated - 26 July 2024 - PUBLIC(17069098.2).xlsx,2.8 Maintenance,15
ausnet_transmission,2023-24,transmission_lines_maintenance::transmission_cables,asset_quantity_at_year_end,8.542370333333333,km,numeric,8.542370333333333,Ausnet Services (ET) 2023-24 - Category Analysis - RIN Response - Consolidated - 26 July 2024 - PUBLIC(17069098.2).xlsx,2.8 Maintenance,16
ausnet_transmission,2023-24,transmission_lines_maintenance::transmission_cables,quantity_inspected_maintained,17.084740666666665,km,numeric,17.084740666666665,Ausnet Services (ET) 2023-24 - Category Analysis - RIN Response - Consolidated - 26 July 2024 - PUBLIC(17069098.2).xlsx,2.8 Maintenance,16
ausnet_transmission,2023-24,transmission_lines_maintenance::transmission_cables,average_age_of_asset_group,30.134999999999994,years,numeric,30.134999999999994,Ausnet Services (ET) 2023-24 - Category Analysis - RIN Response - Consolidated - 26 July 2024 - PUBLIC(17069098.2).xlsx,2.8 Maintenance,16
ausnet_transmission,2023-24,transmission_lines_maintenance::transmission_cables,inspection_cycle_years,1.0,years,numeric,1.0,Ausnet Services (ET) 2023-24 - Category Analysis - RIN Response - Consolidated - 26 July 2024 - PUBLIC(17069098.2).xlsx,2.8 Maintenance,16
ausnet_transmission,2023-24,transmission_lines_maintenance::transmission_cables,maintenance_cycle_years,1.0,years,numeric,1.0,Ausnet Services (ET) 2023-24 - Category Analysis - RIN Response - Consolidated - 26 July 2024 - PUBLIC(17069098.2).xlsx,2.8 Maintenance,16
ausnet_transmission,2023-24,substations_equipment_property_maintenance::substation_switchbays,asset_quantity_at_year_end,1058.0,count,numeric,1058.0,Ausnet Services (ET) 2023-24 - Category Analysis - RIN Response - Consolidated - 26 July 2024 - PUBLIC(17069098.2).xlsx,2.8 Maintenance,17
ausnet_transmission,2023-24,substations_equipment_property_maintenance::substation_switchbays,quantity_inspected_maintained,2223.0,count,numeric,2223.0,Ausnet Services (ET) 2023-24 - Category Analysis - RIN Response - Consolidated - 26 July 2024 - PUBLIC(17069098.2).xlsx,2.8 Maintenance,17
ausnet_transmission,2023-24,substations_equipment_property_maintenance::substation_switchbays,average_age_of_asset_group,22.64871514488792,years,numeric,22.64871514488792,Ausnet Services (ET) 2023-24 - Category Analysis - RIN Response - Consolidated - 26 July 2024 - PUBLIC(17069098.2).xlsx,2.8 Maintenance,17
ausnet_transmission,2023-24,substations_equipment_property_maintenance::substation_switchbays,inspection_cycle_years,1.0,years,numeric,1.0,Ausnet Services (ET) 2023-24 - Category Analysis - RIN Response - Consolidated - 26 July 2024 - PUBLIC(17069098.2).xlsx,2.8 Maintenance,17
ausnet_transmission,2023-24,substations_equipment_property_maintenance::substation_switchbays,maintenance_cycle_years,6.0,years,numeric,6.0,Ausnet Services (ET) 2023-24 - Category Analysis - RIN Response - Consolidated - 26 July 2024 - PUBLIC(17069098.2).xlsx,2.8 Maintenance,17
ausnet_transmission,2023-24,substations_equipment_property_maintenance::substation_power_transformers,asset_quantity_at_year_end,161.0,count,numeric,161.0,Ausnet Services (ET) 2023-24 - Category Analysis - RIN Response - Consolidated - 26 July 2024 - PUBLIC(17069098.2).xlsx,2.8 Maintenance,18
ausnet_transmission,2023-24,substations_equipment_property_maintenance::substation_power_transformers,quantity_inspected_maintained,1635.0,count,numeric,1635.0,Ausnet Services (ET) 2023-24 - Category Analysis - RIN Response - Consolidated - 26 July 2024 - PUBLIC(17069098.2).xlsx,2.8 Maintenance,18
ausnet_transmission,2023-24,substations_equipment_property_maintenance::substation_power_transformers,average_age_of_asset_group,28.30434782608696,years,numeric,28.30434782608696,Ausnet Services (ET) 2023-24 - Category Analysis - RIN Response - Consolidated - 26 July 2024 - PUBLIC(17069098.2).xlsx,2.8 Maintenance,18
ausnet_transmission,2023-24,substations_equipment_property_maintenance::substation_power_transformers,inspection_cycle_years,1.0,years,numeric,1.0,Ausnet Services (ET) 2023-24 - Category Analysis - RIN Response - Consolidated - 26 July 2024 - PUBLIC(17069098.2).xlsx,2.8 Maintenance,18
ausnet_transmission,2023-24,substations_equipment_property_maintenance::substation_power_transformers,maintenance_cycle_years,4.0,years,numeric,4.0,Ausnet Services (ET) 2023-24 - Category Analysis - RIN Response - Consolidated - 26 July 2024 - PUBLIC(17069098.2).xlsx,2.8 Maintenance,18
ausnet_transmission,2023-24,substations_equipment_property_maintenance::substation_property,asset_quantity_at_year_end,47.0,count,numeric,47.0,Ausnet Services (ET) 2023-24 - Category Analysis - RIN Response - Consolidated - 26 July 2024 - PUBLIC(17069098.2).xlsx,2.8 Maintenance,19
ausnet_transmission,2023-24,substations_equipment_property_maintenance::substation_property,quantity_inspected_maintained,997.0,count,numeric,997.0,Ausnet Services (ET) 2023-24 - Category Analysis - RIN Response - Consolidated - 26 July 2024 - PUBLIC(17069098.2).xlsx,2.8 Maintenance,19
ausnet_transmission,2023-24,substations_equipment_property_maintenance::substation_property,average_age_of_asset_group,42.96521739130435,years,numeric,42.96521739130435,Ausnet Services (ET) 2023-24 - Category Analysis - RIN Response - Consolidated - 26 July 2024 - PUBLIC(17069098.2).xlsx,2.8 Maintenance,19
ausnet_transmission,2023-24,substations_equipment_property_maintenance::substation_property,inspection_cycle_years,0.083,years,numeric,0.083,Ausnet Services (ET) 2023-24 - Category Analysis - RIN Response - Consolidated - 26 July 2024 - PUBLIC(17069098.2).xlsx,2.8 Maintenance,19
ausnet_transmission,2023-24,substations_equipment_property_maintenance::substation_property,maintenance_cycle_years,0.5,years,numeric,0.5,Ausnet Services (ET) 2023-24 - Category Analysis - RIN Response - Consolidated - 26 July 2024 - PUBLIC(17069098.2).xlsx,2.8 Maintenance,19
ausnet_transmission,2023-24,scada_network_control_maintenance::scada_network_control,asset_quantity_at_year_end,19503.18169,count,numeric,19503.18169,Ausnet Services (ET) 2023-24 - Category Analysis - RIN Response - Consolidated - 26 July 2024 - PUBLIC(17069098.2).xlsx,2.8 Maintenance,20
ausnet_transmission,2023-24,scada_network_control_maintenance::scada_network_control,quantity_inspected_maintained,9751.590844999995,count,numeric,9751.590844999995,Ausnet Services (ET) 2023-24 - Category Analysis - RIN Response - Consolidated - 26 July 2024 - PUBLIC(17069098.2).xlsx,2.8 Maintenance,20
ausnet_transmission,2023-24,scada_network_control_maintenance::scada_network_control,average_age_of_asset_group,20.18886077118391,years,numeric,20.18886077118391,Ausnet Services (ET) 2023-24 - Category Analysis - RIN Response - Consolidated - 26 July 2024 - PUBLIC(17069098.2).xlsx,2.8 Maintenance,20
ausnet_transmission,2023-24,scada_network_control_maintenance::scada_network_control,inspection_cycle_years,4.0,years,numeric,4.0,Ausnet Services (ET) 2023-24 - Category Analysis - RIN Response - Consolidated - 26 July 2024 - PUBLIC(17069098.2).xlsx,2.8 Maintenance,20
ausnet_transmission,2023-24,scada_network_control_maintenance::scada_network_control,maintenance_cycle_years,4.0,years,numeric,4.0,Ausnet Services (ET) 2023-24 - Category Analysis - RIN Response - Consolidated - 26 July 2024 - PUBLIC(17069098.2).xlsx,2.8 Maintenance,20
ausnet_transmission,2023-24,protection_systems_maintenance::protection_systems,asset_quantity_at_year_end,5401.000000000001,count,numeric,5401.000000000001,Ausnet Services (ET) 2023-24 - Category Analysis - RIN Response - Consolidated - 26 July 2024 - PUBLIC(17069098.2).xlsx,2.8 Maintenance,21
ausnet_transmission,2023-24,protection_systems_maintenance::protection_systems,quantity_inspected_maintained,3600.6666666666674,count,numeric,3600.6666666666674,Ausnet Services (ET) 2023-24 - Category Analysis - RIN Response - Consolidated - 26 July 2024 - PUBLIC(17069098.2).xlsx,2.8 Maintenance,21
ausnet_transmission,2023-24,protection_systems_maintenance::protection_systems,average_age_of_asset_group,16.52988526491195,years,numeric,16.52988526491195,Ausnet Services (ET) 2023-24 - Category Analysis - RIN Response - Consolidated - 26 July 2024 - PUBLIC(17069098.2).xlsx,2.8 Maintenance,21
ausnet_transmission,2023-24,protection_systems_maintenance::protection_systems,inspection_cycle_years,3.0,years,numeric,3.0,Ausnet Services (ET) 2023-24 - Category Analysis - RIN Response - Consolidated - 26 July 2024 - PUBLIC(17069098.2).xlsx,2.8 Maintenance,21
ausnet_transmission,2023-24,protection_systems_maintenance::protection_systems,maintenance_cycle_years,3.0,years,numeric,3.0,Ausnet Services (ET) 2023-24 - Category Analysis - RIN Response - Consolidated - 26 July 2024 - PUBLIC(17069098.2).xlsx,2.8 Maintenance,21
transgrid,2013-14,transmission_lines_maintenance::transmission_towers,asset_quantity_at_year_end,37650.0,count,numeric,37.65,Copy of D14-00150087(V02) - transgrid (t) 2013-14 - category analysis rin response - templates - consolidated - 31 october 2014 - public.xlsm,2.8 Maintenance,12
transgrid,2013-14,transmission_lines_maintenance::transmission_towers,quantity_inspected_maintained,28150.0,count,numeric,28.15,Copy of D14-00150087(V02) - transgrid (t) 2013-14 - category analysis rin response - templates - consolidated - 31 october 2014 - public.xlsm,2.8 Maintenance,12
transgrid,2013-14,transmission_lines_maintenance::transmission_towers,average_age_of_asset_group,36.01,years,numeric,36.01,Copy of D14-00150087(V02) - transgrid (t) 2013-14 - category analysis rin response - templates - consolidated - 31 october 2014 - public.xlsm,2.8 Maintenance,12
transgrid,2013-14,transmission_lines_maintenance::transmission_towers,inspection_cycle_years,1.8,years,numeric,1.8,Copy of D14-00150087(V02) - transgrid (t) 2013-14 - category analysis rin response - templates - consolidated - 31 october 2014 - public.xlsm,2.8 Maintenance,12
transgrid,2013-14,transmission_lines_maintenance::transmission_towers,maintenance_cycle_years,5.4,years,numeric,5.4,Copy of D14-00150087(V02) - transgrid (t) 2013-14 - category analysis rin response - templates - consolidated - 31 october 2014 - public.xlsm,2.8 Maintenance,12
transgrid,2013-14,transmission_lines_maintenance::transmission_tower_support_structures,asset_quantity_at_year_end,0.0,count,numeric,0.0,Copy of D14-00150087(V02) - transgrid (t) 2013-14 - category analysis rin response - templates - consolidated - 31 october 2014 - public.xlsm,2.8 Maintenance,13
transgrid,2013-14,transmission_lines_maintenance::transmission_tower_support_structures,quantity_inspected_maintained,0.0,count,numeric,0.0,Copy of D14-00150087(V02) - transgrid (t) 2013-14 - category analysis rin response - templates - consolidated - 31 october 2014 - public.xlsm,2.8 Maintenance,13
transgrid,2013-14,transmission_lines_maintenance::transmission_tower_support_structures,average_age_of_asset_group,0.0,years,numeric,0.0,Copy of D14-00150087(V02) - transgrid (t) 2013-14 - category analysis rin response - templates - consolidated - 31 october 2014 - public.xlsm,2.8 Maintenance,13
transgrid,2013-14,transmission_lines_maintenance::transmission_tower_support_structures,inspection_cycle_years,0.0,years,numeric,0.0,Copy of D14-00150087(V02) - transgrid (t) 2013-14 - category analysis rin response - templates - consolidated - 31 october 2014 - public.xlsm,2.8 Maintenance,13
transgrid,2013-14,transmission_lines_maintenance::transmission_tower_support_structures,maintenance_cycle_years,0.0,years,numeric,0.0,Copy of D14-00150087(V02) - transgrid (t) 2013-14 - category analysis rin response - templates - consolidated - 31 october 2014 - public.xlsm,2.8 Maintenance,13
transgrid,2013-14,transmission_lines_maintenance::conductors,asset_quantity_at_year_end,11258.618,km,numeric,11258.618,Copy of D14-00150087(V02) - transgrid (t) 2013-14 - category analysis rin response - templates - consolidated - 31 october 2014 - public.xlsm,2.8 Maintenance,14
transgrid,2013-14,transmission_lines_maintenance::conductors,quantity_inspected_maintained,47.486,km,numeric,47.486,Copy of D14-00150087(V02) - transgrid (t) 2013-14 - category analysis rin response - templates - consolidated - 31 october 2014 - public.xlsm,2.8 Maintenance,14
transgrid,2013-14,transmission_lines_maintenance::conductors,average_age_of_asset_group,36.384,years,numeric,36.384,Copy of D14-00150087(V02) - transgrid (t) 2013-14 - category analysis rin response - templates - consolidated - 31 october 2014 - public.xlsm,2.8 Maintenance,14
transgrid,2013-14,transmission_lines_maintenance::conductors,inspection_cycle_years,7.2,years,numeric,7.2,Copy of D14-00150087(V02) - transgrid (t) 2013-14 - category analysis rin response - templates - consolidated - 31 october 2014 - public.xlsm,2.8 Maintenance,14
transgrid,2013-14,transmission_lines_maintenance::conductors,maintenance_cycle_years,0.0,years,numeric,0.0,Copy of D14-00150087(V02) - transgrid (t) 2013-14 - category analysis rin response - templates - consolidated - 31 october 2014 - public.xlsm,2.8 Maintenance,14
transgrid,2013-14,transmission_lines_maintenance::transmission_cables,asset_quantity_at_year_end,51.437,km,numeric,51.437,Copy of D14-00150087(V02) - transgrid (t) 2013-14 - category analysis rin response - templates - consolidated - 31 october 2014 - public.xlsm,2.8 Maintenance,15
transgrid,2013-14,transmission_lines_maintenance::transmission_cables,quantity_inspected_maintained,51.437,km,numeric,51.437,Copy of D14-00150087(V02) - transgrid (t) 2013-14 - category analysis rin response - templates - consolidated - 31 october 2014 - public.xlsm,2.8 Maintenance,15
transgrid,2013-14,transmission_lines_maintenance::transmission_cables,average_age_of_asset_group,18.889,years,numeric,18.889,Copy of D14-00150087(V02) - transgrid (t) 2013-14 - category analysis rin response - templates - consolidated - 31 october 2014 - public.xlsm,2.8 Maintenance,15
transgrid,2013-14,transmission_lines_maintenance::transmission_cables,inspection_cycle_years,0.003,years,numeric,0.003,Copy of D14-00150087(V02) - transgrid (t) 2013-14 - category analysis rin response - templates - consolidated - 31 october 2014 - public.xlsm,2.8 Maintenance,15
transgrid,2013-14,transmission_lines_maintenance::transmission_cables,maintenance_cycle_years,0.75,years,numeric,0.75,Copy of D14-00150087(V02) - transgrid (t) 2013-14 - category analysis rin response - templates - consolidated - 31 october 2014 - public.xlsm,2.8 Maintenance,15
transgrid,2013-14,substations_equipment_property_maintenance::substation_switchbays,asset_quantity_at_year_end,2338.0,count,numeric,2.338,Copy of D14-00150087(V02) - transgrid (t) 2013-14 - category analysis rin response - templates - consolidated - 31 october 2014 - public.xlsm,2.8 Maintenance,16
transgrid,2013-14,substations_equipment_property_maintenance::substation_switchbays,quantity_inspected_maintained,552.0,count,numeric,0.552,Copy of D14-00150087(V02) - transgrid (t) 2013-14 - category analysis rin response - templates - consolidated - 31 october 2014 - public.xlsm,2.8 Maintenance,16
transgrid,2013-14,substations_equipment_property_maintenance::substation_switchbays,average_age_of_asset_group,25.555603079555176,years,numeric,25.555603079555176,Copy of D14-00150087(V02) - transgrid (t) 2013-14 - category analysis rin response - templates - consolidated - 31 october 2014 - public.xlsm,2.8 Maintenance,16
transgrid,2013-14,substations_equipment_property_maintenance::substation_switchbays,inspection_cycle_years,0.5,years,numeric,0.5,Copy of D14-00150087(V02) - transgrid (t) 2013-14 - category analysis rin response - templates - consolidated - 31 october 2014 - public.xlsm,2.8 Maintenance,16
transgrid,2013-14,substations_equipment_property_maintenance::substation_switchbays,maintenance_cycle_years,4.0,years,numeric,4.0,Copy of D14-00150087(V02) - transgrid (t) 2013-14 - category analysis rin response - templates - consolidated - 31 october 2014 - public.xlsm,2.8 Maintenance,16
transgrid,2013-14,substations_equipment_property_maintenance::substation_power_transformers,asset_quantity_at_year_end,223.0,count,numeric,0.223,Copy of D14-00150087(V02) - transgrid (t) 2013-14 - category analysis rin response - templates - consolidated - 31 october 2014 - public.xlsm,2.8 Maintenance,17
transgrid,2013-14,substations_equipment_property_maintenance::substation_power_transformers,quantity_inspected_maintained,206.0,count,numeric,0.206,Copy of D14-00150087(V02) - transgrid (t) 2013-14 - category analysis rin response - templates - consolidated - 31 october 2014 - public.xlsm,2.8 Maintenance,17
transgrid,2013-14,substations_equipment_property_maintenance::substation_power_transformers,average_age_of_asset_group,20.721973,years,numeric,20.721973,Copy of D14-00150087(V02) - transgrid (t) 2013-14 - category analysis rin response - templates - consolidated - 31 october 2014 - public.xlsm,2.8 Maintenance,17
transgrid,2013-14,substations_equipment_property_maintenance::substation_power_transformers,inspection_cycle_years,0.5,years,numeric,0.5,Copy of D14-00150087(V02) - transgrid (t) 2013-14 - category analysis rin response - templates - consolidated - 31 october 2014 - public.xlsm,2.8 Maintenance,17
transgrid,2013-14,substations_equipment_property_maintenance::substation_power_transformers,maintenance_cycle_years,4.0,years,numeric,4.0,Copy of D14-00150087(V02) - transgrid (t) 2013-14 - category analysis rin response - templates - consolidated - 31 october 2014 - public.xlsm,2.8 Maintenance,17
transgrid,2013-14,substations_equipment_property_maintenance::substation_property,asset_quantity_at_year_end,93.0,count,numeric,0.093,Copy of D14-00150087(V02) - transgrid (t) 2013-14 - category analysis rin response - templates - consolidated - 31 october 2014 - public.xlsm,2.8 Maintenance,18
transgrid,2013-14,substations_equipment_property_maintenance::substation_property,quantity_inspected_maintained,92.0,count,numeric,0.092,Copy of D14-00150087(V02) - transgrid (t) 2013-14 - category analysis rin response - templates - consolidated - 31 october 2014 - public.xlsm,2.8 Maintenance,18
transgrid,2013-14,substations_equipment_property_maintenance::substation_property,average_age_of_asset_group,32.3,years,numeric,32.3,Copy of D14-00150087(V02) - transgrid (t) 2013-14 - category analysis rin response - templates - consolidated - 31 october 2014 - public.xlsm,2.8 Maintenance,18
transgrid,2013-14,substations_equipment_property_maintenance::substation_property,inspection_cycle_years,0.0833333333333333,years,numeric,0.0833333333333333,Copy of D14-00150087(V02) - transgrid (t) 2013-14 - category analysis rin response - templates - consolidated - 31 october 2014 - public.xlsm,2.8 Maintenance,18
transgrid,2013-14,substations_equipment_property_maintenance::substation_property,maintenance_cycle_years,0.25,years,numeric,0.25,Copy of D14-00150087(V02) - transgrid (t) 2013-14 - category analysis rin response - templates - consolidated - 31 october 2014 - public.xlsm,2.8 Maintenance,18
transgrid,2013-14,scada_network_control_maintenance::scada_network_control,asset_quantity_at_year_end,1602.0,count,numeric,1602.0,Copy of D14-00150087(V02) - transgrid (t) 2013-14 - category analysis rin response - templates - consolidated - 31 october 2014 - public.xlsm,2.8 Maintenance,19
transgrid,2013-14,scada_network_control_maintenance::scada_network_control,quantity_inspected_maintained,589.0,count,numeric,589.0,Copy of D14-00150087(V02) - transgrid (t) 2013-14 - category analysis rin response - templates - consolidated - 31 october 2014 - public.xlsm,2.8 Maintenance,19
transgrid,2013-14,scada_network_control_maintenance::scada_network_control,average_age_of_asset_group,7.17,years,numeric,7.17,Copy of D14-00150087(V02) - transgrid (t) 2013-14 - category analysis rin response - templates - consolidated - 31 october 2014 - public.xlsm,2.8 Maintenance,19
transgrid,2013-14,scada_network_control_maintenance::scada_network_control,inspection_cycle_years,0.0,years,numeric,0.0,Copy of D14-00150087(V02) - transgrid (t) 2013-14 - category analysis rin response - templates - consolidated - 31 october 2014 - public.xlsm,2.8 Maintenance,19
transgrid,2013-14,scada_network_control_maintenance::scada_network_control,maintenance_cycle_years,0.0,years,numeric,0.0,Copy of D14-00150087(V02) - transgrid (t) 2013-14 - category analysis rin response - templates - consolidated - 31 october 2014 - public.xlsm,2.8 Maintenance,19
transgrid,2013-14,protection_systems_maintenance::protection_systems,asset_quantity_at_year_end,5749.0,count,numeric,5749.0,Copy of D14-00150087(V02) - transgrid (t) 2013-14 - category analysis rin response - templates - consolidated - 31 october 2014 - public.xlsm,2.8 Maintenance,20
transgrid,2013-14,protection_systems_maintenance::protection_systems,quantity_inspected_maintained,1538.0,count,numeric,1538.0,Copy of D14-00150087(V02) - transgrid (t) 2013-14 - category analysis rin response - templates - consolidated - 31 october 2014 - public.xlsm,2.8 Maintenance,20
transgrid,2013-14,protection_systems_maintenance::protection_systems,average_age_of_asset_group,20.24,years,numeric,20.24,Copy of D14-00150087(V02) - transgrid (t) 2013-14 - category analysis rin response - templates - consolidated - 31 october 2014 - public.xlsm,2.8 Maintenance,20
transgrid,2013-14,protection_systems_maintenance::protection_systems,inspection_cycle_years,0.0,years,numeric,0.0,Copy of D14-00150087(V02) - transgrid (t) 2013-14 - category analysis rin response - templates - consolidated - 31 october 2014 - public.xlsm,2.8 Maintenance,20
transgrid,2013-14,protection_systems_maintenance::protection_systems,maintenance_cycle_years,3.2457,years,numeric,3.2457,Copy of D14-00150087(V02) - transgrid (t) 2013-14 - category analysis rin response - templates - consolidated - 31 october 2014 - public.xlsm,2.8 Maintenance,20
transgrid,2013-14,other_maintenance_activity::telecomms_systems,asset_quantity_at_year_end,2024.0,count,numeric,2024.0,Copy of D14-00150087(V02) - transgrid (t) 2013-14 - category analysis rin response - templates - consolidated - 31 october 2014 - public.xlsm,2.8 Maintenance,21
transgrid,2013-14,other_maintenance_activity::telecomms_systems,quantity_inspected_maintained,1131.0,count,numeric,1131.0,Copy of D14-00150087(V02) - transgrid (t) 2013-14 - category analysis rin response - templates - consolidated - 31 october 2014 - public.xlsm,2.8 Maintenance,21
transgrid,2013-14,other_maintenance_activity::telecomms_systems,average_age_of_asset_group,13.07,years,numeric,13.07,Copy of D14-00150087(V02) - transgrid (t) 2013-14 - category analysis rin response - templates - consolidated - 31 october 2014 - public.xlsm,2.8 Maintenance,21
transgrid,2013-14,other_maintenance_activity::telecomms_systems,inspection_cycle_years,0.36,years,numeric,0.36,Copy of D14-00150087(V02) - transgrid (t) 2013-14 - category analysis rin response - templates - consolidated - 31 october 2014 - public.xlsm,2.8 Maintenance,21
transgrid,2013-14,other_maintenance_activity::telecomms_systems,maintenance_cycle_years,3.0,years,numeric,3.0,Copy of D14-00150087(V02) - transgrid (t) 2013-14 - category analysis rin response - templates - consolidated - 31 october 2014 - public.xlsm,2.8 Maintenance,21
transgrid,2013-14,other_maintenance_activity::metering_systems,asset_quantity_at_year_end,863.0,count,numeric,863.0,Copy of D14-00150087(V02) - transgrid (t) 2013-14 - category analysis rin response - templates - consolidated - 31 october 2014 - public.xlsm,2.8 Maintenance,22
transgrid,2013-14,other_maintenance_activity::metering_systems,quantity_inspected_maintained,889.0,count,numeric,889.0,Copy of D14-00150087(V02) - transgrid (t) 2013-14 - category analysis rin response - templates - consolidated - 31 october 2014 - public.xlsm,2.8 Maintenance,22
transgrid,2013-14,other_maintenance_activity::metering_systems,average_age_of_asset_group,10.76,years,numeric,10.76,Copy of D14-00150087(V02) - transgrid (t) 2013-14 - category analysis rin response - templates - consolidated - 31 october 2014 - public.xlsm,2.8 Maintenance,22
transgrid,2013-14,other_maintenance_activity::metering_systems,inspection_cycle_years,2.5,years,numeric,2.5,Copy of D14-00150087(V02) - transgrid (t) 2013-14 - category analysis rin response - templates - consolidated - 31 october 2014 - public.xlsm,2.8 Maintenance,22
transgrid,2013-14,other_maintenance_activity::metering_systems,maintenance_cycle_years,5.0,years,numeric,5.0,Copy of D14-00150087(V02) - transgrid (t) 2013-14 - category analysis rin response - templates - consolidated - 31 october 2014 - public.xlsm,2.8 Maintenance,22
electranet,2015-16,transmission_lines_maintenance::transmission_towers,asset_quantity_at_year_end,13.253,count,numeric,13.253,Copy of D16 147530(V3)  ElectraNet 2015-16 - Category Analysis RIN Response - Public Version - 31 October 2016 - PUBLIC.xlsm,2.8 Maintenance,12
electranet,2015-16,transmission_lines_maintenance::transmission_towers,quantity_inspected_maintained,13.253,count,numeric,13.253,Copy of D16 147530(V3)  ElectraNet 2015-16 - Category Analysis RIN Response - Public Version - 31 October 2016 - PUBLIC.xlsm,2.8 Maintenance,12
electranet,2015-16,transmission_lines_maintenance::transmission_towers,average_age_of_asset_group,44.3,years,numeric,44.3,Copy of D16 147530(V3)  ElectraNet 2015-16 - Category Analysis RIN Response - Public Version - 31 October 2016 - PUBLIC.xlsm,2.8 Maintenance,12
electranet,2015-16,transmission_lines_maintenance::transmission_towers,inspection_cycle_years,0.5,years,numeric,0.5,Copy of D16 147530(V3)  ElectraNet 2015-16 - Category Analysis RIN Response - Public Version - 31 October 2016 - PUBLIC.xlsm,2.8 Maintenance,12
electranet,2015-16,transmission_lines_maintenance::transmission_towers,maintenance_cycle_years,,years,recognized_special,Nil. Cond mon.&corr mtce,Copy of D16 147530(V3)  ElectraNet 2015-16 - Category Analysis RIN Response - Public Version - 31 October 2016 - PUBLIC.xlsm,2.8 Maintenance,12
electranet,2015-16,transmission_lines_maintenance::transmission_tower_support_structures,asset_quantity_at_year_end,58.668,count,numeric,58.668,Copy of D16 147530(V3)  ElectraNet 2015-16 - Category Analysis RIN Response - Public Version - 31 October 2016 - PUBLIC.xlsm,2.8 Maintenance,13
electranet,2015-16,transmission_lines_maintenance::transmission_tower_support_structures,quantity_inspected_maintained,58.668,count,numeric,58.668,Copy of D16 147530(V3)  ElectraNet 2015-16 - Category Analysis RIN Response - Public Version - 31 October 2016 - PUBLIC.xlsm,2.8 Maintenance,13
electranet,2015-16,transmission_lines_maintenance::transmission_tower_support_structures,average_age_of_asset_group,42.0,years,numeric,42.0,Copy of D16 147530(V3)  ElectraNet 2015-16 - Category Analysis RIN Response - Public Version - 31 October 2016 - PUBLIC.xlsm,2.8 Maintenance,13
electranet,2015-16,transmission_lines_maintenance::transmission_tower_support_structures,inspection_cycle_years,0.5,years,numeric,0.5,Copy of D16 147530(V3)  ElectraNet 2015-16 - Category Analysis RIN Response - Public Version - 31 October 2016 - PUBLIC.xlsm,2.8 Maintenance,13
electranet,2015-16,transmission_lines_maintenance::transmission_tower_support_structures,maintenance_cycle_years,,years,recognized_special,Nil. Cond mon.&corr mtce,Copy of D16 147530(V3)  ElectraNet 2015-16 - Category Analysis RIN Response - Public Version - 31 October 2016 - PUBLIC.xlsm,2.8 Maintenance,13
electranet,2015-16,transmission_lines_maintenance::conductors,asset_quantity_at_year_end,5.497,km,numeric,5.497,Copy of D16 147530(V3)  ElectraNet 2015-16 - Category Analysis RIN Response - Public Version - 31 October 2016 - PUBLIC.xlsm,2.8 Maintenance,14
electranet,2015-16,transmission_lines_maintenance::conductors,quantity_inspected_maintained,5.497,km,numeric,5.497,Copy of D16 147530(V3)  ElectraNet 2015-16 - Category Analysis RIN Response - Public Version - 31 October 2016 - PUBLIC.xlsm,2.8 Maintenance,14
electranet,2015-16,transmission_lines_maintenance::conductors,average_age_of_asset_group,42.7,years,numeric,42.7,Copy of D16 147530(V3)  ElectraNet 2015-16 - Category Analysis RIN Response - Public Version - 31 October 2016 - PUBLIC.xlsm,2.8 Maintenance,14
electranet,2015-16,transmission_lines_maintenance::conductors,inspection_cycle_years,0.5,years,numeric,0.5,Copy of D16 147530(V3)  ElectraNet 2015-16 - Category Analysis RIN Response - Public Version - 31 October 2016 - PUBLIC.xlsm,2.8 Maintenance,14
electranet,2015-16,transmission_lines_maintenance::conductors,maintenance_cycle_years,,years,recognized_special,Nil. Cond mon.&corr mtce,Copy of D16 147530(V3)  ElectraNet 2015-16 - Category Analysis RIN Response - Public Version - 31 October 2016 - PUBLIC.xlsm,2.8 Maintenance,14
electranet,2015-16,transmission_lines_maintenance::transmission_cables,asset_quantity_at_year_end,0.027,km,numeric,0.027,Copy of D16 147530(V3)  ElectraNet 2015-16 - Category Analysis RIN Response - Public Version - 31 October 2016 - PUBLIC.xlsm,2.8 Maintenance,15
electranet,2015-16,transmission_lines_maintenance::transmission_cables,quantity_inspected_maintained,0.027,km,numeric,0.027,Copy of D16 147530(V3)  ElectraNet 2015-16 - Category Analysis RIN Response - Public Version - 31 October 2016 - PUBLIC.xlsm,2.8 Maintenance,15
electranet,2015-16,transmission_lines_maintenance::transmission_cables,average_age_of_asset_group,12.5,years,numeric,12.5,Copy of D16 147530(V3)  ElectraNet 2015-16 - Category Analysis RIN Response - Public Version - 31 October 2016 - PUBLIC.xlsm,2.8 Maintenance,15
electranet,2015-16,transmission_lines_maintenance::transmission_cables,inspection_cycle_years,0.02,years,numeric,0.02,Copy of D16 147530(V3)  ElectraNet 2015-16 - Category Analysis RIN Response - Public Version - 31 October 2016 - PUBLIC.xlsm,2.8 Maintenance,15
electranet,2015-16,transmission_lines_maintenance::transmission_cables,maintenance_cycle_years,,years,recognized_special,Nil. Cond mon.&corr mtce,Copy of D16 147530(V3)  ElectraNet 2015-16 - Category Analysis RIN Response - Public Version - 31 October 2016 - PUBLIC.xlsm,2.8 Maintenance,15
electranet,2015-16,substations_equipment_property_maintenance::substation_switchbays,asset_quantity_at_year_end,1.346,count,numeric,1.346,Copy of D16 147530(V3)  ElectraNet 2015-16 - Category Analysis RIN Response - Public Version - 31 October 2016 - PUBLIC.xlsm,2.8 Maintenance,16
electranet,2015-16,substations_equipment_property_maintenance::substation_switchbays,quantity_inspected_maintained,1.346,count,numeric,1.346,Copy of D16 147530(V3)  ElectraNet 2015-16 - Category Analysis RIN Response - Public Version - 31 October 2016 - PUBLIC.xlsm,2.8 Maintenance,16
electranet,2015-16,substations_equipment_property_maintenance::substation_switchbays,average_age_of_asset_group,22.7,years,numeric,22.7,Copy of D16 147530(V3)  ElectraNet 2015-16 - Category Analysis RIN Response - Public Version - 31 October 2016 - PUBLIC.xlsm,2.8 Maintenance,16
electranet,2015-16,substations_equipment_property_maintenance::substation_switchbays,inspection_cycle_years,0.25,years,numeric,0.25,Copy of D16 147530(V3)  ElectraNet 2015-16 - Category Analysis RIN Response - Public Version - 31 October 2016 - PUBLIC.xlsm,2.8 Maintenance,16
electranet,2015-16,substations_equipment_property_maintenance::substation_switchbays,maintenance_cycle_years,6.0,years,numeric,6,Copy of D16 147530(V3)  ElectraNet 2015-16 - Category Analysis RIN Response - Public Version - 31 October 2016 - PUBLIC.xlsm,2.8 Maintenance,16
electranet,2015-16,substations_equipment_property_maintenance::substation_power_transformers,asset_quantity_at_year_end,0.139,count,numeric,0.139,Copy of D16 147530(V3)  ElectraNet 2015-16 - Category Analysis RIN Response - Public Version - 31 October 2016 - PUBLIC.xlsm,2.8 Maintenance,17
electranet,2015-16,substations_equipment_property_maintenance::substation_power_transformers,quantity_inspected_maintained,0.139,count,numeric,0.139,Copy of D16 147530(V3)  ElectraNet 2015-16 - Category Analysis RIN Response - Public Version - 31 October 2016 - PUBLIC.xlsm,2.8 Maintenance,17
electranet,2015-16,substations_equipment_property_maintenance::substation_power_transformers,average_age_of_asset_group,29.1,years,numeric,29.1,Copy of D16 147530(V3)  ElectraNet 2015-16 - Category Analysis RIN Response - Public Version - 31 October 2016 - PUBLIC.xlsm,2.8 Maintenance,17
electranet,2015-16,substations_equipment_property_maintenance::substation_power_transformers,inspection_cycle_years,0.25,years,numeric,0.25,Copy of D16 147530(V3)  ElectraNet 2015-16 - Category Analysis RIN Response - Public Version - 31 October 2016 - PUBLIC.xlsm,2.8 Maintenance,17
electranet,2015-16,substations_equipment_property_maintenance::substation_power_transformers,maintenance_cycle_years,6.0,years,numeric,6,Copy of D16 147530(V3)  ElectraNet 2015-16 - Category Analysis RIN Response - Public Version - 31 October 2016 - PUBLIC.xlsm,2.8 Maintenance,17
electranet,2015-16,substations_equipment_property_maintenance::substation_property,asset_quantity_at_year_end,0.077,count,numeric,0.077,Copy of D16 147530(V3)  ElectraNet 2015-16 - Category Analysis RIN Response - Public Version - 31 October 2016 - PUBLIC.xlsm,2.8 Maintenance,18
electranet,2015-16,substations_equipment_property_maintenance::substation_property,quantity_inspected_maintained,0.077,count,numeric,0.077,Copy of D16 147530(V3)  ElectraNet 2015-16 - Category Analysis RIN Response - Public Version - 31 October 2016 - PUBLIC.xlsm,2.8 Maintenance,18
electranet,2015-16,substations_equipment_property_maintenance::substation_property,average_age_of_asset_group,37.9,years,numeric,37.9,Copy of D16 147530(V3)  ElectraNet 2015-16 - Category Analysis RIN Response - Public Version - 31 October 2016 - PUBLIC.xlsm,2.8 Maintenance,18
electranet,2015-16,substations_equipment_property_maintenance::substation_property,inspection_cycle_years,0.25,years,numeric,0.25,Copy of D16 147530(V3)  ElectraNet 2015-16 - Category Analysis RIN Response - Public Version - 31 October 2016 - PUBLIC.xlsm,2.8 Maintenance,18
electranet,2015-16,substations_equipment_property_maintenance::substation_property,maintenance_cycle_years,0.5,years,numeric,0.5,Copy of D16 147530(V3)  ElectraNet 2015-16 - Category Analysis RIN Response - Public Version - 31 October 2016 - PUBLIC.xlsm,2.8 Maintenance,18
electranet,2015-16,scada_network_control_maintenance::scada_network_control,asset_quantity_at_year_end,120.0,count,numeric,120.0,Copy of D16 147530(V3)  ElectraNet 2015-16 - Category Analysis RIN Response - Public Version - 31 October 2016 - PUBLIC.xlsm,2.8 Maintenance,19
electranet,2015-16,scada_network_control_maintenance::scada_network_control,quantity_inspected_maintained,120.0,count,numeric,120.0,Copy of D16 147530(V3)  ElectraNet 2015-16 - Category Analysis RIN Response - Public Version - 31 October 2016 - PUBLIC.xlsm,2.8 Maintenance,19
electranet,2015-16,scada_network_control_maintenance::scada_network_control,average_age_of_asset_group,30.0,years,numeric,30.0,Copy of D16 147530(V3)  ElectraNet 2015-16 - Category Analysis RIN Response - Public Version - 31 October 2016 - PUBLIC.xlsm,2.8 Maintenance,19
electranet,2015-16,scada_network_control_maintenance::scada_network_control,inspection_cycle_years,0.5,years,numeric,0.5,Copy of D16 147530(V3)  ElectraNet 2015-16 - Category Analysis RIN Response - Public Version - 31 October 2016 - PUBLIC.xlsm,2.8 Maintenance,19
electranet,2015-16,scada_network_control_maintenance::scada_network_control,maintenance_cycle_years,,years,recognized_special,Nil. Cond mon.&corr mtce,Copy of D16 147530(V3)  ElectraNet 2015-16 - Category Analysis RIN Response - Public Version - 31 October 2016 - PUBLIC.xlsm,2.8 Maintenance,19
electranet,2015-16,protection_systems_maintenance::protection_systems,asset_quantity_at_year_end,1362.0,count,numeric,1362.0,Copy of D16 147530(V3)  ElectraNet 2015-16 - Category Analysis RIN Response - Public Version - 31 October 2016 - PUBLIC.xlsm,2.8 Maintenance,20
electranet,2015-16,protection_systems_maintenance::protection_systems,quantity_inspected_maintained,1362.0,count,numeric,1362.0,Copy of D16 147530(V3)  ElectraNet 2015-16 - Category Analysis RIN Response - Public Version - 31 October 2016 - PUBLIC.xlsm,2.8 Maintenance,20
electranet,2015-16,protection_systems_maintenance::protection_systems,average_age_of_asset_group,13.6,years,numeric,13.6,Copy of D16 147530(V3)  ElectraNet 2015-16 - Category Analysis RIN Response - Public Version - 31 October 2016 - PUBLIC.xlsm,2.8 Maintenance,20
electranet,2015-16,protection_systems_maintenance::protection_systems,inspection_cycle_years,0.25,years,numeric,0.25,Copy of D16 147530(V3)  ElectraNet 2015-16 - Category Analysis RIN Response - Public Version - 31 October 2016 - PUBLIC.xlsm,2.8 Maintenance,20
electranet,2015-16,protection_systems_maintenance::protection_systems,maintenance_cycle_years,4.0,years,numeric,4,Copy of D16 147530(V3)  ElectraNet 2015-16 - Category Analysis RIN Response - Public Version - 31 October 2016 - PUBLIC.xlsm,2.8 Maintenance,20
electranet,2015-16,right_of_way_maintenance::row_maintenance,asset_quantity_at_year_end,4539.0,km,numeric,4.539,Copy of D16 147530(V3)  ElectraNet 2015-16 - Category Analysis RIN Response - Public Version - 31 October 2016 - PUBLIC.xlsm,2.8 Maintenance,21
electranet,2015-16,right_of_way_maintenance::row_maintenance,quantity_inspected_maintained,4539.0,km,numeric,4.539,Copy of D16 147530(V3)  ElectraNet 2015-16 - Category Analysis RIN Response - Public Version - 31 October 2016 - PUBLIC.xlsm,2.8 Maintenance,21
electranet,2015-16,right_of_way_maintenance::row_maintenance,average_age_of_asset_group,42.7,years,numeric,42.7,Copy of D16 147530(V3)  ElectraNet 2015-16 - Category Analysis RIN Response - Public Version - 31 October 2016 - PUBLIC.xlsm,2.8 Maintenance,21
electranet,2015-16,right_of_way_maintenance::row_maintenance,inspection_cycle_years,0.5,years,numeric,0.5,Copy of D16 147530(V3)  ElectraNet 2015-16 - Category Analysis RIN Response - Public Version - 31 October 2016 - PUBLIC.xlsm,2.8 Maintenance,21
electranet,2015-16,right_of_way_maintenance::row_maintenance,maintenance_cycle_years,3.0,years,numeric,3,Copy of D16 147530(V3)  ElectraNet 2015-16 - Category Analysis RIN Response - Public Version - 31 October 2016 - PUBLIC.xlsm,2.8 Maintenance,21
electranet,2016-17,transmission_lines_maintenance::transmission_towers,asset_quantity_at_year_end,13.257,count,numeric,13.257,Copy of D17 153782  ElectraNet 2016-17 - Category Analysis RIN - Template - 31 October 2017 - PUBLIC.xlsm,2.8 Maintenance,12
electranet,2016-17,transmission_lines_maintenance::transmission_towers,quantity_inspected_maintained,13.257,count,numeric,13.257,Copy of D17 153782  ElectraNet 2016-17 - Category Analysis RIN - Template - 31 October 2017 - PUBLIC.xlsm,2.8 Maintenance,12
electranet,2016-17,transmission_lines_maintenance::transmission_towers,average_age_of_asset_group,45.2,years,numeric,45.2,Copy of D17 153782  ElectraNet 2016-17 - Category Analysis RIN - Template - 31 October 2017 - PUBLIC.xlsm,2.8 Maintenance,12
electranet,2016-17,transmission_lines_maintenance::transmission_towers,inspection_cycle_years,0.5,years,numeric,0.5,Copy of D17 153782  ElectraNet 2016-17 - Category Analysis RIN - Template - 31 October 2017 - PUBLIC.xlsm,2.8 Maintenance,12
electranet,2016-17,transmission_lines_maintenance::transmission_towers,maintenance_cycle_years,,years,recognized_special,Nil. Cond mon.&corr mtce,Copy of D17 153782  ElectraNet 2016-17 - Category Analysis RIN - Template - 31 October 2017 - PUBLIC.xlsm,2.8 Maintenance,12
electranet,2016-17,transmission_lines_maintenance::transmission_tower_support_structures,asset_quantity_at_year_end,58.956,count,numeric,58.956,Copy of D17 153782  ElectraNet 2016-17 - Category Analysis RIN - Template - 31 October 2017 - PUBLIC.xlsm,2.8 Maintenance,13
electranet,2016-17,transmission_lines_maintenance::transmission_tower_support_structures,quantity_inspected_maintained,58.956,count,numeric,58.956,Copy of D17 153782  ElectraNet 2016-17 - Category Analysis RIN - Template - 31 October 2017 - PUBLIC.xlsm,2.8 Maintenance,13
electranet,2016-17,transmission_lines_maintenance::transmission_tower_support_structures,average_age_of_asset_group,43.3420447284345,years,numeric,43.3420447284345,Copy of D17 153782  ElectraNet 2016-17 - Category Analysis RIN - Template - 31 October 2017 - PUBLIC.xlsm,2.8 Maintenance,13
electranet,2016-17,transmission_lines_maintenance::transmission_tower_support_structures,inspection_cycle_years,0.5,years,numeric,0.5,Copy of D17 153782  ElectraNet 2016-17 - Category Analysis RIN - Template - 31 October 2017 - PUBLIC.xlsm,2.8 Maintenance,13
electranet,2016-17,transmission_lines_maintenance::transmission_tower_support_structures,maintenance_cycle_years,,years,recognized_special,Nil. Cond mon.&corr mtce,Copy of D17 153782  ElectraNet 2016-17 - Category Analysis RIN - Template - 31 October 2017 - PUBLIC.xlsm,2.8 Maintenance,13
electranet,2016-17,transmission_lines_maintenance::conductors,asset_quantity_at_year_end,5.49237,km,numeric,5.49237,Copy of D17 153782  ElectraNet 2016-17 - Category Analysis RIN - Template - 31 October 2017 - PUBLIC.xlsm,2.8 Maintenance,14
electranet,2016-17,transmission_lines_maintenance::conductors,quantity_inspected_maintained,5.49237,km,numeric,5.49237,Copy of D17 153782  ElectraNet 2016-17 - Category Analysis RIN - Template - 31 October 2017 - PUBLIC.xlsm,2.8 Maintenance,14
electranet,2016-17,transmission_lines_maintenance::conductors,average_age_of_asset_group,43.7,years,numeric,43.7,Copy of D17 153782  ElectraNet 2016-17 - Category Analysis RIN - Template - 31 October 2017 - PUBLIC.xlsm,2.8 Maintenance,14
electranet,2016-17,transmission_lines_maintenance::conductors,inspection_cycle_years,0.5,years,numeric,0.5,Copy of D17 153782  ElectraNet 2016-17 - Category Analysis RIN - Template - 31 October 2017 - PUBLIC.xlsm,2.8 Maintenance,14
electranet,2016-17,transmission_lines_maintenance::conductors,maintenance_cycle_years,,years,recognized_special,Nil. Cond mon.&corr mtce,Copy of D17 153782  ElectraNet 2016-17 - Category Analysis RIN - Template - 31 October 2017 - PUBLIC.xlsm,2.8 Maintenance,14
electranet,2016-17,transmission_lines_maintenance::transmission_cables,asset_quantity_at_year_end,0.027,km,numeric,0.027,Copy of D17 153782  ElectraNet 2016-17 - Category Analysis RIN - Template - 31 October 2017 - PUBLIC.xlsm,2.8 Maintenance,15
electranet,2016-17,transmission_lines_maintenance::transmission_cables,quantity_inspected_maintained,0.027,km,numeric,0.027,Copy of D17 153782  ElectraNet 2016-17 - Category Analysis RIN - Template - 31 October 2017 - PUBLIC.xlsm,2.8 Maintenance,15
electranet,2016-17,transmission_lines_maintenance::transmission_cables,average_age_of_asset_group,13.4,years,numeric,13.4,Copy of D17 153782  ElectraNet 2016-17 - Category Analysis RIN - Template - 31 October 2017 - PUBLIC.xlsm,2.8 Maintenance,15
electranet,2016-17,transmission_lines_maintenance::transmission_cables,inspection_cycle_years,0.02,years,numeric,0.02,Copy of D17 153782  ElectraNet 2016-17 - Category Analysis RIN - Template - 31 October 2017 - PUBLIC.xlsm,2.8 Maintenance,15
electranet,2016-17,transmission_lines_maintenance::transmission_cables,maintenance_cycle_years,,years,recognized_special,Nil. Cond mon.&corr mtce,Copy of D17 153782  ElectraNet 2016-17 - Category Analysis RIN - Template - 31 October 2017 - PUBLIC.xlsm,2.8 Maintenance,15
electranet,2016-17,substations_equipment_property_maintenance::substation_switchbays,asset_quantity_at_year_end,1.467,count,numeric,1.467,Copy of D17 153782  ElectraNet 2016-17 - Category Analysis RIN - Template - 31 October 2017 - PUBLIC.xlsm,2.8 Maintenance,16
electranet,2016-17,substations_equipment_property_maintenance::substation_switchbays,quantity_inspected_maintained,1.467,count,numeric,1.467,Copy of D17 153782  ElectraNet 2016-17 - Category Analysis RIN - Template - 31 October 2017 - PUBLIC.xlsm,2.8 Maintenance,16
electranet,2016-17,substations_equipment_property_maintenance::substation_switchbays,average_age_of_asset_group,24.9,years,numeric,24.9,Copy of D17 153782  ElectraNet 2016-17 - Category Analysis RIN - Template - 31 October 2017 - PUBLIC.xlsm,2.8 Maintenance,16
electranet,2016-17,substations_equipment_property_maintenance::substation_switchbays,inspection_cycle_years,0.25,years,numeric,0.25,Copy of D17 153782  ElectraNet 2016-17 - Category Analysis RIN - Template - 31 October 2017 - PUBLIC.xlsm,2.8 Maintenance,16
electranet,2016-17,substations_equipment_property_maintenance::substation_switchbays,maintenance_cycle_years,6.0,years,numeric,6,Copy of D17 153782  ElectraNet 2016-17 - Category Analysis RIN - Template - 31 October 2017 - PUBLIC.xlsm,2.8 Maintenance,16
electranet,2016-17,substations_equipment_property_maintenance::substation_power_transformers,asset_quantity_at_year_end,0.139,count,numeric,0.139,Copy of D17 153782  ElectraNet 2016-17 - Category Analysis RIN - Template - 31 October 2017 - PUBLIC.xlsm,2.8 Maintenance,17
electranet,2016-17,substations_equipment_property_maintenance::substation_power_transformers,quantity_inspected_maintained,0.139,count,numeric,0.139,Copy of D17 153782  ElectraNet 2016-17 - Category Analysis RIN - Template - 31 October 2017 - PUBLIC.xlsm,2.8 Maintenance,17
electranet,2016-17,substations_equipment_property_maintenance::substation_power_transformers,average_age_of_asset_group,28.2,years,numeric,28.2,Copy of D17 153782  ElectraNet 2016-17 - Category Analysis RIN - Template - 31 October 2017 - PUBLIC.xlsm,2.8 Maintenance,17
electranet,2016-17,substations_equipment_property_maintenance::substation_power_transformers,inspection_cycle_years,0.25,years,numeric,0.25,Copy of D17 153782  ElectraNet 2016-17 - Category Analysis RIN - Template - 31 October 2017 - PUBLIC.xlsm,2.8 Maintenance,17
electranet,2016-17,substations_equipment_property_maintenance::substation_power_transformers,maintenance_cycle_years,6.0,years,numeric,6,Copy of D17 153782  ElectraNet 2016-17 - Category Analysis RIN - Template - 31 October 2017 - PUBLIC.xlsm,2.8 Maintenance,17
electranet,2016-17,substations_equipment_property_maintenance::substation_property,asset_quantity_at_year_end,0.078,count,numeric,0.078,Copy of D17 153782  ElectraNet 2016-17 - Category Analysis RIN - Template - 31 October 2017 - PUBLIC.xlsm,2.8 Maintenance,18
electranet,2016-17,substations_equipment_property_maintenance::substation_property,quantity_inspected_maintained,0.078,count,numeric,0.078,Copy of D17 153782  ElectraNet 2016-17 - Category Analysis RIN - Template - 31 October 2017 - PUBLIC.xlsm,2.8 Maintenance,18
electranet,2016-17,substations_equipment_property_maintenance::substation_property,average_age_of_asset_group,38.4,years,numeric,38.4,Copy of D17 153782  ElectraNet 2016-17 - Category Analysis RIN - Template - 31 October 2017 - PUBLIC.xlsm,2.8 Maintenance,18
electranet,2016-17,substations_equipment_property_maintenance::substation_property,inspection_cycle_years,0.25,years,numeric,0.25,Copy of D17 153782  ElectraNet 2016-17 - Category Analysis RIN - Template - 31 October 2017 - PUBLIC.xlsm,2.8 Maintenance,18
electranet,2016-17,substations_equipment_property_maintenance::substation_property,maintenance_cycle_years,0.5,years,numeric,0.5,Copy of D17 153782  ElectraNet 2016-17 - Category Analysis RIN - Template - 31 October 2017 - PUBLIC.xlsm,2.8 Maintenance,18
electranet,2016-17,scada_network_control_maintenance::scada_network_control,asset_quantity_at_year_end,121.0,count,numeric,121.0,Copy of D17 153782  ElectraNet 2016-17 - Category Analysis RIN - Template - 31 October 2017 - PUBLIC.xlsm,2.8 Maintenance,19
electranet,2016-17,scada_network_control_maintenance::scada_network_control,quantity_inspected_maintained,121.0,count,numeric,121.0,Copy of D17 153782  ElectraNet 2016-17 - Category Analysis RIN - Template - 31 October 2017 - PUBLIC.xlsm,2.8 Maintenance,19
electranet,2016-17,scada_network_control_maintenance::scada_network_control,average_age_of_asset_group,28.9,years,numeric,28.9,Copy of D17 153782  ElectraNet 2016-17 - Category Analysis RIN - Template - 31 October 2017 - PUBLIC.xlsm,2.8 Maintenance,19
electranet,2016-17,scada_network_control_maintenance::scada_network_control,inspection_cycle_years,0.5,years,numeric,0.5,Copy of D17 153782  ElectraNet 2016-17 - Category Analysis RIN - Template - 31 October 2017 - PUBLIC.xlsm,2.8 Maintenance,19
electranet,2016-17,scada_network_control_maintenance::scada_network_control,maintenance_cycle_years,,years,recognized_special,Nil. Cond mon.&corr mtce,Copy of D17 153782  ElectraNet 2016-17 - Category Analysis RIN - Template - 31 October 2017 - PUBLIC.xlsm,2.8 Maintenance,19
electranet,2016-17,protection_systems_maintenance::protection_systems,asset_quantity_at_year_end,1391.0,count,numeric,1391.0,Copy of D17 153782  ElectraNet 2016-17 - Category Analysis RIN - Template - 31 October 2017 - PUBLIC.xlsm,2.8 Maintenance,20
electranet,2016-17,protection_systems_maintenance::protection_systems,quantity_inspected_maintained,1391.0,count,numeric,1391.0,Copy of D17 153782  ElectraNet 2016-17 - Category Analysis RIN - Template - 31 October 2017 - PUBLIC.xlsm,2.8 Maintenance,20
electranet,2016-17,protection_systems_maintenance::protection_systems,average_age_of_asset_group,13.0,years,numeric,13.0,Copy of D17 153782  ElectraNet 2016-17 - Category Analysis RIN - Template - 31 October 2017 - PUBLIC.xlsm,2.8 Maintenance,20
electranet,2016-17,protection_systems_maintenance::protection_systems,inspection_cycle_years,0.25,years,numeric,0.25,Copy of D17 153782  ElectraNet 2016-17 - Category Analysis RIN - Template - 31 October 2017 - PUBLIC.xlsm,2.8 Maintenance,20
electranet,2016-17,protection_systems_maintenance::protection_systems,maintenance_cycle_years,4.0,years,numeric,4,Copy of D17 153782  ElectraNet 2016-17 - Category Analysis RIN - Template - 31 October 2017 - PUBLIC.xlsm,2.8 Maintenance,20
electranet,2016-17,other_maintenance_activity::right_of_way_maintenance,asset_quantity_at_year_end,4536.0,km,numeric,4536.0,Copy of D17 153782  ElectraNet 2016-17 - Category Analysis RIN - Template - 31 October 2017 - PUBLIC.xlsm,2.8 Maintenance,21
electranet,2016-17,other_maintenance_activity::right_of_way_maintenance,quantity_inspected_maintained,4536.0,km,numeric,4536.0,Copy of D17 153782  ElectraNet 2016-17 - Category Analysis RIN - Template - 31 October 2017 - PUBLIC.xlsm,2.8 Maintenance,21
electranet,2016-17,other_maintenance_activity::right_of_way_maintenance,average_age_of_asset_group,43.7,years,numeric,43.7,Copy of D17 153782  ElectraNet 2016-17 - Category Analysis RIN - Template - 31 October 2017 - PUBLIC.xlsm,2.8 Maintenance,21
electranet,2016-17,other_maintenance_activity::right_of_way_maintenance,inspection_cycle_years,0.5,years,numeric,0.5,Copy of D17 153782  ElectraNet 2016-17 - Category Analysis RIN - Template - 31 October 2017 - PUBLIC.xlsm,2.8 Maintenance,21
electranet,2016-17,other_maintenance_activity::right_of_way_maintenance,maintenance_cycle_years,3.0,years,numeric,3,Copy of D17 153782  ElectraNet 2016-17 - Category Analysis RIN - Template - 31 October 2017 - PUBLIC.xlsm,2.8 Maintenance,21
transgrid,2017-18,transmission_lines_maintenance::transmission_towers,asset_quantity_at_year_end,37419.0,count,numeric,37419.0,DORIS - D18-158142 Transgrid 2017-18 - Category Analysis RIN - Templates - Public.XLSM,2.8 Maintenance,12
transgrid,2017-18,transmission_lines_maintenance::transmission_towers,quantity_inspected_maintained,7911.0,count,numeric,7911.0,DORIS - D18-158142 Transgrid 2017-18 - Category Analysis RIN - Templates - Public.XLSM,2.8 Maintenance,12
transgrid,2017-18,transmission_lines_maintenance::transmission_towers,average_age_of_asset_group,38.04250745166311,years,numeric,38.04250745166311,DORIS - D18-158142 Transgrid 2017-18 - Category Analysis RIN - Templates - Public.XLSM,2.8 Maintenance,12
transgrid,2017-18,transmission_lines_maintenance::transmission_towers,inspection_cycle_years,5.040955631399317,years,numeric,5.040955631399317,DORIS - D18-158142 Transgrid 2017-18 - Category Analysis RIN - Templates - Public.XLSM,2.8 Maintenance,12
transgrid,2017-18,transmission_lines_maintenance::transmission_towers,maintenance_cycle_years,5.3489500842998,years,numeric,5.3489500842998,DORIS - D18-158142 Transgrid 2017-18 - Category Analysis RIN - Templates - Public.XLSM,2.8 Maintenance,12
transgrid,2017-18,transmission_lines_maintenance::transmission_tower_support_structures,asset_quantity_at_year_end,0.0,count,numeric,0.0,DORIS - D18-158142 Transgrid 2017-18 - Category Analysis RIN - Templates - Public.XLSM,2.8 Maintenance,13
transgrid,2017-18,transmission_lines_maintenance::transmission_tower_support_structures,quantity_inspected_maintained,0.0,count,numeric,0.0,DORIS - D18-158142 Transgrid 2017-18 - Category Analysis RIN - Templates - Public.XLSM,2.8 Maintenance,13
transgrid,2017-18,transmission_lines_maintenance::transmission_tower_support_structures,average_age_of_asset_group,0.0,years,numeric,0.0,DORIS - D18-158142 Transgrid 2017-18 - Category Analysis RIN - Templates - Public.XLSM,2.8 Maintenance,13
transgrid,2017-18,transmission_lines_maintenance::transmission_tower_support_structures,inspection_cycle_years,0.0,years,numeric,0.0,DORIS - D18-158142 Transgrid 2017-18 - Category Analysis RIN - Templates - Public.XLSM,2.8 Maintenance,13
transgrid,2017-18,transmission_lines_maintenance::transmission_tower_support_structures,maintenance_cycle_years,0.0,years,numeric,0.0,DORIS - D18-158142 Transgrid 2017-18 - Category Analysis RIN - Templates - Public.XLSM,2.8 Maintenance,13
transgrid,2017-18,transmission_lines_maintenance::conductors,asset_quantity_at_year_end,11295.173239571512,km,numeric,11295.173239571512,DORIS - D18-158142 Transgrid 2017-18 - Category Analysis RIN - Templates - Public.XLSM,2.8 Maintenance,14
transgrid,2017-18,transmission_lines_maintenance::conductors,quantity_inspected_maintained,7595.382300091351,km,numeric,7595.382300091351,DORIS - D18-158142 Transgrid 2017-18 - Category Analysis RIN - Templates - Public.XLSM,2.8 Maintenance,14
transgrid,2017-18,transmission_lines_maintenance::conductors,average_age_of_asset_group,41.16846291172276,years,numeric,41.16846291172276,DORIS - D18-158142 Transgrid 2017-18 - Category Analysis RIN - Templates - Public.XLSM,2.8 Maintenance,14
transgrid,2017-18,transmission_lines_maintenance::conductors,inspection_cycle_years,7.618687225915971,years,numeric,7.618687225915971,DORIS - D18-158142 Transgrid 2017-18 - Category Analysis RIN - Templates - Public.XLSM,2.8 Maintenance,14
transgrid,2017-18,transmission_lines_maintenance::conductors,maintenance_cycle_years,0.0,years,numeric,0.0,DORIS - D18-158142 Transgrid 2017-18 - Category Analysis RIN - Templates - Public.XLSM,2.8 Maintenance,14
transgrid,2017-18,transmission_lines_maintenance::transmission_cables,asset_quantity_at_year_end,66.317,km,numeric,66.317,DORIS - D18-158142 Transgrid 2017-18 - Category Analysis RIN - Templates - Public.XLSM,2.8 Maintenance,15
transgrid,2017-18,transmission_lines_maintenance::transmission_cables,quantity_inspected_maintained,66.317,km,numeric,66.317,DORIS - D18-158142 Transgrid 2017-18 - Category Analysis RIN - Templates - Public.XLSM,2.8 Maintenance,15
transgrid,2017-18,transmission_lines_maintenance::transmission_cables,average_age_of_asset_group,19.08129424728668,years,numeric,19.08129424728668,DORIS - D18-158142 Transgrid 2017-18 - Category Analysis RIN - Templates - Public.XLSM,2.8 Maintenance,15
transgrid,2017-18,transmission_lines_maintenance::transmission_cables,inspection_cycle_years,0.0880151581603454,years,numeric,0.0880151581603454,DORIS - D18-158142 Transgrid 2017-18 - Category Analysis RIN - Templates - Public.XLSM,2.8 Maintenance,15
transgrid,2017-18,transmission_lines_maintenance::transmission_cables,maintenance_cycle_years,1.300198080146275,years,numeric,1.300198080146275,DORIS - D18-158142 Transgrid 2017-18 - Category Analysis RIN - Templates - Public.XLSM,2.8 Maintenance,15
transgrid,2017-18,substations_equipment_property_maintenance::substation_switchbays,asset_quantity_at_year_end,2284.0,count,numeric,2284.0,DORIS - D18-158142 Transgrid 2017-18 - Category Analysis RIN - Templates - Public.XLSM,2.8 Maintenance,16
transgrid,2017-18,substations_equipment_property_maintenance::substation_switchbays,quantity_inspected_maintained,434.0,count,numeric,434.0,DORIS - D18-158142 Transgrid 2017-18 - Category Analysis RIN - Templates - Public.XLSM,2.8 Maintenance,16
transgrid,2017-18,substations_equipment_property_maintenance::substation_switchbays,average_age_of_asset_group,30.172504378283712,years,numeric,30.172504378283712,DORIS - D18-158142 Transgrid 2017-18 - Category Analysis RIN - Templates - Public.XLSM,2.8 Maintenance,16
transgrid,2017-18,substations_equipment_property_maintenance::substation_switchbays,inspection_cycle_years,0.5,years,numeric,0.5,DORIS - D18-158142 Transgrid 2017-18 - Category Analysis RIN - Templates - Public.XLSM,2.8 Maintenance,16
transgrid,2017-18,substations_equipment_property_maintenance::substation_switchbays,maintenance_cycle_years,5.223774750012895,years,numeric,5.223774750012895,DORIS - D18-158142 Transgrid 2017-18 - Category Analysis RIN - Templates - Public.XLSM,2.8 Maintenance,16
transgrid,2017-18,substations_equipment_property_maintenance::substation_power_transformers,asset_quantity_at_year_end,217.0,count,numeric,217.0,DORIS - D18-158142 Transgrid 2017-18 - Category Analysis RIN - Templates - Public.XLSM,2.8 Maintenance,17
transgrid,2017-18,substations_equipment_property_maintenance::substation_power_transformers,quantity_inspected_maintained,207.0,count,numeric,207.0,DORIS - D18-158142 Transgrid 2017-18 - Category Analysis RIN - Templates - Public.XLSM,2.8 Maintenance,17
transgrid,2017-18,substations_equipment_property_maintenance::substation_power_transformers,average_age_of_asset_group,21.83410138248848,years,numeric,21.83410138248848,DORIS - D18-158142 Transgrid 2017-18 - Category Analysis RIN - Templates - Public.XLSM,2.8 Maintenance,17
transgrid,2017-18,substations_equipment_property_maintenance::substation_power_transformers,inspection_cycle_years,0.5,years,numeric,0.5,DORIS - D18-158142 Transgrid 2017-18 - Category Analysis RIN - Templates - Public.XLSM,2.8 Maintenance,17
transgrid,2017-18,substations_equipment_property_maintenance::substation_power_transformers,maintenance_cycle_years,4.774193548387097,years,numeric,4.774193548387097,DORIS - D18-158142 Transgrid 2017-18 - Category Analysis RIN - Templates - Public.XLSM,2.8 Maintenance,17
transgrid,2017-18,substations_equipment_property_maintenance::substation_property,asset_quantity_at_year_end,94.0,count,numeric,94.0,DORIS - D18-158142 Transgrid 2017-18 - Category Analysis RIN - Templates - Public.XLSM,2.8 Maintenance,18
transgrid,2017-18,substations_equipment_property_maintenance::substation_property,quantity_inspected_maintained,92.0,count,numeric,92.0,DORIS - D18-158142 Transgrid 2017-18 - Category Analysis RIN - Templates - Public.XLSM,2.8 Maintenance,18
transgrid,2017-18,substations_equipment_property_maintenance::substation_property,average_age_of_asset_group,34.680851063829785,years,numeric,34.680851063829785,DORIS - D18-158142 Transgrid 2017-18 - Category Analysis RIN - Templates - Public.XLSM,2.8 Maintenance,18
transgrid,2017-18,substations_equipment_property_maintenance::substation_property,inspection_cycle_years,0.5851063829787234,years,numeric,0.5851063829787234,DORIS - D18-158142 Transgrid 2017-18 - Category Analysis RIN - Templates - Public.XLSM,2.8 Maintenance,18
transgrid,2017-18,substations_equipment_property_maintenance::substation_property,maintenance_cycle_years,0.25,years,numeric,0.25,DORIS - D18-158142 Transgrid 2017-18 - Category Analysis RIN - Templates - Public.XLSM,2.8 Maintenance,18
transgrid,2017-18,scada_network_control_maintenance::scada_network_control,asset_quantity_at_year_end,1961.0,count,numeric,1961.0,DORIS - D18-158142 Transgrid 2017-18 - Category Analysis RIN - Templates - Public.XLSM,2.8 Maintenance,19
transgrid,2017-18,scada_network_control_maintenance::scada_network_control,quantity_inspected_maintained,98.0,count,numeric,98.0,DORIS - D18-158142 Transgrid 2017-18 - Category Analysis RIN - Templates - Public.XLSM,2.8 Maintenance,19
transgrid,2017-18,scada_network_control_maintenance::scada_network_control,average_age_of_asset_group,7.84,years,numeric,7.84,DORIS - D18-158142 Transgrid 2017-18 - Category Analysis RIN - Templates - Public.XLSM,2.8 Maintenance,19
transgrid,2017-18,scada_network_control_maintenance::scada_network_control,inspection_cycle_years,,years,blank,,DORIS - D18-158142 Transgrid 2017-18 - Category Analysis RIN - Templates - Public.XLSM,2.8 Maintenance,19
transgrid,2017-18,scada_network_control_maintenance::scada_network_control,maintenance_cycle_years,,years,blank,,DORIS - D18-158142 Transgrid 2017-18 - Category Analysis RIN - Templates - Public.XLSM,2.8 Maintenance,19
transgrid,2017-18,protection_systems_maintenance::protection_systems,asset_quantity_at_year_end,3183.0,count,numeric,3183.0,DORIS - D18-158142 Transgrid 2017-18 - Category Analysis RIN - Templates - Public.XLSM,2.8 Maintenance,20
transgrid,2017-18,protection_systems_maintenance::protection_systems,quantity_inspected_maintained,1343.0,count,numeric,1343.0,DORIS - D18-158142 Transgrid 2017-18 - Category Analysis RIN - Templates - Public.XLSM,2.8 Maintenance,20
transgrid,2017-18,protection_systems_maintenance::protection_systems,average_age_of_asset_group,15.15,years,numeric,15.15,DORIS - D18-158142 Transgrid 2017-18 - Category Analysis RIN - Templates - Public.XLSM,2.8 Maintenance,20
transgrid,2017-18,protection_systems_maintenance::protection_systems,inspection_cycle_years,,years,blank,,DORIS - D18-158142 Transgrid 2017-18 - Category Analysis RIN - Templates - Public.XLSM,2.8 Maintenance,20
transgrid,2017-18,protection_systems_maintenance::protection_systems,maintenance_cycle_years,6.24,years,numeric,6.24,DORIS - D18-158142 Transgrid 2017-18 - Category Analysis RIN - Templates - Public.XLSM,2.8 Maintenance,20
transgrid,2017-18,other_maintenance_activity::metering,asset_quantity_at_year_end,837.0,count,numeric,837.0,DORIS - D18-158142 Transgrid 2017-18 - Category Analysis RIN - Templates - Public.XLSM,2.8 Maintenance,21
transgrid,2017-18,other_maintenance_activity::metering,quantity_inspected_maintained,519.0,count,numeric,519.0,DORIS - D18-158142 Transgrid 2017-18 - Category Analysis RIN - Templates - Public.XLSM,2.8 Maintenance,21
transgrid,2017-18,other_maintenance_activity::metering,average_age_of_asset_group,6.39,years,numeric,6.39,DORIS - D18-158142 Transgrid 2017-18 - Category Analysis RIN - Templates - Public.XLSM,2.8 Maintenance,21
transgrid,2017-18,other_maintenance_activity::metering,inspection_cycle_years,2.5,years,numeric,2.5,DORIS - D18-158142 Transgrid 2017-18 - Category Analysis RIN - Templates - Public.XLSM,2.8 Maintenance,21
transgrid,2017-18,other_maintenance_activity::metering,maintenance_cycle_years,5.0,years,numeric,5.0,DORIS - D18-158142 Transgrid 2017-18 - Category Analysis RIN - Templates - Public.XLSM,2.8 Maintenance,21
transgrid,2017-18,other_maintenance_activity::communications,asset_quantity_at_year_end,1918.0,count,numeric,1918.0,DORIS - D18-158142 Transgrid 2017-18 - Category Analysis RIN - Templates - Public.XLSM,2.8 Maintenance,22
transgrid,2017-18,other_maintenance_activity::communications,quantity_inspected_maintained,1352.0,count,numeric,1352.0,DORIS - D18-158142 Transgrid 2017-18 - Category Analysis RIN - Templates - Public.XLSM,2.8 Maintenance,22
transgrid,2017-18,other_maintenance_activity::communications,average_age_of_asset_group,6.07,years,numeric,6.07,DORIS - D18-158142 Transgrid 2017-18 - Category Analysis RIN - Templates - Public.XLSM,2.8 Maintenance,22
transgrid,2017-18,other_maintenance_activity::communications,inspection_cycle_years,0.5,years,numeric,0.5,DORIS - D18-158142 Transgrid 2017-18 - Category Analysis RIN - Templates - Public.XLSM,2.8 Maintenance,22
transgrid,2017-18,other_maintenance_activity::communications,maintenance_cycle_years,3.0,years,numeric,3.0,DORIS - D18-158142 Transgrid 2017-18 - Category Analysis RIN - Templates - Public.XLSM,2.8 Maintenance,22
electranet,2017-18,transmission_lines_maintenance::transmission_towers,asset_quantity_at_year_end,13290.0,count,numeric,13290.0,DORIS - D18-158267 ElectraNet 2017-18 - Category Analysis RIN - Template - Public.XLSM,2.8 Maintenance,12
electranet,2017-18,transmission_lines_maintenance::transmission_towers,quantity_inspected_maintained,13290.0,count,numeric,13290.0,DORIS - D18-158267 ElectraNet 2017-18 - Category Analysis RIN - Template - Public.XLSM,2.8 Maintenance,12
electranet,2017-18,transmission_lines_maintenance::transmission_towers,average_age_of_asset_group,46.1,years,numeric,46.1,DORIS - D18-158267 ElectraNet 2017-18 - Category Analysis RIN - Template - Public.XLSM,2.8 Maintenance,12
electranet,2017-18,transmission_lines_maintenance::transmission_towers,inspection_cycle_years,0.5,years,numeric,0.5,DORIS - D18-158267 ElectraNet 2017-18 - Category Analysis RIN - Template - Public.XLSM,2.8 Maintenance,12
electranet,2017-18,transmission_lines_maintenance::transmission_towers,maintenance_cycle_years,,years,recognized_special,Nil. Cond mon.&corr mtce,DORIS - D18-158267 ElectraNet 2017-18 - Category Analysis RIN - Template - Public.XLSM,2.8 Maintenance,12
electranet,2017-18,transmission_lines_maintenance::transmission_tower_support_structures,asset_quantity_at_year_end,62202.0,count,numeric,62202.0,DORIS - D18-158267 ElectraNet 2017-18 - Category Analysis RIN - Template - Public.XLSM,2.8 Maintenance,13
electranet,2017-18,transmission_lines_maintenance::transmission_tower_support_structures,quantity_inspected_maintained,62202.0,count,numeric,62202.0,DORIS - D18-158267 ElectraNet 2017-18 - Category Analysis RIN - Template - Public.XLSM,2.8 Maintenance,13
electranet,2017-18,transmission_lines_maintenance::transmission_tower_support_structures,average_age_of_asset_group,42.97,years,numeric,42.97,DORIS - D18-158267 ElectraNet 2017-18 - Category Analysis RIN - Template - Public.XLSM,2.8 Maintenance,13
electranet,2017-18,transmission_lines_maintenance::transmission_tower_support_structures,inspection_cycle_years,0.5,years,numeric,0.5,DORIS - D18-158267 ElectraNet 2017-18 - Category Analysis RIN - Template - Public.XLSM,2.8 Maintenance,13
electranet,2017-18,transmission_lines_maintenance::transmission_tower_support_structures,maintenance_cycle_years,,years,recognized_special,Nil. Cond mon.&corr mtce,DORIS - D18-158267 ElectraNet 2017-18 - Category Analysis RIN - Template - Public.XLSM,2.8 Maintenance,13
electranet,2017-18,transmission_lines_maintenance::conductors,asset_quantity_at_year_end,5494.97,km,numeric,5494.97,DORIS - D18-158267 ElectraNet 2017-18 - Category Analysis RIN - Template - Public.XLSM,2.8 Maintenance,14
electranet,2017-18,transmission_lines_maintenance::conductors,quantity_inspected_maintained,5494.97,km,numeric,5494.97,DORIS - D18-158267 ElectraNet 2017-18 - Category Analysis RIN - Template - Public.XLSM,2.8 Maintenance,14
electranet,2017-18,transmission_lines_maintenance::conductors,average_age_of_asset_group,44.7,years,numeric,44.7,DORIS - D18-158267 ElectraNet 2017-18 - Category Analysis RIN - Template - Public.XLSM,2.8 Maintenance,14
electranet,2017-18,transmission_lines_maintenance::conductors,inspection_cycle_years,0.5,years,numeric,0.5,DORIS - D18-158267 ElectraNet 2017-18 - Category Analysis RIN - Template - Public.XLSM,2.8 Maintenance,14
electranet,2017-18,transmission_lines_maintenance::conductors,maintenance_cycle_years,,years,recognized_special,Nil. Cond mon.&corr mtce,DORIS - D18-158267 ElectraNet 2017-18 - Category Analysis RIN - Template - Public.XLSM,2.8 Maintenance,14
electranet,2017-18,transmission_lines_maintenance::transmission_cables,asset_quantity_at_year_end,27.0,km,numeric,27.0,DORIS - D18-158267 ElectraNet 2017-18 - Category Analysis RIN - Template - Public.XLSM,2.8 Maintenance,15
electranet,2017-18,transmission_lines_maintenance::transmission_cables,quantity_inspected_maintained,27.0,km,numeric,27.0,DORIS - D18-158267 ElectraNet 2017-18 - Category Analysis RIN - Template - Public.XLSM,2.8 Maintenance,15
electranet,2017-18,transmission_lines_maintenance::transmission_cables,average_age_of_asset_group,14.2,years,numeric,14.2,DORIS - D18-158267 ElectraNet 2017-18 - Category Analysis RIN - Template - Public.XLSM,2.8 Maintenance,15
electranet,2017-18,transmission_lines_maintenance::transmission_cables,inspection_cycle_years,0.02,years,numeric,0.02,DORIS - D18-158267 ElectraNet 2017-18 - Category Analysis RIN - Template - Public.XLSM,2.8 Maintenance,15
electranet,2017-18,transmission_lines_maintenance::transmission_cables,maintenance_cycle_years,,years,recognized_special,Nil. Cond mon.&corr mtce,DORIS - D18-158267 ElectraNet 2017-18 - Category Analysis RIN - Template - Public.XLSM,2.8 Maintenance,15
electranet,2017-18,substations_equipment_property_maintenance::substation_switchbays,asset_quantity_at_year_end,1604.0,count,numeric,1604.0,DORIS - D18-158267 ElectraNet 2017-18 - Category Analysis RIN - Template - Public.XLSM,2.8 Maintenance,16
electranet,2017-18,substations_equipment_property_maintenance::substation_switchbays,quantity_inspected_maintained,1604.0,count,numeric,1604.0,DORIS - D18-158267 ElectraNet 2017-18 - Category Analysis RIN - Template - Public.XLSM,2.8 Maintenance,16
electranet,2017-18,substations_equipment_property_maintenance::substation_switchbays,average_age_of_asset_group,26.4,years,numeric,26.4,DORIS - D18-158267 ElectraNet 2017-18 - Category Analysis RIN - Template - Public.XLSM,2.8 Maintenance,16
electranet,2017-18,substations_equipment_property_maintenance::substation_switchbays,inspection_cycle_years,0.25,years,numeric,0.25,DORIS - D18-158267 ElectraNet 2017-18 - Category Analysis RIN - Template - Public.XLSM,2.8 Maintenance,16
electranet,2017-18,substations_equipment_property_maintenance::substation_switchbays,maintenance_cycle_years,6.0,years,numeric,6,DORIS - D18-158267 ElectraNet 2017-18 - Category Analysis RIN - Template - Public.XLSM,2.8 Maintenance,16
electranet,2017-18,substations_equipment_property_maintenance::substation_power_transformers,asset_quantity_at_year_end,138.0,count,numeric,138.0,DORIS - D18-158267 ElectraNet 2017-18 - Category Analysis RIN - Template - Public.XLSM,2.8 Maintenance,17
electranet,2017-18,substations_equipment_property_maintenance::substation_power_transformers,quantity_inspected_maintained,138.0,count,numeric,138.0,DORIS - D18-158267 ElectraNet 2017-18 - Category Analysis RIN - Template - Public.XLSM,2.8 Maintenance,17
electranet,2017-18,substations_equipment_property_maintenance::substation_power_transformers,average_age_of_asset_group,27.3,years,numeric,27.3,DORIS - D18-158267 ElectraNet 2017-18 - Category Analysis RIN - Template - Public.XLSM,2.8 Maintenance,17
electranet,2017-18,substations_equipment_property_maintenance::substation_power_transformers,inspection_cycle_years,0.25,years,numeric,0.25,DORIS - D18-158267 ElectraNet 2017-18 - Category Analysis RIN - Template - Public.XLSM,2.8 Maintenance,17
electranet,2017-18,substations_equipment_property_maintenance::substation_power_transformers,maintenance_cycle_years,6.0,years,numeric,6,DORIS - D18-158267 ElectraNet 2017-18 - Category Analysis RIN - Template - Public.XLSM,2.8 Maintenance,17
electranet,2017-18,substations_equipment_property_maintenance::substation_property,asset_quantity_at_year_end,78.0,count,numeric,78.0,DORIS - D18-158267 ElectraNet 2017-18 - Category Analysis RIN - Template - Public.XLSM,2.8 Maintenance,18
electranet,2017-18,substations_equipment_property_maintenance::substation_property,quantity_inspected_maintained,78.0,count,numeric,78.0,DORIS - D18-158267 ElectraNet 2017-18 - Category Analysis RIN - Template - Public.XLSM,2.8 Maintenance,18
electranet,2017-18,substations_equipment_property_maintenance::substation_property,average_age_of_asset_group,38.9,years,numeric,38.9,DORIS - D18-158267 ElectraNet 2017-18 - Category Analysis RIN - Template - Public.XLSM,2.8 Maintenance,18
electranet,2017-18,substations_equipment_property_maintenance::substation_property,inspection_cycle_years,0.25,years,numeric,0.25,DORIS - D18-158267 ElectraNet 2017-18 - Category Analysis RIN - Template - Public.XLSM,2.8 Maintenance,18
electranet,2017-18,substations_equipment_property_maintenance::substation_property,maintenance_cycle_years,0.5,years,numeric,0.5,DORIS - D18-158267 ElectraNet 2017-18 - Category Analysis RIN - Template - Public.XLSM,2.8 Maintenance,18
electranet,2017-18,scada_network_control_maintenance::scada_network_control,asset_quantity_at_year_end,119.0,count,numeric,119.0,DORIS - D18-158267 ElectraNet 2017-18 - Category Analysis RIN - Template - Public.XLSM,2.8 Maintenance,19
electranet,2017-18,scada_network_control_maintenance::scada_network_control,quantity_inspected_maintained,119.0,count,numeric,119.0,DORIS - D18-158267 ElectraNet 2017-18 - Category Analysis RIN - Template - Public.XLSM,2.8 Maintenance,19
electranet,2017-18,scada_network_control_maintenance::scada_network_control,average_age_of_asset_group,28.9,years,numeric,28.9,DORIS - D18-158267 ElectraNet 2017-18 - Category Analysis RIN - Template - Public.XLSM,2.8 Maintenance,19
electranet,2017-18,scada_network_control_maintenance::scada_network_control,inspection_cycle_years,0.5,years,numeric,0.5,DORIS - D18-158267 ElectraNet 2017-18 - Category Analysis RIN - Template - Public.XLSM,2.8 Maintenance,19
electranet,2017-18,scada_network_control_maintenance::scada_network_control,maintenance_cycle_years,,years,recognized_special,Nil. Cond mon.&corr mtce,DORIS - D18-158267 ElectraNet 2017-18 - Category Analysis RIN - Template - Public.XLSM,2.8 Maintenance,19
electranet,2017-18,protection_systems_maintenance::protection_systems,asset_quantity_at_year_end,1437.0,count,numeric,1437.0,DORIS - D18-158267 ElectraNet 2017-18 - Category Analysis RIN - Template - Public.XLSM,2.8 Maintenance,20
electranet,2017-18,protection_systems_maintenance::protection_systems,quantity_inspected_maintained,1437.0,count,numeric,1437.0,DORIS - D18-158267 ElectraNet 2017-18 - Category Analysis RIN - Template - Public.XLSM,2.8 Maintenance,20
electranet,2017-18,protection_systems_maintenance::protection_systems,average_age_of_asset_group,13.2,years,numeric,13.2,DORIS - D18-158267 ElectraNet 2017-18 - Category Analysis RIN - Template - Public.XLSM,2.8 Maintenance,20
electranet,2017-18,protection_systems_maintenance::protection_systems,inspection_cycle_years,0.25,years,numeric,0.25,DORIS - D18-158267 ElectraNet 2017-18 - Category Analysis RIN - Template - Public.XLSM,2.8 Maintenance,20
electranet,2017-18,protection_systems_maintenance::protection_systems,maintenance_cycle_years,4.0,years,numeric,4,DORIS - D18-158267 ElectraNet 2017-18 - Category Analysis RIN - Template - Public.XLSM,2.8 Maintenance,20
electranet,2017-18,right_of_way_maintenance::row_maintenance,asset_quantity_at_year_end,4537.0,km,numeric,4537.0,DORIS - D18-158267 ElectraNet 2017-18 - Category Analysis RIN - Template - Public.XLSM,2.8 Maintenance,22
electranet,2017-18,right_of_way_maintenance::row_maintenance,quantity_inspected_maintained,4537.0,km,numeric,4537.0,DORIS - D18-158267 ElectraNet 2017-18 - Category Analysis RIN - Template - Public.XLSM,2.8 Maintenance,22
electranet,2017-18,right_of_way_maintenance::row_maintenance,average_age_of_asset_group,46.1,years,numeric,46.1,DORIS - D18-158267 ElectraNet 2017-18 - Category Analysis RIN - Template - Public.XLSM,2.8 Maintenance,22
electranet,2017-18,right_of_way_maintenance::row_maintenance,inspection_cycle_years,0.5,years,numeric,0.5,DORIS - D18-158267 ElectraNet 2017-18 - Category Analysis RIN - Template - Public.XLSM,2.8 Maintenance,22
electranet,2017-18,right_of_way_maintenance::row_maintenance,maintenance_cycle_years,3.0,years,numeric,3,DORIS - D18-158267 ElectraNet 2017-18 - Category Analysis RIN - Template - Public.XLSM,2.8 Maintenance,22
electranet,2018-19,transmission_lines_maintenance::transmission_towers,asset_quantity_at_year_end,13215.0,count,numeric,13215.0,ElectraNet 2018-19 - Category Analysis - RIN Response - Consolidated - 31 October 2019 - PUBLIC D19-175655.xlsx,2.8 Maintenance,12
electranet,2018-19,transmission_lines_maintenance::transmission_towers,quantity_inspected_maintained,13215.0,count,numeric,13215.0,ElectraNet 2018-19 - Category Analysis - RIN Response - Consolidated - 31 October 2019 - PUBLIC D19-175655.xlsx,2.8 Maintenance,12
electranet,2018-19,transmission_lines_maintenance::transmission_towers,average_age_of_asset_group,47.5,years,numeric,47.5,ElectraNet 2018-19 - Category Analysis - RIN Response - Consolidated - 31 October 2019 - PUBLIC D19-175655.xlsx,2.8 Maintenance,12
electranet,2018-19,transmission_lines_maintenance::transmission_towers,inspection_cycle_years,0.5,years,numeric,0.5,ElectraNet 2018-19 - Category Analysis - RIN Response - Consolidated - 31 October 2019 - PUBLIC D19-175655.xlsx,2.8 Maintenance,12
electranet,2018-19,transmission_lines_maintenance::transmission_towers,maintenance_cycle_years,,years,recognized_special,Nil. Cond mon.&corr mtce,ElectraNet 2018-19 - Category Analysis - RIN Response - Consolidated - 31 October 2019 - PUBLIC D19-175655.xlsx,2.8 Maintenance,12
electranet,2018-19,transmission_lines_maintenance::transmission_tower_support_structures,asset_quantity_at_year_end,58352.0,count,numeric,58352.0,ElectraNet 2018-19 - Category Analysis - RIN Response - Consolidated - 31 October 2019 - PUBLIC D19-175655.xlsx,2.8 Maintenance,13
electranet,2018-19,transmission_lines_maintenance::transmission_tower_support_structures,quantity_inspected_maintained,58352.0,count,numeric,58352.0,ElectraNet 2018-19 - Category Analysis - RIN Response - Consolidated - 31 October 2019 - PUBLIC D19-175655.xlsx,2.8 Maintenance,13
electranet,2018-19,transmission_lines_maintenance::transmission_tower_support_structures,average_age_of_asset_group,45.04,years,numeric,45.04,ElectraNet 2018-19 - Category Analysis - RIN Response - Consolidated - 31 October 2019 - PUBLIC D19-175655.xlsx,2.8 Maintenance,13
electranet,2018-19,transmission_lines_maintenance::transmission_tower_support_structures,inspection_cycle_years,0.5,years,numeric,0.5,ElectraNet 2018-19 - Category Analysis - RIN Response - Consolidated - 31 October 2019 - PUBLIC D19-175655.xlsx,2.8 Maintenance,13
electranet,2018-19,transmission_lines_maintenance::transmission_tower_support_structures,maintenance_cycle_years,,years,recognized_special,Nil. Cond mon.&corr mtce,ElectraNet 2018-19 - Category Analysis - RIN Response - Consolidated - 31 October 2019 - PUBLIC D19-175655.xlsx,2.8 Maintenance,13
electranet,2018-19,transmission_lines_maintenance::conductors,asset_quantity_at_year_end,5485.47,km,numeric,5485.47,ElectraNet 2018-19 - Category Analysis - RIN Response - Consolidated - 31 October 2019 - PUBLIC D19-175655.xlsx,2.8 Maintenance,14
electranet,2018-19,transmission_lines_maintenance::conductors,quantity_inspected_maintained,5485.47,km,numeric,5485.47,ElectraNet 2018-19 - Category Analysis - RIN Response - Consolidated - 31 October 2019 - PUBLIC D19-175655.xlsx,2.8 Maintenance,14
electranet,2018-19,transmission_lines_maintenance::conductors,average_age_of_asset_group,45.24,years,numeric,45.24,ElectraNet 2018-19 - Category Analysis - RIN Response - Consolidated - 31 October 2019 - PUBLIC D19-175655.xlsx,2.8 Maintenance,14
electranet,2018-19,transmission_lines_maintenance::conductors,inspection_cycle_years,0.5,years,numeric,0.5,ElectraNet 2018-19 - Category Analysis - RIN Response - Consolidated - 31 October 2019 - PUBLIC D19-175655.xlsx,2.8 Maintenance,14
electranet,2018-19,transmission_lines_maintenance::conductors,maintenance_cycle_years,,years,recognized_special,Nil. Cond mon.&corr mtce,ElectraNet 2018-19 - Category Analysis - RIN Response - Consolidated - 31 October 2019 - PUBLIC D19-175655.xlsx,2.8 Maintenance,14
electranet,2018-19,transmission_lines_maintenance::transmission_cables,asset_quantity_at_year_end,27.0,km,numeric,27.0,ElectraNet 2018-19 - Category Analysis - RIN Response - Consolidated - 31 October 2019 - PUBLIC D19-175655.xlsx,2.8 Maintenance,15
electranet,2018-19,transmission_lines_maintenance::transmission_cables,quantity_inspected_maintained,27.0,km,numeric,27.0,ElectraNet 2018-19 - Category Analysis - RIN Response - Consolidated - 31 October 2019 - PUBLIC D19-175655.xlsx,2.8 Maintenance,15
electranet,2018-19,transmission_lines_maintenance::transmission_cables,average_age_of_asset_group,17.4,years,numeric,17.4,ElectraNet 2018-19 - Category Analysis - RIN Response - Consolidated - 31 October 2019 - PUBLIC D19-175655.xlsx,2.8 Maintenance,15
electranet,2018-19,transmission_lines_maintenance::transmission_cables,inspection_cycle_years,0.02,years,numeric,0.02,ElectraNet 2018-19 - Category Analysis - RIN Response - Consolidated - 31 October 2019 - PUBLIC D19-175655.xlsx,2.8 Maintenance,15
electranet,2018-19,transmission_lines_maintenance::transmission_cables,maintenance_cycle_years,,years,recognized_special,Nil. Cond mon.&corr mtce,ElectraNet 2018-19 - Category Analysis - RIN Response - Consolidated - 31 October 2019 - PUBLIC D19-175655.xlsx,2.8 Maintenance,15
electranet,2018-19,substations_equipment_property_maintenance::substation_switchbays,asset_quantity_at_year_end,1612.0,count,numeric,1612.0,ElectraNet 2018-19 - Category Analysis - RIN Response - Consolidated - 31 October 2019 - PUBLIC D19-175655.xlsx,2.8 Maintenance,16
electranet,2018-19,substations_equipment_property_maintenance::substation_switchbays,quantity_inspected_maintained,1612.0,count,numeric,1612.0,ElectraNet 2018-19 - Category Analysis - RIN Response - Consolidated - 31 October 2019 - PUBLIC D19-175655.xlsx,2.8 Maintenance,16
electranet,2018-19,substations_equipment_property_maintenance::substation_switchbays,average_age_of_asset_group,26.9,years,numeric,26.9,ElectraNet 2018-19 - Category Analysis - RIN Response - Consolidated - 31 October 2019 - PUBLIC D19-175655.xlsx,2.8 Maintenance,16
electranet,2018-19,substations_equipment_property_maintenance::substation_switchbays,inspection_cycle_years,0.25,years,numeric,0.25,ElectraNet 2018-19 - Category Analysis - RIN Response - Consolidated - 31 October 2019 - PUBLIC D19-175655.xlsx,2.8 Maintenance,16
electranet,2018-19,substations_equipment_property_maintenance::substation_switchbays,maintenance_cycle_years,6.0,years,numeric,6,ElectraNet 2018-19 - Category Analysis - RIN Response - Consolidated - 31 October 2019 - PUBLIC D19-175655.xlsx,2.8 Maintenance,16
electranet,2018-19,substations_equipment_property_maintenance::substation_power_transformers,asset_quantity_at_year_end,137.0,count,numeric,137.0,ElectraNet 2018-19 - Category Analysis - RIN Response - Consolidated - 31 October 2019 - PUBLIC D19-175655.xlsx,2.8 Maintenance,17
electranet,2018-19,substations_equipment_property_maintenance::substation_power_transformers,quantity_inspected_maintained,137.0,count,numeric,137.0,ElectraNet 2018-19 - Category Analysis - RIN Response - Consolidated - 31 October 2019 - PUBLIC D19-175655.xlsx,2.8 Maintenance,17
electranet,2018-19,substations_equipment_property_maintenance::substation_power_transformers,average_age_of_asset_group,26.9,years,numeric,26.9,ElectraNet 2018-19 - Category Analysis - RIN Response - Consolidated - 31 October 2019 - PUBLIC D19-175655.xlsx,2.8 Maintenance,17
electranet,2018-19,substations_equipment_property_maintenance::substation_power_transformers,inspection_cycle_years,0.25,years,numeric,0.25,ElectraNet 2018-19 - Category Analysis - RIN Response - Consolidated - 31 October 2019 - PUBLIC D19-175655.xlsx,2.8 Maintenance,17
electranet,2018-19,substations_equipment_property_maintenance::substation_power_transformers,maintenance_cycle_years,6.0,years,numeric,6,ElectraNet 2018-19 - Category Analysis - RIN Response - Consolidated - 31 October 2019 - PUBLIC D19-175655.xlsx,2.8 Maintenance,17
electranet,2018-19,substations_equipment_property_maintenance::substation_property,asset_quantity_at_year_end,78.0,count,numeric,78.0,ElectraNet 2018-19 - Category Analysis - RIN Response - Consolidated - 31 October 2019 - PUBLIC D19-175655.xlsx,2.8 Maintenance,18
electranet,2018-19,substations_equipment_property_maintenance::substation_property,quantity_inspected_maintained,78.0,count,numeric,78.0,ElectraNet 2018-19 - Category Analysis - RIN Response - Consolidated - 31 October 2019 - PUBLIC D19-175655.xlsx,2.8 Maintenance,18
electranet,2018-19,substations_equipment_property_maintenance::substation_property,average_age_of_asset_group,39.9,years,numeric,39.9,ElectraNet 2018-19 - Category Analysis - RIN Response - Consolidated - 31 October 2019 - PUBLIC D19-175655.xlsx,2.8 Maintenance,18
electranet,2018-19,substations_equipment_property_maintenance::substation_property,inspection_cycle_years,0.25,years,numeric,0.25,ElectraNet 2018-19 - Category Analysis - RIN Response - Consolidated - 31 October 2019 - PUBLIC D19-175655.xlsx,2.8 Maintenance,18
electranet,2018-19,substations_equipment_property_maintenance::substation_property,maintenance_cycle_years,0.5,years,numeric,0.5,ElectraNet 2018-19 - Category Analysis - RIN Response - Consolidated - 31 October 2019 - PUBLIC D19-175655.xlsx,2.8 Maintenance,18
electranet,2018-19,scada_network_control_maintenance::scada_network_control,asset_quantity_at_year_end,120.0,count,numeric,120.0,ElectraNet 2018-19 - Category Analysis - RIN Response - Consolidated - 31 October 2019 - PUBLIC D19-175655.xlsx,2.8 Maintenance,19
electranet,2018-19,scada_network_control_maintenance::scada_network_control,quantity_inspected_maintained,120.0,count,numeric,120.0,ElectraNet 2018-19 - Category Analysis - RIN Response - Consolidated - 31 October 2019 - PUBLIC D19-175655.xlsx,2.8 Maintenance,19
electranet,2018-19,scada_network_control_maintenance::scada_network_control,average_age_of_asset_group,30.0,years,numeric,30.0,ElectraNet 2018-19 - Category Analysis - RIN Response - Consolidated - 31 October 2019 - PUBLIC D19-175655.xlsx,2.8 Maintenance,19
electranet,2018-19,scada_network_control_maintenance::scada_network_control,inspection_cycle_years,0.5,years,numeric,0.5,ElectraNet 2018-19 - Category Analysis - RIN Response - Consolidated - 31 October 2019 - PUBLIC D19-175655.xlsx,2.8 Maintenance,19
electranet,2018-19,scada_network_control_maintenance::scada_network_control,maintenance_cycle_years,,years,recognized_special,Nil. Cond mon.&corr mtce,ElectraNet 2018-19 - Category Analysis - RIN Response - Consolidated - 31 October 2019 - PUBLIC D19-175655.xlsx,2.8 Maintenance,19
electranet,2018-19,protection_systems_maintenance::protection_systems,asset_quantity_at_year_end,1436.0,count,numeric,1436.0,ElectraNet 2018-19 - Category Analysis - RIN Response - Consolidated - 31 October 2019 - PUBLIC D19-175655.xlsx,2.8 Maintenance,20
electranet,2018-19,protection_systems_maintenance::protection_systems,quantity_inspected_maintained,1436.0,count,numeric,1436.0,ElectraNet 2018-19 - Category Analysis - RIN Response - Consolidated - 31 October 2019 - PUBLIC D19-175655.xlsx,2.8 Maintenance,20
electranet,2018-19,protection_systems_maintenance::protection_systems,average_age_of_asset_group,12.6,years,numeric,12.6,ElectraNet 2018-19 - Category Analysis - RIN Response - Consolidated - 31 October 2019 - PUBLIC D19-175655.xlsx,2.8 Maintenance,20
electranet,2018-19,protection_systems_maintenance::protection_systems,inspection_cycle_years,0.25,years,numeric,0.25,ElectraNet 2018-19 - Category Analysis - RIN Response - Consolidated - 31 October 2019 - PUBLIC D19-175655.xlsx,2.8 Maintenance,20
electranet,2018-19,protection_systems_maintenance::protection_systems,maintenance_cycle_years,4.0,years,numeric,4,ElectraNet 2018-19 - Category Analysis - RIN Response - Consolidated - 31 October 2019 - PUBLIC D19-175655.xlsx,2.8 Maintenance,20
electranet,2018-19,other_maintenance_activity::right_of_way_maintenance,asset_quantity_at_year_end,4526.0,km,numeric,4526.0,ElectraNet 2018-19 - Category Analysis - RIN Response - Consolidated - 31 October 2019 - PUBLIC D19-175655.xlsx,2.8 Maintenance,21
electranet,2018-19,other_maintenance_activity::right_of_way_maintenance,quantity_inspected_maintained,4526.0,km,numeric,4526.0,ElectraNet 2018-19 - Category Analysis - RIN Response - Consolidated - 31 October 2019 - PUBLIC D19-175655.xlsx,2.8 Maintenance,21
electranet,2018-19,other_maintenance_activity::right_of_way_maintenance,average_age_of_asset_group,45.24,years,numeric,45.24,ElectraNet 2018-19 - Category Analysis - RIN Response - Consolidated - 31 October 2019 - PUBLIC D19-175655.xlsx,2.8 Maintenance,21
electranet,2018-19,other_maintenance_activity::right_of_way_maintenance,inspection_cycle_years,0.5,years,numeric,0.5,ElectraNet 2018-19 - Category Analysis - RIN Response - Consolidated - 31 October 2019 - PUBLIC D19-175655.xlsx,2.8 Maintenance,21
electranet,2018-19,other_maintenance_activity::right_of_way_maintenance,maintenance_cycle_years,3.0,years,numeric,3,ElectraNet 2018-19 - Category Analysis - RIN Response - Consolidated - 31 October 2019 - PUBLIC D19-175655.xlsx,2.8 Maintenance,21
electranet,2019-20,transmission_lines_maintenance::transmission_towers,asset_quantity_at_year_end,13250.0,count,numeric,13250.0,ElectraNet 2019-20 - Category Analysis - RIN Response - Consolidated - 30 October 2020 - PUBLIC (#11672792).xlsx,2.8 Maintenance,12
electranet,2019-20,transmission_lines_maintenance::transmission_towers,quantity_inspected_maintained,13250.0,count,numeric,13250.0,ElectraNet 2019-20 - Category Analysis - RIN Response - Consolidated - 30 October 2020 - PUBLIC (#11672792).xlsx,2.8 Maintenance,12
electranet,2019-20,transmission_lines_maintenance::transmission_towers,average_age_of_asset_group,48.3,years,numeric,48.3,ElectraNet 2019-20 - Category Analysis - RIN Response - Consolidated - 30 October 2020 - PUBLIC (#11672792).xlsx,2.8 Maintenance,12
electranet,2019-20,transmission_lines_maintenance::transmission_towers,inspection_cycle_years,0.5,years,numeric,0.5,ElectraNet 2019-20 - Category Analysis - RIN Response - Consolidated - 30 October 2020 - PUBLIC (#11672792).xlsx,2.8 Maintenance,12
electranet,2019-20,transmission_lines_maintenance::transmission_towers,maintenance_cycle_years,,years,recognized_special,Nil. Cond mon.&corr mtce,ElectraNet 2019-20 - Category Analysis - RIN Response - Consolidated - 30 October 2020 - PUBLIC (#11672792).xlsx,2.8 Maintenance,12
electranet,2019-20,transmission_lines_maintenance::transmission_tower_support_structures,asset_quantity_at_year_end,58393.0,count,numeric,58393.0,ElectraNet 2019-20 - Category Analysis - RIN Response - Consolidated - 30 October 2020 - PUBLIC (#11672792).xlsx,2.8 Maintenance,13
electranet,2019-20,transmission_lines_maintenance::transmission_tower_support_structures,quantity_inspected_maintained,58393.0,count,numeric,58393.0,ElectraNet 2019-20 - Category Analysis - RIN Response - Consolidated - 30 October 2020 - PUBLIC (#11672792).xlsx,2.8 Maintenance,13
electranet,2019-20,transmission_lines_maintenance::transmission_tower_support_structures,average_age_of_asset_group,46.0,years,numeric,46.0,ElectraNet 2019-20 - Category Analysis - RIN Response - Consolidated - 30 October 2020 - PUBLIC (#11672792).xlsx,2.8 Maintenance,13
electranet,2019-20,transmission_lines_maintenance::transmission_tower_support_structures,inspection_cycle_years,0.5,years,numeric,0.5,ElectraNet 2019-20 - Category Analysis - RIN Response - Consolidated - 30 October 2020 - PUBLIC (#11672792).xlsx,2.8 Maintenance,13
electranet,2019-20,transmission_lines_maintenance::transmission_tower_support_structures,maintenance_cycle_years,,years,recognized_special,Nil. Cond mon.&corr mtce,ElectraNet 2019-20 - Category Analysis - RIN Response - Consolidated - 30 October 2020 - PUBLIC (#11672792).xlsx,2.8 Maintenance,13
electranet,2019-20,transmission_lines_maintenance::conductors,asset_quantity_at_year_end,5492.5,km,numeric,5492.5,ElectraNet 2019-20 - Category Analysis - RIN Response - Consolidated - 30 October 2020 - PUBLIC (#11672792).xlsx,2.8 Maintenance,14
electranet,2019-20,transmission_lines_maintenance::conductors,quantity_inspected_maintained,5492.5,km,numeric,5492.5,ElectraNet 2019-20 - Category Analysis - RIN Response - Consolidated - 30 October 2020 - PUBLIC (#11672792).xlsx,2.8 Maintenance,14
electranet,2019-20,transmission_lines_maintenance::conductors,average_age_of_asset_group,46.6,years,numeric,46.6,ElectraNet 2019-20 - Category Analysis - RIN Response - Consolidated - 30 October 2020 - PUBLIC (#11672792).xlsx,2.8 Maintenance,14
electranet,2019-20,transmission_lines_maintenance::conductors,inspection_cycle_years,0.5,years,numeric,0.5,ElectraNet 2019-20 - Category Analysis - RIN Response - Consolidated - 30 October 2020 - PUBLIC (#11672792).xlsx,2.8 Maintenance,14
electranet,2019-20,transmission_lines_maintenance::conductors,maintenance_cycle_years,,years,recognized_special,Nil. Cond mon.&corr mtce,ElectraNet 2019-20 - Category Analysis - RIN Response - Consolidated - 30 October 2020 - PUBLIC (#11672792).xlsx,2.8 Maintenance,14
electranet,2019-20,transmission_lines_maintenance::transmission_cables,asset_quantity_at_year_end,0.027,km,numeric,0.027,ElectraNet 2019-20 - Category Analysis - RIN Response - Consolidated - 30 October 2020 - PUBLIC (#11672792).xlsx,2.8 Maintenance,15
electranet,2019-20,transmission_lines_maintenance::transmission_cables,quantity_inspected_maintained,0.027,km,numeric,0.027,ElectraNet 2019-20 - Category Analysis - RIN Response - Consolidated - 30 October 2020 - PUBLIC (#11672792).xlsx,2.8 Maintenance,15
electranet,2019-20,transmission_lines_maintenance::transmission_cables,average_age_of_asset_group,18.0,years,numeric,18.0,ElectraNet 2019-20 - Category Analysis - RIN Response - Consolidated - 30 October 2020 - PUBLIC (#11672792).xlsx,2.8 Maintenance,15
electranet,2019-20,transmission_lines_maintenance::transmission_cables,inspection_cycle_years,0.02,years,numeric,0.02,ElectraNet 2019-20 - Category Analysis - RIN Response - Consolidated - 30 October 2020 - PUBLIC (#11672792).xlsx,2.8 Maintenance,15
electranet,2019-20,transmission_lines_maintenance::transmission_cables,maintenance_cycle_years,,years,recognized_special,Nil. Cond mon.&corr mtce,ElectraNet 2019-20 - Category Analysis - RIN Response - Consolidated - 30 October 2020 - PUBLIC (#11672792).xlsx,2.8 Maintenance,15
electranet,2019-20,substations_equipment_property_maintenance::substation_switchbays,asset_quantity_at_year_end,1622.0,count,numeric,1622.0,ElectraNet 2019-20 - Category Analysis - RIN Response - Consolidated - 30 October 2020 - PUBLIC (#11672792).xlsx,2.8 Maintenance,16
electranet,2019-20,substations_equipment_property_maintenance::substation_switchbays,quantity_inspected_maintained,1622.0,count,numeric,1622.0,ElectraNet 2019-20 - Category Analysis - RIN Response - Consolidated - 30 October 2020 - PUBLIC (#11672792).xlsx,2.8 Maintenance,16
electranet,2019-20,substations_equipment_property_maintenance::substation_switchbays,average_age_of_asset_group,27.9,years,numeric,27.9,ElectraNet 2019-20 - Category Analysis - RIN Response - Consolidated - 30 October 2020 - PUBLIC (#11672792).xlsx,2.8 Maintenance,16
electranet,2019-20,substations_equipment_property_maintenance::substation_switchbays,inspection_cycle_years,0.25,years,numeric,0.25,ElectraNet 2019-20 - Category Analysis - RIN Response - Consolidated - 30 October 2020 - PUBLIC (#11672792).xlsx,2.8 Maintenance,16
electranet,2019-20,substations_equipment_property_maintenance::substation_switchbays,maintenance_cycle_years,6.0,years,numeric,6,ElectraNet 2019-20 - Category Analysis - RIN Response - Consolidated - 30 October 2020 - PUBLIC (#11672792).xlsx,2.8 Maintenance,16
electranet,2019-20,substations_equipment_property_maintenance::substation_power_transformers,asset_quantity_at_year_end,143.0,count,numeric,143.0,ElectraNet 2019-20 - Category Analysis - RIN Response - Consolidated - 30 October 2020 - PUBLIC (#11672792).xlsx,2.8 Maintenance,17
electranet,2019-20,substations_equipment_property_maintenance::substation_power_transformers,quantity_inspected_maintained,143.0,count,numeric,143.0,ElectraNet 2019-20 - Category Analysis - RIN Response - Consolidated - 30 October 2020 - PUBLIC (#11672792).xlsx,2.8 Maintenance,17
electranet,2019-20,substations_equipment_property_maintenance::substation_power_transformers,average_age_of_asset_group,27.0,years,numeric,27.0,ElectraNet 2019-20 - Category Analysis - RIN Response - Consolidated - 30 October 2020 - PUBLIC (#11672792).xlsx,2.8 Maintenance,17
electranet,2019-20,substations_equipment_property_maintenance::substation_power_transformers,inspection_cycle_years,0.25,years,numeric,0.25,ElectraNet 2019-20 - Category Analysis - RIN Response - Consolidated - 30 October 2020 - PUBLIC (#11672792).xlsx,2.8 Maintenance,17
electranet,2019-20,substations_equipment_property_maintenance::substation_power_transformers,maintenance_cycle_years,6.0,years,numeric,6,ElectraNet 2019-20 - Category Analysis - RIN Response - Consolidated - 30 October 2020 - PUBLIC (#11672792).xlsx,2.8 Maintenance,17
electranet,2019-20,substations_equipment_property_maintenance::substation_property,asset_quantity_at_year_end,78.0,count,numeric,78.0,ElectraNet 2019-20 - Category Analysis - RIN Response - Consolidated - 30 October 2020 - PUBLIC (#11672792).xlsx,2.8 Maintenance,18
electranet,2019-20,substations_equipment_property_maintenance::substation_property,quantity_inspected_maintained,78.0,count,numeric,78.0,ElectraNet 2019-20 - Category Analysis - RIN Response - Consolidated - 30 October 2020 - PUBLIC (#11672792).xlsx,2.8 Maintenance,18
electranet,2019-20,substations_equipment_property_maintenance::substation_property,average_age_of_asset_group,40.9,years,numeric,40.9,ElectraNet 2019-20 - Category Analysis - RIN Response - Consolidated - 30 October 2020 - PUBLIC (#11672792).xlsx,2.8 Maintenance,18
electranet,2019-20,substations_equipment_property_maintenance::substation_property,inspection_cycle_years,0.25,years,numeric,0.25,ElectraNet 2019-20 - Category Analysis - RIN Response - Consolidated - 30 October 2020 - PUBLIC (#11672792).xlsx,2.8 Maintenance,18
electranet,2019-20,substations_equipment_property_maintenance::substation_property,maintenance_cycle_years,0.5,years,numeric,0.5,ElectraNet 2019-20 - Category Analysis - RIN Response - Consolidated - 30 October 2020 - PUBLIC (#11672792).xlsx,2.8 Maintenance,18
electranet,2019-20,scada_network_control_maintenance::scada_network_control,asset_quantity_at_year_end,118.0,count,numeric,118.0,ElectraNet 2019-20 - Category Analysis - RIN Response - Consolidated - 30 October 2020 - PUBLIC (#11672792).xlsx,2.8 Maintenance,19
electranet,2019-20,scada_network_control_maintenance::scada_network_control,quantity_inspected_maintained,118.0,count,numeric,118.0,ElectraNet 2019-20 - Category Analysis - RIN Response - Consolidated - 30 October 2020 - PUBLIC (#11672792).xlsx,2.8 Maintenance,19
electranet,2019-20,scada_network_control_maintenance::scada_network_control,average_age_of_asset_group,31.1,years,numeric,31.1,ElectraNet 2019-20 - Category Analysis - RIN Response - Consolidated - 30 October 2020 - PUBLIC (#11672792).xlsx,2.8 Maintenance,19
electranet,2019-20,scada_network_control_maintenance::scada_network_control,inspection_cycle_years,0.5,years,numeric,0.5,ElectraNet 2019-20 - Category Analysis - RIN Response - Consolidated - 30 October 2020 - PUBLIC (#11672792).xlsx,2.8 Maintenance,19
electranet,2019-20,scada_network_control_maintenance::scada_network_control,maintenance_cycle_years,,years,recognized_special,Nil. Cond mon.&corr mtce,ElectraNet 2019-20 - Category Analysis - RIN Response - Consolidated - 30 October 2020 - PUBLIC (#11672792).xlsx,2.8 Maintenance,19
electranet,2019-20,protection_systems_maintenance::protection_systems,asset_quantity_at_year_end,1485.0,count,numeric,1485.0,ElectraNet 2019-20 - Category Analysis - RIN Response - Consolidated - 30 October 2020 - PUBLIC (#11672792).xlsx,2.8 Maintenance,20
electranet,2019-20,protection_systems_maintenance::protection_systems,quantity_inspected_maintained,1485.0,count,numeric,1485.0,ElectraNet 2019-20 - Category Analysis - RIN Response - Consolidated - 30 October 2020 - PUBLIC (#11672792).xlsx,2.8 Maintenance,20
electranet,2019-20,protection_systems_maintenance::protection_systems,average_age_of_asset_group,14.0,years,numeric,14.0,ElectraNet 2019-20 - Category Analysis - RIN Response - Consolidated - 30 October 2020 - PUBLIC (#11672792).xlsx,2.8 Maintenance,20
electranet,2019-20,protection_systems_maintenance::protection_systems,inspection_cycle_years,0.25,years,numeric,0.25,ElectraNet 2019-20 - Category Analysis - RIN Response - Consolidated - 30 October 2020 - PUBLIC (#11672792).xlsx,2.8 Maintenance,20
electranet,2019-20,protection_systems_maintenance::protection_systems,maintenance_cycle_years,4.0,years,numeric,4,ElectraNet 2019-20 - Category Analysis - RIN Response - Consolidated - 30 October 2020 - PUBLIC (#11672792).xlsx,2.8 Maintenance,20
electranet,2019-20,other_maintenance_activity::right_of_way_maintenance,asset_quantity_at_year_end,4531.0,km,numeric,4531.0,ElectraNet 2019-20 - Category Analysis - RIN Response - Consolidated - 30 October 2020 - PUBLIC (#11672792).xlsx,2.8 Maintenance,21
electranet,2019-20,other_maintenance_activity::right_of_way_maintenance,quantity_inspected_maintained,4531.0,km,numeric,4531.0,ElectraNet 2019-20 - Category Analysis - RIN Response - Consolidated - 30 October 2020 - PUBLIC (#11672792).xlsx,2.8 Maintenance,21
electranet,2019-20,other_maintenance_activity::right_of_way_maintenance,average_age_of_asset_group,46.6,years,numeric,46.6,ElectraNet 2019-20 - Category Analysis - RIN Response - Consolidated - 30 October 2020 - PUBLIC (#11672792).xlsx,2.8 Maintenance,21
electranet,2019-20,other_maintenance_activity::right_of_way_maintenance,inspection_cycle_years,0.5,years,numeric,0.5,ElectraNet 2019-20 - Category Analysis - RIN Response - Consolidated - 30 October 2020 - PUBLIC (#11672792).xlsx,2.8 Maintenance,21
electranet,2019-20,other_maintenance_activity::right_of_way_maintenance,maintenance_cycle_years,3.0,years,numeric,3,ElectraNet 2019-20 - Category Analysis - RIN Response - Consolidated - 30 October 2020 - PUBLIC (#11672792).xlsx,2.8 Maintenance,21
electranet,2020-21,transmission_lines_maintenance::transmission_towers,asset_quantity_at_year_end,13193.0,count,numeric,13193.0,ElectraNet 2020-21 - Category Analysis - RIN Response - Consolidated - 29 October 2021 - PUBLIC(13029806.1).xlsx,2.8 Maintenance,12
electranet,2020-21,transmission_lines_maintenance::transmission_towers,quantity_inspected_maintained,13193.0,count,numeric,13193.0,ElectraNet 2020-21 - Category Analysis - RIN Response - Consolidated - 29 October 2021 - PUBLIC(13029806.1).xlsx,2.8 Maintenance,12
electranet,2020-21,transmission_lines_maintenance::transmission_towers,average_age_of_asset_group,48.6,years,numeric,48.6,ElectraNet 2020-21 - Category Analysis - RIN Response - Consolidated - 29 October 2021 - PUBLIC(13029806.1).xlsx,2.8 Maintenance,12
electranet,2020-21,transmission_lines_maintenance::transmission_towers,inspection_cycle_years,0.5,years,numeric,0.5,ElectraNet 2020-21 - Category Analysis - RIN Response - Consolidated - 29 October 2021 - PUBLIC(13029806.1).xlsx,2.8 Maintenance,12
electranet,2020-21,transmission_lines_maintenance::transmission_towers,maintenance_cycle_years,,years,recognized_special,Nil. Cond mon.&corr mtce,ElectraNet 2020-21 - Category Analysis - RIN Response - Consolidated - 29 October 2021 - PUBLIC(13029806.1).xlsx,2.8 Maintenance,12
electranet,2020-21,transmission_lines_maintenance::transmission_tower_support_structures,asset_quantity_at_year_end,58944.0,count,numeric,58944.0,ElectraNet 2020-21 - Category Analysis - RIN Response - Consolidated - 29 October 2021 - PUBLIC(13029806.1).xlsx,2.8 Maintenance,13
electranet,2020-21,transmission_lines_maintenance::transmission_tower_support_structures,quantity_inspected_maintained,58944.0,count,numeric,58944.0,ElectraNet 2020-21 - Category Analysis - RIN Response - Consolidated - 29 October 2021 - PUBLIC(13029806.1).xlsx,2.8 Maintenance,13
electranet,2020-21,transmission_lines_maintenance::transmission_tower_support_structures,average_age_of_asset_group,46.9,years,numeric,46.9,ElectraNet 2020-21 - Category Analysis - RIN Response - Consolidated - 29 October 2021 - PUBLIC(13029806.1).xlsx,2.8 Maintenance,13
electranet,2020-21,transmission_lines_maintenance::transmission_tower_support_structures,inspection_cycle_years,0.5,years,numeric,0.5,ElectraNet 2020-21 - Category Analysis - RIN Response - Consolidated - 29 October 2021 - PUBLIC(13029806.1).xlsx,2.8 Maintenance,13
electranet,2020-21,transmission_lines_maintenance::transmission_tower_support_structures,maintenance_cycle_years,,years,recognized_special,Nil. Cond mon.&corr mtce,ElectraNet 2020-21 - Category Analysis - RIN Response - Consolidated - 29 October 2021 - PUBLIC(13029806.1).xlsx,2.8 Maintenance,13
electranet,2020-21,transmission_lines_maintenance::conductors,asset_quantity_at_year_end,5488.7,km,numeric,5488.7,ElectraNet 2020-21 - Category Analysis - RIN Response - Consolidated - 29 October 2021 - PUBLIC(13029806.1).xlsx,2.8 Maintenance,14
electranet,2020-21,transmission_lines_maintenance::conductors,quantity_inspected_maintained,5488.7,km,numeric,5488.7,ElectraNet 2020-21 - Category Analysis - RIN Response - Consolidated - 29 October 2021 - PUBLIC(13029806.1).xlsx,2.8 Maintenance,14
electranet,2020-21,transmission_lines_maintenance::conductors,average_age_of_asset_group,47.46,years,numeric,47.46,ElectraNet 2020-21 - Category Analysis - RIN Response - Consolidated - 29 October 2021 - PUBLIC(13029806.1).xlsx,2.8 Maintenance,14
electranet,2020-21,transmission_lines_maintenance::conductors,inspection_cycle_years,0.5,years,numeric,0.5,ElectraNet 2020-21 - Category Analysis - RIN Response - Consolidated - 29 October 2021 - PUBLIC(13029806.1).xlsx,2.8 Maintenance,14
electranet,2020-21,transmission_lines_maintenance::conductors,maintenance_cycle_years,,years,recognized_special,Nil. Cond mon.&corr mtce,ElectraNet 2020-21 - Category Analysis - RIN Response - Consolidated - 29 October 2021 - PUBLIC(13029806.1).xlsx,2.8 Maintenance,14
electranet,2020-21,transmission_lines_maintenance::transmission_cables,asset_quantity_at_year_end,27.0,km,numeric,27.0,ElectraNet 2020-21 - Category Analysis - RIN Response - Consolidated - 29 October 2021 - PUBLIC(13029806.1).xlsx,2.8 Maintenance,15
electranet,2020-21,transmission_lines_maintenance::transmission_cables,quantity_inspected_maintained,27.0,km,numeric,27.0,ElectraNet 2020-21 - Category Analysis - RIN Response - Consolidated - 29 October 2021 - PUBLIC(13029806.1).xlsx,2.8 Maintenance,15
electranet,2020-21,transmission_lines_maintenance::transmission_cables,average_age_of_asset_group,19.0,years,numeric,19.0,ElectraNet 2020-21 - Category Analysis - RIN Response - Consolidated - 29 October 2021 - PUBLIC(13029806.1).xlsx,2.8 Maintenance,15
electranet,2020-21,transmission_lines_maintenance::transmission_cables,inspection_cycle_years,0.02,years,numeric,0.02,ElectraNet 2020-21 - Category Analysis - RIN Response - Consolidated - 29 October 2021 - PUBLIC(13029806.1).xlsx,2.8 Maintenance,15
electranet,2020-21,transmission_lines_maintenance::transmission_cables,maintenance_cycle_years,,years,recognized_special,Nil. Cond mon.&corr mtce,ElectraNet 2020-21 - Category Analysis - RIN Response - Consolidated - 29 October 2021 - PUBLIC(13029806.1).xlsx,2.8 Maintenance,15
electranet,2020-21,substations_equipment_property_maintenance::substation_switchbays,asset_quantity_at_year_end,1708.0,count,numeric,1708.0,ElectraNet 2020-21 - Category Analysis - RIN Response - Consolidated - 29 October 2021 - PUBLIC(13029806.1).xlsx,2.8 Maintenance,16
electranet,2020-21,substations_equipment_property_maintenance::substation_switchbays,quantity_inspected_maintained,1708.0,count,numeric,1708.0,ElectraNet 2020-21 - Category Analysis - RIN Response - Consolidated - 29 October 2021 - PUBLIC(13029806.1).xlsx,2.8 Maintenance,16
electranet,2020-21,substations_equipment_property_maintenance::substation_switchbays,average_age_of_asset_group,26.8,years,numeric,26.8,ElectraNet 2020-21 - Category Analysis - RIN Response - Consolidated - 29 October 2021 - PUBLIC(13029806.1).xlsx,2.8 Maintenance,16
electranet,2020-21,substations_equipment_property_maintenance::substation_switchbays,inspection_cycle_years,0.25,years,numeric,0.25,ElectraNet 2020-21 - Category Analysis - RIN Response - Consolidated - 29 October 2021 - PUBLIC(13029806.1).xlsx,2.8 Maintenance,16
electranet,2020-21,substations_equipment_property_maintenance::substation_switchbays,maintenance_cycle_years,6.0,years,numeric,6,ElectraNet 2020-21 - Category Analysis - RIN Response - Consolidated - 29 October 2021 - PUBLIC(13029806.1).xlsx,2.8 Maintenance,16
electranet,2020-21,substations_equipment_property_maintenance::substation_power_transformers,asset_quantity_at_year_end,146.0,count,numeric,146.0,ElectraNet 2020-21 - Category Analysis - RIN Response - Consolidated - 29 October 2021 - PUBLIC(13029806.1).xlsx,2.8 Maintenance,17
electranet,2020-21,substations_equipment_property_maintenance::substation_power_transformers,quantity_inspected_maintained,146.0,count,numeric,146.0,ElectraNet 2020-21 - Category Analysis - RIN Response - Consolidated - 29 October 2021 - PUBLIC(13029806.1).xlsx,2.8 Maintenance,17
electranet,2020-21,substations_equipment_property_maintenance::substation_power_transformers,average_age_of_asset_group,27.0,years,numeric,27.0,ElectraNet 2020-21 - Category Analysis - RIN Response - Consolidated - 29 October 2021 - PUBLIC(13029806.1).xlsx,2.8 Maintenance,17
electranet,2020-21,substations_equipment_property_maintenance::substation_power_transformers,inspection_cycle_years,0.25,years,numeric,0.25,ElectraNet 2020-21 - Category Analysis - RIN Response - Consolidated - 29 October 2021 - PUBLIC(13029806.1).xlsx,2.8 Maintenance,17
electranet,2020-21,substations_equipment_property_maintenance::substation_power_transformers,maintenance_cycle_years,6.0,years,numeric,6,ElectraNet 2020-21 - Category Analysis - RIN Response - Consolidated - 29 October 2021 - PUBLIC(13029806.1).xlsx,2.8 Maintenance,17
electranet,2020-21,substations_equipment_property_maintenance::substation_property,asset_quantity_at_year_end,78.0,count,numeric,78.0,ElectraNet 2020-21 - Category Analysis - RIN Response - Consolidated - 29 October 2021 - PUBLIC(13029806.1).xlsx,2.8 Maintenance,18
electranet,2020-21,substations_equipment_property_maintenance::substation_property,quantity_inspected_maintained,78.0,count,numeric,78.0,ElectraNet 2020-21 - Category Analysis - RIN Response - Consolidated - 29 October 2021 - PUBLIC(13029806.1).xlsx,2.8 Maintenance,18
electranet,2020-21,substations_equipment_property_maintenance::substation_property,average_age_of_asset_group,42.2,years,numeric,42.2,ElectraNet 2020-21 - Category Analysis - RIN Response - Consolidated - 29 October 2021 - PUBLIC(13029806.1).xlsx,2.8 Maintenance,18
electranet,2020-21,substations_equipment_property_maintenance::substation_property,inspection_cycle_years,0.25,years,numeric,0.25,ElectraNet 2020-21 - Category Analysis - RIN Response - Consolidated - 29 October 2021 - PUBLIC(13029806.1).xlsx,2.8 Maintenance,18
electranet,2020-21,substations_equipment_property_maintenance::substation_property,maintenance_cycle_years,0.5,years,numeric,0.5,ElectraNet 2020-21 - Category Analysis - RIN Response - Consolidated - 29 October 2021 - PUBLIC(13029806.1).xlsx,2.8 Maintenance,18
electranet,2020-21,scada_network_control_maintenance::scada_network_control,asset_quantity_at_year_end,118.0,count,numeric,118.0,ElectraNet 2020-21 - Category Analysis - RIN Response - Consolidated - 29 October 2021 - PUBLIC(13029806.1).xlsx,2.8 Maintenance,19
electranet,2020-21,scada_network_control_maintenance::scada_network_control,quantity_inspected_maintained,118.0,count,numeric,118.0,ElectraNet 2020-21 - Category Analysis - RIN Response - Consolidated - 29 October 2021 - PUBLIC(13029806.1).xlsx,2.8 Maintenance,19
electranet,2020-21,scada_network_control_maintenance::scada_network_control,average_age_of_asset_group,32.1,years,numeric,32.1,ElectraNet 2020-21 - Category Analysis - RIN Response - Consolidated - 29 October 2021 - PUBLIC(13029806.1).xlsx,2.8 Maintenance,19
electranet,2020-21,scada_network_control_maintenance::scada_network_control,inspection_cycle_years,0.5,years,numeric,0.5,ElectraNet 2020-21 - Category Analysis - RIN Response - Consolidated - 29 October 2021 - PUBLIC(13029806.1).xlsx,2.8 Maintenance,19
electranet,2020-21,scada_network_control_maintenance::scada_network_control,maintenance_cycle_years,,years,recognized_special,Nil. Cond mon.&corr mtce,ElectraNet 2020-21 - Category Analysis - RIN Response - Consolidated - 29 October 2021 - PUBLIC(13029806.1).xlsx,2.8 Maintenance,19
electranet,2020-21,protection_systems_maintenance::protection_systems,asset_quantity_at_year_end,1521.0,count,numeric,1521.0,ElectraNet 2020-21 - Category Analysis - RIN Response - Consolidated - 29 October 2021 - PUBLIC(13029806.1).xlsx,2.8 Maintenance,20
electranet,2020-21,protection_systems_maintenance::protection_systems,quantity_inspected_maintained,1521.0,count,numeric,1521.0,ElectraNet 2020-21 - Category Analysis - RIN Response - Consolidated - 29 October 2021 - PUBLIC(13029806.1).xlsx,2.8 Maintenance,20
electranet,2020-21,protection_systems_maintenance::protection_systems,average_age_of_asset_group,14.3,years,numeric,14.3,ElectraNet 2020-21 - Category Analysis - RIN Response - Consolidated - 29 October 2021 - PUBLIC(13029806.1).xlsx,2.8 Maintenance,20
electranet,2020-21,protection_systems_maintenance::protection_systems,inspection_cycle_years,0.25,years,numeric,0.25,ElectraNet 2020-21 - Category Analysis - RIN Response - Consolidated - 29 October 2021 - PUBLIC(13029806.1).xlsx,2.8 Maintenance,20
electranet,2020-21,protection_systems_maintenance::protection_systems,maintenance_cycle_years,4.0,years,numeric,4,ElectraNet 2020-21 - Category Analysis - RIN Response - Consolidated - 29 October 2021 - PUBLIC(13029806.1).xlsx,2.8 Maintenance,20
electranet,2020-21,other_maintenance_activity::right_of_way_maintenance,asset_quantity_at_year_end,4527.0,km,numeric,4527.0,ElectraNet 2020-21 - Category Analysis - RIN Response - Consolidated - 29 October 2021 - PUBLIC(13029806.1).xlsx,2.8 Maintenance,21
electranet,2020-21,other_maintenance_activity::right_of_way_maintenance,quantity_inspected_maintained,4527.0,km,numeric,4527.0,ElectraNet 2020-21 - Category Analysis - RIN Response - Consolidated - 29 October 2021 - PUBLIC(13029806.1).xlsx,2.8 Maintenance,21
electranet,2020-21,other_maintenance_activity::right_of_way_maintenance,average_age_of_asset_group,49.8,years,numeric,49.8,ElectraNet 2020-21 - Category Analysis - RIN Response - Consolidated - 29 October 2021 - PUBLIC(13029806.1).xlsx,2.8 Maintenance,21
electranet,2020-21,other_maintenance_activity::right_of_way_maintenance,inspection_cycle_years,0.5,years,numeric,0.5,ElectraNet 2020-21 - Category Analysis - RIN Response - Consolidated - 29 October 2021 - PUBLIC(13029806.1).xlsx,2.8 Maintenance,21
electranet,2020-21,other_maintenance_activity::right_of_way_maintenance,maintenance_cycle_years,3.0,years,numeric,3,ElectraNet 2020-21 - Category Analysis - RIN Response - Consolidated - 29 October 2021 - PUBLIC(13029806.1).xlsx,2.8 Maintenance,21
electranet,2021-22,transmission_lines_maintenance::transmission_towers,asset_quantity_at_year_end,13189.0,count,numeric,13189.0,ElectraNet 2021-22 - Category Analysis - RIN response - 28 October 2022 - PUBLIC(14582813.1).xlsx,2.8 Maintenance,12
electranet,2021-22,transmission_lines_maintenance::transmission_towers,quantity_inspected_maintained,13189.0,count,numeric,13189.0,ElectraNet 2021-22 - Category Analysis - RIN response - 28 October 2022 - PUBLIC(14582813.1).xlsx,2.8 Maintenance,12
electranet,2021-22,transmission_lines_maintenance::transmission_towers,average_age_of_asset_group,49.3,years,numeric,49.3,ElectraNet 2021-22 - Category Analysis - RIN response - 28 October 2022 - PUBLIC(14582813.1).xlsx,2.8 Maintenance,12
electranet,2021-22,transmission_lines_maintenance::transmission_towers,inspection_cycle_years,0.5,years,numeric,0.5,ElectraNet 2021-22 - Category Analysis - RIN response - 28 October 2022 - PUBLIC(14582813.1).xlsx,2.8 Maintenance,12
electranet,2021-22,transmission_lines_maintenance::transmission_towers,maintenance_cycle_years,,years,recognized_special,Nil. Cond mon.&corr mtce,ElectraNet 2021-22 - Category Analysis - RIN response - 28 October 2022 - PUBLIC(14582813.1).xlsx,2.8 Maintenance,12
electranet,2021-22,transmission_lines_maintenance::transmission_tower_support_structures,asset_quantity_at_year_end,59311.0,count,numeric,59311.0,ElectraNet 2021-22 - Category Analysis - RIN response - 28 October 2022 - PUBLIC(14582813.1).xlsx,2.8 Maintenance,13
electranet,2021-22,transmission_lines_maintenance::transmission_tower_support_structures,quantity_inspected_maintained,59311.0,count,numeric,59311.0,ElectraNet 2021-22 - Category Analysis - RIN response - 28 October 2022 - PUBLIC(14582813.1).xlsx,2.8 Maintenance,13
electranet,2021-22,transmission_lines_maintenance::transmission_tower_support_structures,average_age_of_asset_group,47.6,years,numeric,47.6,ElectraNet 2021-22 - Category Analysis - RIN response - 28 October 2022 - PUBLIC(14582813.1).xlsx,2.8 Maintenance,13
electranet,2021-22,transmission_lines_maintenance::transmission_tower_support_structures,inspection_cycle_years,0.5,years,numeric,0.5,ElectraNet 2021-22 - Category Analysis - RIN response - 28 October 2022 - PUBLIC(14582813.1).xlsx,2.8 Maintenance,13
electranet,2021-22,transmission_lines_maintenance::transmission_tower_support_structures,maintenance_cycle_years,,years,recognized_special,Nil. Cond mon.&corr mtce,ElectraNet 2021-22 - Category Analysis - RIN response - 28 October 2022 - PUBLIC(14582813.1).xlsx,2.8 Maintenance,13
electranet,2021-22,transmission_lines_maintenance::conductors,asset_quantity_at_year_end,5491.0,km,numeric,5491.0,ElectraNet 2021-22 - Category Analysis - RIN response - 28 October 2022 - PUBLIC(14582813.1).xlsx,2.8 Maintenance,14
electranet,2021-22,transmission_lines_maintenance::conductors,quantity_inspected_maintained,5491.0,km,numeric,5491.0,ElectraNet 2021-22 - Category Analysis - RIN response - 28 October 2022 - PUBLIC(14582813.1).xlsx,2.8 Maintenance,14
electranet,2021-22,transmission_lines_maintenance::conductors,average_age_of_asset_group,48.1,years,numeric,48.1,ElectraNet 2021-22 - Category Analysis - RIN response - 28 October 2022 - PUBLIC(14582813.1).xlsx,2.8 Maintenance,14
electranet,2021-22,transmission_lines_maintenance::conductors,inspection_cycle_years,0.5,years,numeric,0.5,ElectraNet 2021-22 - Category Analysis - RIN response - 28 October 2022 - PUBLIC(14582813.1).xlsx,2.8 Maintenance,14
electranet,2021-22,transmission_lines_maintenance::conductors,maintenance_cycle_years,,years,recognized_special,Nil. Cond mon.&corr mtce,ElectraNet 2021-22 - Category Analysis - RIN response - 28 October 2022 - PUBLIC(14582813.1).xlsx,2.8 Maintenance,14
electranet,2021-22,transmission_lines_maintenance::transmission_cables,asset_quantity_at_year_end,27.0,km,numeric,27.0,ElectraNet 2021-22 - Category Analysis - RIN response - 28 October 2022 - PUBLIC(14582813.1).xlsx,2.8 Maintenance,15
electranet,2021-22,transmission_lines_maintenance::transmission_cables,quantity_inspected_maintained,27.0,km,numeric,27.0,ElectraNet 2021-22 - Category Analysis - RIN response - 28 October 2022 - PUBLIC(14582813.1).xlsx,2.8 Maintenance,15
electranet,2021-22,transmission_lines_maintenance::transmission_cables,average_age_of_asset_group,20.0,years,numeric,20.0,ElectraNet 2021-22 - Category Analysis - RIN response - 28 October 2022 - PUBLIC(14582813.1).xlsx,2.8 Maintenance,15
electranet,2021-22,transmission_lines_maintenance::transmission_cables,inspection_cycle_years,0.02,years,numeric,0.02,ElectraNet 2021-22 - Category Analysis - RIN response - 28 October 2022 - PUBLIC(14582813.1).xlsx,2.8 Maintenance,15
electranet,2021-22,transmission_lines_maintenance::transmission_cables,maintenance_cycle_years,,years,recognized_special,Nil. Cond mon.&corr mtce,ElectraNet 2021-22 - Category Analysis - RIN response - 28 October 2022 - PUBLIC(14582813.1).xlsx,2.8 Maintenance,15
electranet,2021-22,substations_equipment_property_maintenance::substation_switchbays,asset_quantity_at_year_end,1738.0,count,numeric,1738.0,ElectraNet 2021-22 - Category Analysis - RIN response - 28 October 2022 - PUBLIC(14582813.1).xlsx,2.8 Maintenance,16
electranet,2021-22,substations_equipment_property_maintenance::substation_switchbays,quantity_inspected_maintained,1738.0,count,numeric,1738.0,ElectraNet 2021-22 - Category Analysis - RIN response - 28 October 2022 - PUBLIC(14582813.1).xlsx,2.8 Maintenance,16
electranet,2021-22,substations_equipment_property_maintenance::substation_switchbays,average_age_of_asset_group,27.3,years,numeric,27.3,ElectraNet 2021-22 - Category Analysis - RIN response - 28 October 2022 - PUBLIC(14582813.1).xlsx,2.8 Maintenance,16
electranet,2021-22,substations_equipment_property_maintenance::substation_switchbays,inspection_cycle_years,0.25,years,numeric,0.25,ElectraNet 2021-22 - Category Analysis - RIN response - 28 October 2022 - PUBLIC(14582813.1).xlsx,2.8 Maintenance,16
electranet,2021-22,substations_equipment_property_maintenance::substation_switchbays,maintenance_cycle_years,6.0,years,numeric,6,ElectraNet 2021-22 - Category Analysis - RIN response - 28 October 2022 - PUBLIC(14582813.1).xlsx,2.8 Maintenance,16
electranet,2021-22,substations_equipment_property_maintenance::substation_power_transformers,asset_quantity_at_year_end,146.0,count,numeric,146.0,ElectraNet 2021-22 - Category Analysis - RIN response - 28 October 2022 - PUBLIC(14582813.1).xlsx,2.8 Maintenance,17
electranet,2021-22,substations_equipment_property_maintenance::substation_power_transformers,quantity_inspected_maintained,146.0,count,numeric,146.0,ElectraNet 2021-22 - Category Analysis - RIN response - 28 October 2022 - PUBLIC(14582813.1).xlsx,2.8 Maintenance,17
electranet,2021-22,substations_equipment_property_maintenance::substation_power_transformers,average_age_of_asset_group,28.0,years,numeric,28.0,ElectraNet 2021-22 - Category Analysis - RIN response - 28 October 2022 - PUBLIC(14582813.1).xlsx,2.8 Maintenance,17
electranet,2021-22,substations_equipment_property_maintenance::substation_power_transformers,inspection_cycle_years,0.25,years,numeric,0.25,ElectraNet 2021-22 - Category Analysis - RIN response - 28 October 2022 - PUBLIC(14582813.1).xlsx,2.8 Maintenance,17
electranet,2021-22,substations_equipment_property_maintenance::substation_power_transformers,maintenance_cycle_years,6.0,years,numeric,6,ElectraNet 2021-22 - Category Analysis - RIN response - 28 October 2022 - PUBLIC(14582813.1).xlsx,2.8 Maintenance,17
electranet,2021-22,substations_equipment_property_maintenance::substation_property,asset_quantity_at_year_end,77.0,count,numeric,77.0,ElectraNet 2021-22 - Category Analysis - RIN response - 28 October 2022 - PUBLIC(14582813.1).xlsx,2.8 Maintenance,18
electranet,2021-22,substations_equipment_property_maintenance::substation_property,quantity_inspected_maintained,77.0,count,numeric,77.0,ElectraNet 2021-22 - Category Analysis - RIN response - 28 October 2022 - PUBLIC(14582813.1).xlsx,2.8 Maintenance,18
electranet,2021-22,substations_equipment_property_maintenance::substation_property,average_age_of_asset_group,42.9,years,numeric,42.9,ElectraNet 2021-22 - Category Analysis - RIN response - 28 October 2022 - PUBLIC(14582813.1).xlsx,2.8 Maintenance,18
electranet,2021-22,substations_equipment_property_maintenance::substation_property,inspection_cycle_years,0.25,years,numeric,0.25,ElectraNet 2021-22 - Category Analysis - RIN response - 28 October 2022 - PUBLIC(14582813.1).xlsx,2.8 Maintenance,18
electranet,2021-22,substations_equipment_property_maintenance::substation_property,maintenance_cycle_years,0.5,years,numeric,0.5,ElectraNet 2021-22 - Category Analysis - RIN response - 28 October 2022 - PUBLIC(14582813.1).xlsx,2.8 Maintenance,18
electranet,2021-22,scada_network_control_maintenance::scada_network_control,asset_quantity_at_year_end,118.0,count,numeric,118.0,ElectraNet 2021-22 - Category Analysis - RIN response - 28 October 2022 - PUBLIC(14582813.1).xlsx,2.8 Maintenance,19
electranet,2021-22,scada_network_control_maintenance::scada_network_control,quantity_inspected_maintained,118.0,count,numeric,118.0,ElectraNet 2021-22 - Category Analysis - RIN response - 28 October 2022 - PUBLIC(14582813.1).xlsx,2.8 Maintenance,19
electranet,2021-22,scada_network_control_maintenance::scada_network_control,average_age_of_asset_group,33.1,years,numeric,33.1,ElectraNet 2021-22 - Category Analysis - RIN response - 28 October 2022 - PUBLIC(14582813.1).xlsx,2.8 Maintenance,19
electranet,2021-22,scada_network_control_maintenance::scada_network_control,inspection_cycle_years,0.5,years,numeric,0.5,ElectraNet 2021-22 - Category Analysis - RIN response - 28 October 2022 - PUBLIC(14582813.1).xlsx,2.8 Maintenance,19
electranet,2021-22,scada_network_control_maintenance::scada_network_control,maintenance_cycle_years,,years,recognized_special,Nil. Cond mon.&corr mtce,ElectraNet 2021-22 - Category Analysis - RIN response - 28 October 2022 - PUBLIC(14582813.1).xlsx,2.8 Maintenance,19
electranet,2021-22,protection_systems_maintenance::protection_systems,asset_quantity_at_year_end,1545.0,count,numeric,1545.0,ElectraNet 2021-22 - Category Analysis - RIN response - 28 October 2022 - PUBLIC(14582813.1).xlsx,2.8 Maintenance,20
electranet,2021-22,protection_systems_maintenance::protection_systems,quantity_inspected_maintained,1545.0,count,numeric,1545.0,ElectraNet 2021-22 - Category Analysis - RIN response - 28 October 2022 - PUBLIC(14582813.1).xlsx,2.8 Maintenance,20
electranet,2021-22,protection_systems_maintenance::protection_systems,average_age_of_asset_group,14.7,years,numeric,14.7,ElectraNet 2021-22 - Category Analysis - RIN response - 28 October 2022 - PUBLIC(14582813.1).xlsx,2.8 Maintenance,20
electranet,2021-22,protection_systems_maintenance::protection_systems,inspection_cycle_years,0.25,years,numeric,0.25,ElectraNet 2021-22 - Category Analysis - RIN response - 28 October 2022 - PUBLIC(14582813.1).xlsx,2.8 Maintenance,20
electranet,2021-22,protection_systems_maintenance::protection_systems,maintenance_cycle_years,4.0,years,numeric,4,ElectraNet 2021-22 - Category Analysis - RIN response - 28 October 2022 - PUBLIC(14582813.1).xlsx,2.8 Maintenance,20
electranet,2021-22,other_maintenance_activity::right_of_way_maintenance,asset_quantity_at_year_end,4509.8,km,numeric,4509.8,ElectraNet 2021-22 - Category Analysis - RIN response - 28 October 2022 - PUBLIC(14582813.1).xlsx,2.8 Maintenance,21
electranet,2021-22,other_maintenance_activity::right_of_way_maintenance,quantity_inspected_maintained,4509.8,km,numeric,4509.8,ElectraNet 2021-22 - Category Analysis - RIN response - 28 October 2022 - PUBLIC(14582813.1).xlsx,2.8 Maintenance,21
electranet,2021-22,other_maintenance_activity::right_of_way_maintenance,average_age_of_asset_group,50.6,years,numeric,50.6,ElectraNet 2021-22 - Category Analysis - RIN response - 28 October 2022 - PUBLIC(14582813.1).xlsx,2.8 Maintenance,21
electranet,2021-22,other_maintenance_activity::right_of_way_maintenance,inspection_cycle_years,0.5,years,numeric,0.5,ElectraNet 2021-22 - Category Analysis - RIN response - 28 October 2022 - PUBLIC(14582813.1).xlsx,2.8 Maintenance,21
electranet,2021-22,other_maintenance_activity::right_of_way_maintenance,maintenance_cycle_years,3.0,years,numeric,3,ElectraNet 2021-22 - Category Analysis - RIN response - 28 October 2022 - PUBLIC(14582813.1).xlsx,2.8 Maintenance,21
electranet,2022-23,transmission_lines_maintenance::transmission_towers,asset_quantity_at_year_end,13699.0,count,numeric,13699.0,ElectraNet 2022-23 - Category analysis - RIN responses - Consolidated - 27 October 2023 - PUBLIC(15999621.1).xlsx,2.8 Maintenance,12
electranet,2022-23,transmission_lines_maintenance::transmission_towers,quantity_inspected_maintained,13699.0,count,numeric,13699.0,ElectraNet 2022-23 - Category analysis - RIN responses - Consolidated - 27 October 2023 - PUBLIC(15999621.1).xlsx,2.8 Maintenance,12
electranet,2022-23,transmission_lines_maintenance::transmission_towers,average_age_of_asset_group,48.7,years,numeric,48.7,ElectraNet 2022-23 - Category analysis - RIN responses - Consolidated - 27 October 2023 - PUBLIC(15999621.1).xlsx,2.8 Maintenance,12
electranet,2022-23,transmission_lines_maintenance::transmission_towers,inspection_cycle_years,0.5,years,numeric,0.5,ElectraNet 2022-23 - Category analysis - RIN responses - Consolidated - 27 October 2023 - PUBLIC(15999621.1).xlsx,2.8 Maintenance,12
electranet,2022-23,transmission_lines_maintenance::transmission_towers,maintenance_cycle_years,,years,recognized_special,Nil. Cond mon.&corr mtce,ElectraNet 2022-23 - Category analysis - RIN responses - Consolidated - 27 October 2023 - PUBLIC(15999621.1).xlsx,2.8 Maintenance,12
electranet,2022-23,transmission_lines_maintenance::transmission_tower_support_structures,asset_quantity_at_year_end,61006.0,count,numeric,61006.0,ElectraNet 2022-23 - Category analysis - RIN responses - Consolidated - 27 October 2023 - PUBLIC(15999621.1).xlsx,2.8 Maintenance,13
electranet,2022-23,transmission_lines_maintenance::transmission_tower_support_structures,quantity_inspected_maintained,61006.0,count,numeric,61006.0,ElectraNet 2022-23 - Category analysis - RIN responses - Consolidated - 27 October 2023 - PUBLIC(15999621.1).xlsx,2.8 Maintenance,13
electranet,2022-23,transmission_lines_maintenance::transmission_tower_support_structures,average_age_of_asset_group,45.38,years,numeric,45.38,ElectraNet 2022-23 - Category analysis - RIN responses - Consolidated - 27 October 2023 - PUBLIC(15999621.1).xlsx,2.8 Maintenance,13
electranet,2022-23,transmission_lines_maintenance::transmission_tower_support_structures,inspection_cycle_years,0.5,years,numeric,0.5,ElectraNet 2022-23 - Category analysis - RIN responses - Consolidated - 27 October 2023 - PUBLIC(15999621.1).xlsx,2.8 Maintenance,13
electranet,2022-23,transmission_lines_maintenance::transmission_tower_support_structures,maintenance_cycle_years,,years,recognized_special,Nil. Cond mon.&corr mtce,ElectraNet 2022-23 - Category analysis - RIN responses - Consolidated - 27 October 2023 - PUBLIC(15999621.1).xlsx,2.8 Maintenance,13
electranet,2022-23,transmission_lines_maintenance::conductors,asset_quantity_at_year_end,6014.67,km,numeric,6014.67,ElectraNet 2022-23 - Category analysis - RIN responses - Consolidated - 27 October 2023 - PUBLIC(15999621.1).xlsx,2.8 Maintenance,14
electranet,2022-23,transmission_lines_maintenance::conductors,quantity_inspected_maintained,6014.67,km,numeric,6014.67,ElectraNet 2022-23 - Category analysis - RIN responses - Consolidated - 27 October 2023 - PUBLIC(15999621.1).xlsx,2.8 Maintenance,14
electranet,2022-23,transmission_lines_maintenance::conductors,average_age_of_asset_group,46.36,years,numeric,46.36,ElectraNet 2022-23 - Category analysis - RIN responses - Consolidated - 27 October 2023 - PUBLIC(15999621.1).xlsx,2.8 Maintenance,14
electranet,2022-23,transmission_lines_maintenance::conductors,inspection_cycle_years,0.5,years,numeric,0.5,ElectraNet 2022-23 - Category analysis - RIN responses - Consolidated - 27 October 2023 - PUBLIC(15999621.1).xlsx,2.8 Maintenance,14
electranet,2022-23,transmission_lines_maintenance::conductors,maintenance_cycle_years,,years,recognized_special,Nil. Cond mon.&corr mtce,ElectraNet 2022-23 - Category analysis - RIN responses - Consolidated - 27 October 2023 - PUBLIC(15999621.1).xlsx,2.8 Maintenance,14
electranet,2022-23,transmission_lines_maintenance::transmission_cables,asset_quantity_at_year_end,27.0,km,numeric,27.0,ElectraNet 2022-23 - Category analysis - RIN responses - Consolidated - 27 October 2023 - PUBLIC(15999621.1).xlsx,2.8 Maintenance,15
electranet,2022-23,transmission_lines_maintenance::transmission_cables,quantity_inspected_maintained,27.0,km,numeric,27.0,ElectraNet 2022-23 - Category analysis - RIN responses - Consolidated - 27 October 2023 - PUBLIC(15999621.1).xlsx,2.8 Maintenance,15
electranet,2022-23,transmission_lines_maintenance::transmission_cables,average_age_of_asset_group,21.0,years,numeric,21.0,ElectraNet 2022-23 - Category analysis - RIN responses - Consolidated - 27 October 2023 - PUBLIC(15999621.1).xlsx,2.8 Maintenance,15
electranet,2022-23,transmission_lines_maintenance::transmission_cables,inspection_cycle_years,0.02,years,numeric,0.02,ElectraNet 2022-23 - Category analysis - RIN responses - Consolidated - 27 October 2023 - PUBLIC(15999621.1).xlsx,2.8 Maintenance,15
electranet,2022-23,transmission_lines_maintenance::transmission_cables,maintenance_cycle_years,,years,recognized_special,Nil. Cond mon.&corr mtce,ElectraNet 2022-23 - Category analysis - RIN responses - Consolidated - 27 October 2023 - PUBLIC(15999621.1).xlsx,2.8 Maintenance,15
electranet,2022-23,substations_equipment_property_maintenance::substation_switchbays,asset_quantity_at_year_end,1761.0,count,numeric,1761.0,ElectraNet 2022-23 - Category analysis - RIN responses - Consolidated - 27 October 2023 - PUBLIC(15999621.1).xlsx,2.8 Maintenance,16
electranet,2022-23,substations_equipment_property_maintenance::substation_switchbays,quantity_inspected_maintained,1761.0,count,numeric,1761.0,ElectraNet 2022-23 - Category analysis - RIN responses - Consolidated - 27 October 2023 - PUBLIC(15999621.1).xlsx,2.8 Maintenance,16
electranet,2022-23,substations_equipment_property_maintenance::substation_switchbays,average_age_of_asset_group,28.3,years,numeric,28.3,ElectraNet 2022-23 - Category analysis - RIN responses - Consolidated - 27 October 2023 - PUBLIC(15999621.1).xlsx,2.8 Maintenance,16
electranet,2022-23,substations_equipment_property_maintenance::substation_switchbays,inspection_cycle_years,0.25,years,numeric,0.25,ElectraNet 2022-23 - Category analysis - RIN responses - Consolidated - 27 October 2023 - PUBLIC(15999621.1).xlsx,2.8 Maintenance,16
electranet,2022-23,substations_equipment_property_maintenance::substation_switchbays,maintenance_cycle_years,6.0,years,numeric,6,ElectraNet 2022-23 - Category analysis - RIN responses - Consolidated - 27 October 2023 - PUBLIC(15999621.1).xlsx,2.8 Maintenance,16
electranet,2022-23,substations_equipment_property_maintenance::substation_power_transformers,asset_quantity_at_year_end,147.0,count,numeric,147.0,ElectraNet 2022-23 - Category analysis - RIN responses - Consolidated - 27 October 2023 - PUBLIC(15999621.1).xlsx,2.8 Maintenance,17
electranet,2022-23,substations_equipment_property_maintenance::substation_power_transformers,quantity_inspected_maintained,147.0,count,numeric,147.0,ElectraNet 2022-23 - Category analysis - RIN responses - Consolidated - 27 October 2023 - PUBLIC(15999621.1).xlsx,2.8 Maintenance,17
electranet,2022-23,substations_equipment_property_maintenance::substation_power_transformers,average_age_of_asset_group,28.9,years,numeric,28.9,ElectraNet 2022-23 - Category analysis - RIN responses - Consolidated - 27 October 2023 - PUBLIC(15999621.1).xlsx,2.8 Maintenance,17
electranet,2022-23,substations_equipment_property_maintenance::substation_power_transformers,inspection_cycle_years,0.25,years,numeric,0.25,ElectraNet 2022-23 - Category analysis - RIN responses - Consolidated - 27 October 2023 - PUBLIC(15999621.1).xlsx,2.8 Maintenance,17
electranet,2022-23,substations_equipment_property_maintenance::substation_power_transformers,maintenance_cycle_years,6.0,years,numeric,6,ElectraNet 2022-23 - Category analysis - RIN responses - Consolidated - 27 October 2023 - PUBLIC(15999621.1).xlsx,2.8 Maintenance,17
electranet,2022-23,substations_equipment_property_maintenance::substation_property,asset_quantity_at_year_end,77.0,count,numeric,77.0,ElectraNet 2022-23 - Category analysis - RIN responses - Consolidated - 27 October 2023 - PUBLIC(15999621.1).xlsx,2.8 Maintenance,18
electranet,2022-23,substations_equipment_property_maintenance::substation_property,quantity_inspected_maintained,77.0,count,numeric,77.0,ElectraNet 2022-23 - Category analysis - RIN responses - Consolidated - 27 October 2023 - PUBLIC(15999621.1).xlsx,2.8 Maintenance,18
electranet,2022-23,substations_equipment_property_maintenance::substation_property,average_age_of_asset_group,44.0,years,numeric,44.0,ElectraNet 2022-23 - Category analysis - RIN responses - Consolidated - 27 October 2023 - PUBLIC(15999621.1).xlsx,2.8 Maintenance,18
electranet,2022-23,substations_equipment_property_maintenance::substation_property,inspection_cycle_years,0.25,years,numeric,0.25,ElectraNet 2022-23 - Category analysis - RIN responses - Consolidated - 27 October 2023 - PUBLIC(15999621.1).xlsx,2.8 Maintenance,18
electranet,2022-23,substations_equipment_property_maintenance::substation_property,maintenance_cycle_years,0.5,years,numeric,0.5,ElectraNet 2022-23 - Category analysis - RIN responses - Consolidated - 27 October 2023 - PUBLIC(15999621.1).xlsx,2.8 Maintenance,18
electranet,2022-23,scada_network_control_maintenance::scada_network_control,asset_quantity_at_year_end,122.0,count,numeric,122.0,ElectraNet 2022-23 - Category analysis - RIN responses - Consolidated - 27 October 2023 - PUBLIC(15999621.1).xlsx,2.8 Maintenance,19
electranet,2022-23,scada_network_control_maintenance::scada_network_control,quantity_inspected_maintained,122.0,count,numeric,122.0,ElectraNet 2022-23 - Category analysis - RIN responses - Consolidated - 27 October 2023 - PUBLIC(15999621.1).xlsx,2.8 Maintenance,19
electranet,2022-23,scada_network_control_maintenance::scada_network_control,average_age_of_asset_group,33.1,years,numeric,33.1,ElectraNet 2022-23 - Category analysis - RIN responses - Consolidated - 27 October 2023 - PUBLIC(15999621.1).xlsx,2.8 Maintenance,19
electranet,2022-23,scada_network_control_maintenance::scada_network_control,inspection_cycle_years,0.5,years,numeric,0.5,ElectraNet 2022-23 - Category analysis - RIN responses - Consolidated - 27 October 2023 - PUBLIC(15999621.1).xlsx,2.8 Maintenance,19
electranet,2022-23,scada_network_control_maintenance::scada_network_control,maintenance_cycle_years,,years,recognized_special,Nil. Cond mon.&corr mtce,ElectraNet 2022-23 - Category analysis - RIN responses - Consolidated - 27 October 2023 - PUBLIC(15999621.1).xlsx,2.8 Maintenance,19
electranet,2022-23,protection_systems_maintenance::protection_systems,asset_quantity_at_year_end,1624.0,count,numeric,1624.0,ElectraNet 2022-23 - Category analysis - RIN responses - Consolidated - 27 October 2023 - PUBLIC(15999621.1).xlsx,2.8 Maintenance,20
electranet,2022-23,protection_systems_maintenance::protection_systems,quantity_inspected_maintained,1624.0,count,numeric,1624.0,ElectraNet 2022-23 - Category analysis - RIN responses - Consolidated - 27 October 2023 - PUBLIC(15999621.1).xlsx,2.8 Maintenance,20
electranet,2022-23,protection_systems_maintenance::protection_systems,average_age_of_asset_group,14.3,years,numeric,14.3,ElectraNet 2022-23 - Category analysis - RIN responses - Consolidated - 27 October 2023 - PUBLIC(15999621.1).xlsx,2.8 Maintenance,20
electranet,2022-23,protection_systems_maintenance::protection_systems,inspection_cycle_years,0.25,years,numeric,0.25,ElectraNet 2022-23 - Category analysis - RIN responses - Consolidated - 27 October 2023 - PUBLIC(15999621.1).xlsx,2.8 Maintenance,20
electranet,2022-23,protection_systems_maintenance::protection_systems,maintenance_cycle_years,4.0,years,numeric,4,ElectraNet 2022-23 - Category analysis - RIN responses - Consolidated - 27 October 2023 - PUBLIC(15999621.1).xlsx,2.8 Maintenance,20
electranet,2022-23,other_maintenance_activity::right_of_way_maintenance,asset_quantity_at_year_end,4773.2,km,numeric,4773.2,ElectraNet 2022-23 - Category analysis - RIN responses - Consolidated - 27 October 2023 - PUBLIC(15999621.1).xlsx,2.8 Maintenance,21
electranet,2022-23,other_maintenance_activity::right_of_way_maintenance,quantity_inspected_maintained,4773.2,km,numeric,4773.2,ElectraNet 2022-23 - Category analysis - RIN responses - Consolidated - 27 October 2023 - PUBLIC(15999621.1).xlsx,2.8 Maintenance,21
electranet,2022-23,other_maintenance_activity::right_of_way_maintenance,average_age_of_asset_group,49.8,years,numeric,49.8,ElectraNet 2022-23 - Category analysis - RIN responses - Consolidated - 27 October 2023 - PUBLIC(15999621.1).xlsx,2.8 Maintenance,21
electranet,2022-23,other_maintenance_activity::right_of_way_maintenance,inspection_cycle_years,0.5,years,numeric,0.5,ElectraNet 2022-23 - Category analysis - RIN responses - Consolidated - 27 October 2023 - PUBLIC(15999621.1).xlsx,2.8 Maintenance,21
electranet,2022-23,other_maintenance_activity::right_of_way_maintenance,maintenance_cycle_years,3.0,years,numeric,3,ElectraNet 2022-23 - Category analysis - RIN responses - Consolidated - 27 October 2023 - PUBLIC(15999621.1).xlsx,2.8 Maintenance,21
electranet,2023-24,transmission_lines_maintenance::transmission_towers,asset_quantity_at_year_end,13578.0,count,numeric,13578.0,ElectraNet 2023-24 - Category Analysis - RIN response - Consolidated - 31 October 2024 - PUBLIC(17494700.2).xlsx,2.8 Maintenance,13
electranet,2023-24,transmission_lines_maintenance::transmission_towers,quantity_inspected_maintained,13578.0,count,numeric,13578.0,ElectraNet 2023-24 - Category Analysis - RIN response - Consolidated - 31 October 2024 - PUBLIC(17494700.2).xlsx,2.8 Maintenance,13
electranet,2023-24,transmission_lines_maintenance::transmission_towers,average_age_of_asset_group,47.9,years,numeric,47.9,ElectraNet 2023-24 - Category Analysis - RIN response - Consolidated - 31 October 2024 - PUBLIC(17494700.2).xlsx,2.8 Maintenance,13
electranet,2023-24,transmission_lines_maintenance::transmission_towers,inspection_cycle_years,0.5,years,numeric,0.5,ElectraNet 2023-24 - Category Analysis - RIN response - Consolidated - 31 October 2024 - PUBLIC(17494700.2).xlsx,2.8 Maintenance,13
electranet,2023-24,transmission_lines_maintenance::transmission_towers,maintenance_cycle_years,,years,blank,,ElectraNet 2023-24 - Category Analysis - RIN response - Consolidated - 31 October 2024 - PUBLIC(17494700.2).xlsx,2.8 Maintenance,13
electranet,2023-24,transmission_lines_maintenance::transmission_tower_support_structures,asset_quantity_at_year_end,63115.0,count,numeric,63115.0,ElectraNet 2023-24 - Category Analysis - RIN response - Consolidated - 31 October 2024 - PUBLIC(17494700.2).xlsx,2.8 Maintenance,14
electranet,2023-24,transmission_lines_maintenance::transmission_tower_support_structures,quantity_inspected_maintained,63115.0,count,numeric,63115.0,ElectraNet 2023-24 - Category Analysis - RIN response - Consolidated - 31 October 2024 - PUBLIC(17494700.2).xlsx,2.8 Maintenance,14
electranet,2023-24,transmission_lines_maintenance::transmission_tower_support_structures,average_age_of_asset_group,43.96,years,numeric,43.96,ElectraNet 2023-24 - Category Analysis - RIN response - Consolidated - 31 October 2024 - PUBLIC(17494700.2).xlsx,2.8 Maintenance,14
electranet,2023-24,transmission_lines_maintenance::transmission_tower_support_structures,inspection_cycle_years,0.5,years,numeric,0.5,ElectraNet 2023-24 - Category Analysis - RIN response - Consolidated - 31 October 2024 - PUBLIC(17494700.2).xlsx,2.8 Maintenance,14
electranet,2023-24,transmission_lines_maintenance::transmission_tower_support_structures,maintenance_cycle_years,,years,blank,,ElectraNet 2023-24 - Category Analysis - RIN response - Consolidated - 31 October 2024 - PUBLIC(17494700.2).xlsx,2.8 Maintenance,14
electranet,2023-24,transmission_lines_maintenance::conductors,asset_quantity_at_year_end,6211.59,km,numeric,6211.59,ElectraNet 2023-24 - Category Analysis - RIN response - Consolidated - 31 October 2024 - PUBLIC(17494700.2).xlsx,2.8 Maintenance,15
electranet,2023-24,transmission_lines_maintenance::conductors,quantity_inspected_maintained,6211.59,km,numeric,6211.59,ElectraNet 2023-24 - Category Analysis - RIN response - Consolidated - 31 October 2024 - PUBLIC(17494700.2).xlsx,2.8 Maintenance,15
electranet,2023-24,transmission_lines_maintenance::conductors,average_age_of_asset_group,44.95,years,numeric,44.95,ElectraNet 2023-24 - Category Analysis - RIN response - Consolidated - 31 October 2024 - PUBLIC(17494700.2).xlsx,2.8 Maintenance,15
electranet,2023-24,transmission_lines_maintenance::conductors,inspection_cycle_years,0.5,years,numeric,0.5,ElectraNet 2023-24 - Category Analysis - RIN response - Consolidated - 31 October 2024 - PUBLIC(17494700.2).xlsx,2.8 Maintenance,15
electranet,2023-24,transmission_lines_maintenance::conductors,maintenance_cycle_years,,years,blank,,ElectraNet 2023-24 - Category Analysis - RIN response - Consolidated - 31 October 2024 - PUBLIC(17494700.2).xlsx,2.8 Maintenance,15
electranet,2023-24,transmission_lines_maintenance::transmission_cables,asset_quantity_at_year_end,27.0,km,numeric,27.0,ElectraNet 2023-24 - Category Analysis - RIN response - Consolidated - 31 October 2024 - PUBLIC(17494700.2).xlsx,2.8 Maintenance,16
electranet,2023-24,transmission_lines_maintenance::transmission_cables,quantity_inspected_maintained,27.0,km,numeric,27.0,ElectraNet 2023-24 - Category Analysis - RIN response - Consolidated - 31 October 2024 - PUBLIC(17494700.2).xlsx,2.8 Maintenance,16
electranet,2023-24,transmission_lines_maintenance::transmission_cables,average_age_of_asset_group,22.0,years,numeric,22.0,ElectraNet 2023-24 - Category Analysis - RIN response - Consolidated - 31 October 2024 - PUBLIC(17494700.2).xlsx,2.8 Maintenance,16
electranet,2023-24,transmission_lines_maintenance::transmission_cables,inspection_cycle_years,0.02,years,numeric,0.02,ElectraNet 2023-24 - Category Analysis - RIN response - Consolidated - 31 October 2024 - PUBLIC(17494700.2).xlsx,2.8 Maintenance,16
electranet,2023-24,transmission_lines_maintenance::transmission_cables,maintenance_cycle_years,,years,blank,,ElectraNet 2023-24 - Category Analysis - RIN response - Consolidated - 31 October 2024 - PUBLIC(17494700.2).xlsx,2.8 Maintenance,16
electranet,2023-24,substations_equipment_property_maintenance::substation_switchbays,asset_quantity_at_year_end,1835.0,count,numeric,1835.0,ElectraNet 2023-24 - Category Analysis - RIN response - Consolidated - 31 October 2024 - PUBLIC(17494700.2).xlsx,2.8 Maintenance,17
electranet,2023-24,substations_equipment_property_maintenance::substation_switchbays,quantity_inspected_maintained,1835.0,count,numeric,1835.0,ElectraNet 2023-24 - Category Analysis - RIN response - Consolidated - 31 October 2024 - PUBLIC(17494700.2).xlsx,2.8 Maintenance,17
electranet,2023-24,substations_equipment_property_maintenance::substation_switchbays,average_age_of_asset_group,28.8,years,numeric,28.8,ElectraNet 2023-24 - Category Analysis - RIN response - Consolidated - 31 October 2024 - PUBLIC(17494700.2).xlsx,2.8 Maintenance,17
electranet,2023-24,substations_equipment_property_maintenance::substation_switchbays,inspection_cycle_years,0.25,years,numeric,0.25,ElectraNet 2023-24 - Category Analysis - RIN response - Consolidated - 31 October 2024 - PUBLIC(17494700.2).xlsx,2.8 Maintenance,17
electranet,2023-24,substations_equipment_property_maintenance::substation_switchbays,maintenance_cycle_years,6.0,years,numeric,6.0,ElectraNet 2023-24 - Category Analysis - RIN response - Consolidated - 31 October 2024 - PUBLIC(17494700.2).xlsx,2.8 Maintenance,17
electranet,2023-24,substations_equipment_property_maintenance::substation_power_transformers,asset_quantity_at_year_end,152.0,count,numeric,152.0,ElectraNet 2023-24 - Category Analysis - RIN response - Consolidated - 31 October 2024 - PUBLIC(17494700.2).xlsx,2.8 Maintenance,18
electranet,2023-24,substations_equipment_property_maintenance::substation_power_transformers,quantity_inspected_maintained,152.0,count,numeric,152.0,ElectraNet 2023-24 - Category Analysis - RIN response - Consolidated - 31 October 2024 - PUBLIC(17494700.2).xlsx,2.8 Maintenance,18
electranet,2023-24,substations_equipment_property_maintenance::substation_power_transformers,average_age_of_asset_group,28.0,years,numeric,28.0,ElectraNet 2023-24 - Category Analysis - RIN response - Consolidated - 31 October 2024 - PUBLIC(17494700.2).xlsx,2.8 Maintenance,18
electranet,2023-24,substations_equipment_property_maintenance::substation_power_transformers,inspection_cycle_years,0.25,years,numeric,0.25,ElectraNet 2023-24 - Category Analysis - RIN response - Consolidated - 31 October 2024 - PUBLIC(17494700.2).xlsx,2.8 Maintenance,18
electranet,2023-24,substations_equipment_property_maintenance::substation_power_transformers,maintenance_cycle_years,6.0,years,numeric,6.0,ElectraNet 2023-24 - Category Analysis - RIN response - Consolidated - 31 October 2024 - PUBLIC(17494700.2).xlsx,2.8 Maintenance,18
electranet,2023-24,substations_equipment_property_maintenance::substation_property,asset_quantity_at_year_end,78.0,count,numeric,78.0,ElectraNet 2023-24 - Category Analysis - RIN response - Consolidated - 31 October 2024 - PUBLIC(17494700.2).xlsx,2.8 Maintenance,19
electranet,2023-24,substations_equipment_property_maintenance::substation_property,quantity_inspected_maintained,78.0,count,numeric,78.0,ElectraNet 2023-24 - Category Analysis - RIN response - Consolidated - 31 October 2024 - PUBLIC(17494700.2).xlsx,2.8 Maintenance,19
electranet,2023-24,substations_equipment_property_maintenance::substation_property,average_age_of_asset_group,44.4,years,numeric,44.4,ElectraNet 2023-24 - Category Analysis - RIN response - Consolidated - 31 October 2024 - PUBLIC(17494700.2).xlsx,2.8 Maintenance,19
electranet,2023-24,substations_equipment_property_maintenance::substation_property,inspection_cycle_years,0.25,years,numeric,0.25,ElectraNet 2023-24 - Category Analysis - RIN response - Consolidated - 31 October 2024 - PUBLIC(17494700.2).xlsx,2.8 Maintenance,19
electranet,2023-24,substations_equipment_property_maintenance::substation_property,maintenance_cycle_years,0.5,years,numeric,0.5,ElectraNet 2023-24 - Category Analysis - RIN response - Consolidated - 31 October 2024 - PUBLIC(17494700.2).xlsx,2.8 Maintenance,19
electranet,2023-24,scada_network_control_maintenance::scada_network_control,asset_quantity_at_year_end,126.0,count,numeric,126.0,ElectraNet 2023-24 - Category Analysis - RIN response - Consolidated - 31 October 2024 - PUBLIC(17494700.2).xlsx,2.8 Maintenance,20
electranet,2023-24,scada_network_control_maintenance::scada_network_control,quantity_inspected_maintained,126.0,count,numeric,126.0,ElectraNet 2023-24 - Category Analysis - RIN response - Consolidated - 31 October 2024 - PUBLIC(17494700.2).xlsx,2.8 Maintenance,20
electranet,2023-24,scada_network_control_maintenance::scada_network_control,average_age_of_asset_group,33.0,years,numeric,33.0,ElectraNet 2023-24 - Category Analysis - RIN response - Consolidated - 31 October 2024 - PUBLIC(17494700.2).xlsx,2.8 Maintenance,20
electranet,2023-24,scada_network_control_maintenance::scada_network_control,inspection_cycle_years,0.5,years,numeric,0.5,ElectraNet 2023-24 - Category Analysis - RIN response - Consolidated - 31 October 2024 - PUBLIC(17494700.2).xlsx,2.8 Maintenance,20
electranet,2023-24,scada_network_control_maintenance::scada_network_control,maintenance_cycle_years,,years,blank,,ElectraNet 2023-24 - Category Analysis - RIN response - Consolidated - 31 October 2024 - PUBLIC(17494700.2).xlsx,2.8 Maintenance,20
electranet,2023-24,protection_systems_maintenance::protection_systems,asset_quantity_at_year_end,1678.0,count,numeric,1678.0,ElectraNet 2023-24 - Category Analysis - RIN response - Consolidated - 31 October 2024 - PUBLIC(17494700.2).xlsx,2.8 Maintenance,21
electranet,2023-24,protection_systems_maintenance::protection_systems,quantity_inspected_maintained,1678.0,count,numeric,1678.0,ElectraNet 2023-24 - Category Analysis - RIN response - Consolidated - 31 October 2024 - PUBLIC(17494700.2).xlsx,2.8 Maintenance,21
electranet,2023-24,protection_systems_maintenance::protection_systems,average_age_of_asset_group,15.0,years,numeric,15.0,ElectraNet 2023-24 - Category Analysis - RIN response - Consolidated - 31 October 2024 - PUBLIC(17494700.2).xlsx,2.8 Maintenance,21
electranet,2023-24,protection_systems_maintenance::protection_systems,inspection_cycle_years,0.25,years,numeric,0.25,ElectraNet 2023-24 - Category Analysis - RIN response - Consolidated - 31 October 2024 - PUBLIC(17494700.2).xlsx,2.8 Maintenance,21
electranet,2023-24,protection_systems_maintenance::protection_systems,maintenance_cycle_years,4.0,years,numeric,4.0,ElectraNet 2023-24 - Category Analysis - RIN response - Consolidated - 31 October 2024 - PUBLIC(17494700.2).xlsx,2.8 Maintenance,21
electranet,2023-24,other_maintenance_activity::right_of_way_maintenance,asset_quantity_at_year_end,4765.72,km,numeric,4765.72,ElectraNet 2023-24 - Category Analysis - RIN response - Consolidated - 31 October 2024 - PUBLIC(17494700.2).xlsx,2.8 Maintenance,22
electranet,2023-24,other_maintenance_activity::right_of_way_maintenance,quantity_inspected_maintained,4765.72,km,numeric,4765.72,ElectraNet 2023-24 - Category Analysis - RIN response - Consolidated - 31 October 2024 - PUBLIC(17494700.2).xlsx,2.8 Maintenance,22
electranet,2023-24,other_maintenance_activity::right_of_way_maintenance,average_age_of_asset_group,51.4,years,numeric,51.4,ElectraNet 2023-24 - Category Analysis - RIN response - Consolidated - 31 October 2024 - PUBLIC(17494700.2).xlsx,2.8 Maintenance,22
electranet,2023-24,other_maintenance_activity::right_of_way_maintenance,inspection_cycle_years,0.5,years,numeric,0.5,ElectraNet 2023-24 - Category Analysis - RIN response - Consolidated - 31 October 2024 - PUBLIC(17494700.2).xlsx,2.8 Maintenance,22
electranet,2023-24,other_maintenance_activity::right_of_way_maintenance,maintenance_cycle_years,3.0,years,numeric,3.0,ElectraNet 2023-24 - Category Analysis - RIN response - Consolidated - 31 October 2024 - PUBLIC(17494700.2).xlsx,2.8 Maintenance,22
powerlink,2019-20,transmission_lines_maintenance::transmission_towers,asset_quantity_at_year_end,23537.0,count,numeric,23537.0,Powerlink 2019-20 - Category Analysis - RIN Response - Consolidated - 23 October 2020 - PUBLIC (11647526.2).xlsx,2.8 Maintenance,12
powerlink,2019-20,transmission_lines_maintenance::transmission_towers,quantity_inspected_maintained,23537.0,count,numeric,23537.0,Powerlink 2019-20 - Category Analysis - RIN Response - Consolidated - 23 October 2020 - PUBLIC (11647526.2).xlsx,2.8 Maintenance,12
powerlink,2019-20,transmission_lines_maintenance::transmission_towers,average_age_of_asset_group,31.18,years,numeric,31.18,Powerlink 2019-20 - Category Analysis - RIN Response - Consolidated - 23 October 2020 - PUBLIC (11647526.2).xlsx,2.8 Maintenance,12
powerlink,2019-20,transmission_lines_maintenance::transmission_towers,inspection_cycle_years,1.0,years,numeric,1.0,Powerlink 2019-20 - Category Analysis - RIN Response - Consolidated - 23 October 2020 - PUBLIC (11647526.2).xlsx,2.8 Maintenance,12
powerlink,2019-20,transmission_lines_maintenance::transmission_towers,maintenance_cycle_years,0.0,years,numeric,0,Powerlink 2019-20 - Category Analysis - RIN Response - Consolidated - 23 October 2020 - PUBLIC (11647526.2).xlsx,2.8 Maintenance,12
powerlink,2019-20,transmission_lines_maintenance::transmission_tower_support_structures,asset_quantity_at_year_end,23537.0,count,numeric,23537.0,Powerlink 2019-20 - Category Analysis - RIN Response - Consolidated - 23 October 2020 - PUBLIC (11647526.2).xlsx,2.8 Maintenance,13
powerlink,2019-20,transmission_lines_maintenance::transmission_tower_support_structures,quantity_inspected_maintained,23537.0,count,numeric,23537.0,Powerlink 2019-20 - Category Analysis - RIN Response - Consolidated - 23 October 2020 - PUBLIC (11647526.2).xlsx,2.8 Maintenance,13
powerlink,2019-20,transmission_lines_maintenance::transmission_tower_support_structures,average_age_of_asset_group,31.18,years,numeric,31.18,Powerlink 2019-20 - Category Analysis - RIN Response - Consolidated - 23 October 2020 - PUBLIC (11647526.2).xlsx,2.8 Maintenance,13
powerlink,2019-20,transmission_lines_maintenance::transmission_tower_support_structures,inspection_cycle_years,1.0,years,numeric,1.0,Powerlink 2019-20 - Category Analysis - RIN Response - Consolidated - 23 October 2020 - PUBLIC (11647526.2).xlsx,2.8 Maintenance,13
powerlink,2019-20,transmission_lines_maintenance::transmission_tower_support_structures,maintenance_cycle_years,0.0,years,numeric,0,Powerlink 2019-20 - Category Analysis - RIN Response - Consolidated - 23 October 2020 - PUBLIC (11647526.2).xlsx,2.8 Maintenance,13
powerlink,2019-20,transmission_lines_maintenance::conductors,asset_quantity_at_year_end,9627.0,km,numeric,9627.0,Powerlink 2019-20 - Category Analysis - RIN Response - Consolidated - 23 October 2020 - PUBLIC (11647526.2).xlsx,2.8 Maintenance,14
powerlink,2019-20,transmission_lines_maintenance::conductors,quantity_inspected_maintained,9627.0,km,numeric,9627.0,Powerlink 2019-20 - Category Analysis - RIN Response - Consolidated - 23 October 2020 - PUBLIC (11647526.2).xlsx,2.8 Maintenance,14
powerlink,2019-20,transmission_lines_maintenance::conductors,average_age_of_asset_group,29.06,years,numeric,29.06,Powerlink 2019-20 - Category Analysis - RIN Response - Consolidated - 23 October 2020 - PUBLIC (11647526.2).xlsx,2.8 Maintenance,14
powerlink,2019-20,transmission_lines_maintenance::conductors,inspection_cycle_years,1.0,years,numeric,1.0,Powerlink 2019-20 - Category Analysis - RIN Response - Consolidated - 23 October 2020 - PUBLIC (11647526.2).xlsx,2.8 Maintenance,14
powerlink,2019-20,transmission_lines_maintenance::conductors,maintenance_cycle_years,0.0,years,numeric,0,Powerlink 2019-20 - Category Analysis - RIN Response - Consolidated - 23 October 2020 - PUBLIC (11647526.2).xlsx,2.8 Maintenance,14
powerlink,2019-20,transmission_lines_maintenance::transmission_cables,asset_quantity_at_year_end,20.24,km,numeric,20.24,Powerlink 2019-20 - Category Analysis - RIN Response - Consolidated - 23 October 2020 - PUBLIC (11647526.2).xlsx,2.8 Maintenance,15
powerlink,2019-20,transmission_lines_maintenance::transmission_cables,quantity_inspected_maintained,20.24,km,numeric,20.24,Powerlink 2019-20 - Category Analysis - RIN Response - Consolidated - 23 October 2020 - PUBLIC (11647526.2).xlsx,2.8 Maintenance,15
powerlink,2019-20,transmission_lines_maintenance::transmission_cables,average_age_of_asset_group,22.07,years,numeric,22.07,Powerlink 2019-20 - Category Analysis - RIN Response - Consolidated - 23 October 2020 - PUBLIC (11647526.2).xlsx,2.8 Maintenance,15
powerlink,2019-20,transmission_lines_maintenance::transmission_cables,inspection_cycle_years,0.5,years,numeric,0.5,Powerlink 2019-20 - Category Analysis - RIN Response - Consolidated - 23 October 2020 - PUBLIC (11647526.2).xlsx,2.8 Maintenance,15
powerlink,2019-20,transmission_lines_maintenance::transmission_cables,maintenance_cycle_years,0.0,years,numeric,0,Powerlink 2019-20 - Category Analysis - RIN Response - Consolidated - 23 October 2020 - PUBLIC (11647526.2).xlsx,2.8 Maintenance,15
powerlink,2019-20,substations_equipment_property_maintenance::substation_switchbays,asset_quantity_at_year_end,1485.0,count,numeric,1485.0,Powerlink 2019-20 - Category Analysis - RIN Response - Consolidated - 23 October 2020 - PUBLIC (11647526.2).xlsx,2.8 Maintenance,16
powerlink,2019-20,substations_equipment_property_maintenance::substation_switchbays,quantity_inspected_maintained,1485.0,count,numeric,1485.0,Powerlink 2019-20 - Category Analysis - RIN Response - Consolidated - 23 October 2020 - PUBLIC (11647526.2).xlsx,2.8 Maintenance,16
powerlink,2019-20,substations_equipment_property_maintenance::substation_switchbays,average_age_of_asset_group,17.88,years,numeric,17.88,Powerlink 2019-20 - Category Analysis - RIN Response - Consolidated - 23 October 2020 - PUBLIC (11647526.2).xlsx,2.8 Maintenance,16
powerlink,2019-20,substations_equipment_property_maintenance::substation_switchbays,inspection_cycle_years,0.5,years,numeric,0.5,Powerlink 2019-20 - Category Analysis - RIN Response - Consolidated - 23 October 2020 - PUBLIC (11647526.2).xlsx,2.8 Maintenance,16
powerlink,2019-20,substations_equipment_property_maintenance::substation_switchbays,maintenance_cycle_years,6.0,years,numeric,6,Powerlink 2019-20 - Category Analysis - RIN Response - Consolidated - 23 October 2020 - PUBLIC (11647526.2).xlsx,2.8 Maintenance,16
powerlink,2019-20,substations_equipment_property_maintenance::substation_power_transformers,asset_quantity_at_year_end,201.0,count,numeric,201.0,Powerlink 2019-20 - Category Analysis - RIN Response - Consolidated - 23 October 2020 - PUBLIC (11647526.2).xlsx,2.8 Maintenance,17
powerlink,2019-20,substations_equipment_property_maintenance::substation_power_transformers,quantity_inspected_maintained,201.0,count,numeric,201.0,Powerlink 2019-20 - Category Analysis - RIN Response - Consolidated - 23 October 2020 - PUBLIC (11647526.2).xlsx,2.8 Maintenance,17
powerlink,2019-20,substations_equipment_property_maintenance::substation_power_transformers,average_age_of_asset_group,19.62,years,numeric,19.62,Powerlink 2019-20 - Category Analysis - RIN Response - Consolidated - 23 October 2020 - PUBLIC (11647526.2).xlsx,2.8 Maintenance,17
powerlink,2019-20,substations_equipment_property_maintenance::substation_power_transformers,inspection_cycle_years,0.5,years,numeric,0.5,Powerlink 2019-20 - Category Analysis - RIN Response - Consolidated - 23 October 2020 - PUBLIC (11647526.2).xlsx,2.8 Maintenance,17
powerlink,2019-20,substations_equipment_property_maintenance::substation_power_transformers,maintenance_cycle_years,6.0,years,numeric,6,Powerlink 2019-20 - Category Analysis - RIN Response - Consolidated - 23 October 2020 - PUBLIC (11647526.2).xlsx,2.8 Maintenance,17
powerlink,2019-20,substations_equipment_property_maintenance::substation_property,asset_quantity_at_year_end,127.0,count,numeric,127.0,Powerlink 2019-20 - Category Analysis - RIN Response - Consolidated - 23 October 2020 - PUBLIC (11647526.2).xlsx,2.8 Maintenance,18
powerlink,2019-20,substations_equipment_property_maintenance::substation_property,quantity_inspected_maintained,127.0,count,numeric,127.0,Powerlink 2019-20 - Category Analysis - RIN Response - Consolidated - 23 October 2020 - PUBLIC (11647526.2).xlsx,2.8 Maintenance,18
powerlink,2019-20,substations_equipment_property_maintenance::substation_property,average_age_of_asset_group,29.04,years,numeric,29.04,Powerlink 2019-20 - Category Analysis - RIN Response - Consolidated - 23 October 2020 - PUBLIC (11647526.2).xlsx,2.8 Maintenance,18
powerlink,2019-20,substations_equipment_property_maintenance::substation_property,inspection_cycle_years,0.5,years,numeric,0.5,Powerlink 2019-20 - Category Analysis - RIN Response - Consolidated - 23 October 2020 - PUBLIC (11647526.2).xlsx,2.8 Maintenance,18
powerlink,2019-20,substations_equipment_property_maintenance::substation_property,maintenance_cycle_years,0.0,years,numeric,0,Powerlink 2019-20 - Category Analysis - RIN Response - Consolidated - 23 October 2020 - PUBLIC (11647526.2).xlsx,2.8 Maintenance,18
powerlink,2019-20,scada_network_control_maintenance::scada_network_control,asset_quantity_at_year_end,5998.0,count,numeric,5998.0,Powerlink 2019-20 - Category Analysis - RIN Response - Consolidated - 23 October 2020 - PUBLIC (11647526.2).xlsx,2.8 Maintenance,19
powerlink,2019-20,scada_network_control_maintenance::scada_network_control,quantity_inspected_maintained,5998.0,count,numeric,5998.0,Powerlink 2019-20 - Category Analysis - RIN Response - Consolidated - 23 October 2020 - PUBLIC (11647526.2).xlsx,2.8 Maintenance,19
powerlink,2019-20,scada_network_control_maintenance::scada_network_control,average_age_of_asset_group,11.044,years,numeric,11.044,Powerlink 2019-20 - Category Analysis - RIN Response - Consolidated - 23 October 2020 - PUBLIC (11647526.2).xlsx,2.8 Maintenance,19
powerlink,2019-20,scada_network_control_maintenance::scada_network_control,inspection_cycle_years,1.0,years,numeric,1.0,Powerlink 2019-20 - Category Analysis - RIN Response - Consolidated - 23 October 2020 - PUBLIC (11647526.2).xlsx,2.8 Maintenance,19
powerlink,2019-20,scada_network_control_maintenance::scada_network_control,maintenance_cycle_years,0.0,years,numeric,0,Powerlink 2019-20 - Category Analysis - RIN Response - Consolidated - 23 October 2020 - PUBLIC (11647526.2).xlsx,2.8 Maintenance,19
powerlink,2019-20,protection_systems_maintenance::protection_systems,asset_quantity_at_year_end,5027.0,count,numeric,5027.0,Powerlink 2019-20 - Category Analysis - RIN Response - Consolidated - 23 October 2020 - PUBLIC (11647526.2).xlsx,2.8 Maintenance,20
powerlink,2019-20,protection_systems_maintenance::protection_systems,quantity_inspected_maintained,5027.0,count,numeric,5027.0,Powerlink 2019-20 - Category Analysis - RIN Response - Consolidated - 23 October 2020 - PUBLIC (11647526.2).xlsx,2.8 Maintenance,20
powerlink,2019-20,protection_systems_maintenance::protection_systems,average_age_of_asset_group,10.477,years,numeric,10.477,Powerlink 2019-20 - Category Analysis - RIN Response - Consolidated - 23 October 2020 - PUBLIC (11647526.2).xlsx,2.8 Maintenance,20
powerlink,2019-20,protection_systems_maintenance::protection_systems,inspection_cycle_years,6.0,years,numeric,6.0,Powerlink 2019-20 - Category Analysis - RIN Response - Consolidated - 23 October 2020 - PUBLIC (11647526.2).xlsx,2.8 Maintenance,20
powerlink,2019-20,protection_systems_maintenance::protection_systems,maintenance_cycle_years,0.0,years,numeric,0,Powerlink 2019-20 - Category Analysis - RIN Response - Consolidated - 23 October 2020 - PUBLIC (11647526.2).xlsx,2.8 Maintenance,20
powerlink,2019-20,other_maintenance_activity::transmission_tower_support_structures,asset_quantity_at_year_end,168000.0,count,numeric,168.0,Powerlink 2019-20 - Category Analysis - RIN Response - Consolidated - 23 October 2020 - PUBLIC (11647526.2).xlsx,2.8 Maintenance,21
powerlink,2019-20,other_maintenance_activity::transmission_tower_support_structures,quantity_inspected_maintained,1433.0,count,numeric,1.433,Powerlink 2019-20 - Category Analysis - RIN Response - Consolidated - 23 October 2020 - PUBLIC (11647526.2).xlsx,2.8 Maintenance,21
powerlink,2019-20,other_maintenance_activity::transmission_tower_support_structures,average_age_of_asset_group,17.67,years,numeric,17.67,Powerlink 2019-20 - Category Analysis - RIN Response - Consolidated - 23 October 2020 - PUBLIC (11647526.2).xlsx,2.8 Maintenance,21
powerlink,2019-20,other_maintenance_activity::transmission_tower_support_structures,inspection_cycle_years,5.861,years,numeric,5.861,Powerlink 2019-20 - Category Analysis - RIN Response - Consolidated - 23 October 2020 - PUBLIC (11647526.2).xlsx,2.8 Maintenance,21
powerlink,2019-20,other_maintenance_activity::transmission_tower_support_structures,maintenance_cycle_years,0.0,years,numeric,0,Powerlink 2019-20 - Category Analysis - RIN Response - Consolidated - 23 October 2020 - PUBLIC (11647526.2).xlsx,2.8 Maintenance,21
powerlink,2019-20,other_maintenance_activity::corridor_maintenance_non_vegetation,asset_quantity_at_year_end,9634.0,km,numeric,9634.0,Powerlink 2019-20 - Category Analysis - RIN Response - Consolidated - 23 October 2020 - PUBLIC (11647526.2).xlsx,2.8 Maintenance,22
powerlink,2019-20,other_maintenance_activity::corridor_maintenance_non_vegetation,quantity_inspected_maintained,1372.0,km,numeric,1372.0,Powerlink 2019-20 - Category Analysis - RIN Response - Consolidated - 23 October 2020 - PUBLIC (11647526.2).xlsx,2.8 Maintenance,22
powerlink,2019-20,other_maintenance_activity::corridor_maintenance_non_vegetation,average_age_of_asset_group,31.18,years,numeric,31.18,Powerlink 2019-20 - Category Analysis - RIN Response - Consolidated - 23 October 2020 - PUBLIC (11647526.2).xlsx,2.8 Maintenance,22
powerlink,2019-20,other_maintenance_activity::corridor_maintenance_non_vegetation,inspection_cycle_years,1.0,years,numeric,1.0,Powerlink 2019-20 - Category Analysis - RIN Response - Consolidated - 23 October 2020 - PUBLIC (11647526.2).xlsx,2.8 Maintenance,22
powerlink,2019-20,other_maintenance_activity::corridor_maintenance_non_vegetation,maintenance_cycle_years,0.0,years,numeric,0,Powerlink 2019-20 - Category Analysis - RIN Response - Consolidated - 23 October 2020 - PUBLIC (11647526.2).xlsx,2.8 Maintenance,22
powerlink,2020-21,transmission_lines_maintenance::transmission_towers,asset_quantity_at_year_end,23550.0,count,numeric,23550.0,Powerlink 2020-21 - Category Analysis - RIN Response - Consolidated - 20 October 2021 - PUBLIC(12941266.1).xlsx,2.8 Maintenance,12
powerlink,2020-21,transmission_lines_maintenance::transmission_towers,quantity_inspected_maintained,23550.0,count,numeric,23550.0,Powerlink 2020-21 - Category Analysis - RIN Response - Consolidated - 20 October 2021 - PUBLIC(12941266.1).xlsx,2.8 Maintenance,12
powerlink,2020-21,transmission_lines_maintenance::transmission_towers,average_age_of_asset_group,32.12,years,numeric,32.12,Powerlink 2020-21 - Category Analysis - RIN Response - Consolidated - 20 October 2021 - PUBLIC(12941266.1).xlsx,2.8 Maintenance,12
powerlink,2020-21,transmission_lines_maintenance::transmission_towers,inspection_cycle_years,1.0,years,numeric,1.0,Powerlink 2020-21 - Category Analysis - RIN Response - Consolidated - 20 October 2021 - PUBLIC(12941266.1).xlsx,2.8 Maintenance,12
powerlink,2020-21,transmission_lines_maintenance::transmission_towers,maintenance_cycle_years,,years,blank,,Powerlink 2020-21 - Category Analysis - RIN Response - Consolidated - 20 October 2021 - PUBLIC(12941266.1).xlsx,2.8 Maintenance,12
powerlink,2020-21,transmission_lines_maintenance::transmission_tower_support_structures,asset_quantity_at_year_end,23550.0,count,numeric,23550.0,Powerlink 2020-21 - Category Analysis - RIN Response - Consolidated - 20 October 2021 - PUBLIC(12941266.1).xlsx,2.8 Maintenance,13
powerlink,2020-21,transmission_lines_maintenance::transmission_tower_support_structures,quantity_inspected_maintained,23550.0,count,numeric,23550.0,Powerlink 2020-21 - Category Analysis - RIN Response - Consolidated - 20 October 2021 - PUBLIC(12941266.1).xlsx,2.8 Maintenance,13
powerlink,2020-21,transmission_lines_maintenance::transmission_tower_support_structures,average_age_of_asset_group,32.12,years,numeric,32.12,Powerlink 2020-21 - Category Analysis - RIN Response - Consolidated - 20 October 2021 - PUBLIC(12941266.1).xlsx,2.8 Maintenance,13
powerlink,2020-21,transmission_lines_maintenance::transmission_tower_support_structures,inspection_cycle_years,1.0,years,numeric,1.0,Powerlink 2020-21 - Category Analysis - RIN Response - Consolidated - 20 October 2021 - PUBLIC(12941266.1).xlsx,2.8 Maintenance,13
powerlink,2020-21,transmission_lines_maintenance::transmission_tower_support_structures,maintenance_cycle_years,,years,blank,,Powerlink 2020-21 - Category Analysis - RIN Response - Consolidated - 20 October 2021 - PUBLIC(12941266.1).xlsx,2.8 Maintenance,13
powerlink,2020-21,transmission_lines_maintenance::conductors,asset_quantity_at_year_end,9629.0,km,numeric,9629.0,Powerlink 2020-21 - Category Analysis - RIN Response - Consolidated - 20 October 2021 - PUBLIC(12941266.1).xlsx,2.8 Maintenance,14
powerlink,2020-21,transmission_lines_maintenance::conductors,quantity_inspected_maintained,9629.0,km,numeric,9629.0,Powerlink 2020-21 - Category Analysis - RIN Response - Consolidated - 20 October 2021 - PUBLIC(12941266.1).xlsx,2.8 Maintenance,14
powerlink,2020-21,transmission_lines_maintenance::conductors,average_age_of_asset_group,30.0,years,numeric,30.0,Powerlink 2020-21 - Category Analysis - RIN Response - Consolidated - 20 October 2021 - PUBLIC(12941266.1).xlsx,2.8 Maintenance,14
powerlink,2020-21,transmission_lines_maintenance::conductors,inspection_cycle_years,1.0,years,numeric,1.0,Powerlink 2020-21 - Category Analysis - RIN Response - Consolidated - 20 October 2021 - PUBLIC(12941266.1).xlsx,2.8 Maintenance,14
powerlink,2020-21,transmission_lines_maintenance::conductors,maintenance_cycle_years,,years,blank,,Powerlink 2020-21 - Category Analysis - RIN Response - Consolidated - 20 October 2021 - PUBLIC(12941266.1).xlsx,2.8 Maintenance,14
powerlink,2020-21,transmission_lines_maintenance::transmission_cables,asset_quantity_at_year_end,20.24,km,numeric,20.24,Powerlink 2020-21 - Category Analysis - RIN Response - Consolidated - 20 October 2021 - PUBLIC(12941266.1).xlsx,2.8 Maintenance,15
powerlink,2020-21,transmission_lines_maintenance::transmission_cables,quantity_inspected_maintained,20.24,km,numeric,20.24,Powerlink 2020-21 - Category Analysis - RIN Response - Consolidated - 20 October 2021 - PUBLIC(12941266.1).xlsx,2.8 Maintenance,15
powerlink,2020-21,transmission_lines_maintenance::transmission_cables,average_age_of_asset_group,23.07,years,numeric,23.07,Powerlink 2020-21 - Category Analysis - RIN Response - Consolidated - 20 October 2021 - PUBLIC(12941266.1).xlsx,2.8 Maintenance,15
powerlink,2020-21,transmission_lines_maintenance::transmission_cables,inspection_cycle_years,1.0,years,numeric,1.0,Powerlink 2020-21 - Category Analysis - RIN Response - Consolidated - 20 October 2021 - PUBLIC(12941266.1).xlsx,2.8 Maintenance,15
powerlink,2020-21,transmission_lines_maintenance::transmission_cables,maintenance_cycle_years,,years,blank,,Powerlink 2020-21 - Category Analysis - RIN Response - Consolidated - 20 October 2021 - PUBLIC(12941266.1).xlsx,2.8 Maintenance,15
powerlink,2020-21,substations_equipment_property_maintenance::substation_switchbays,asset_quantity_at_year_end,1482.0,count,numeric,1482.0,Powerlink 2020-21 - Category Analysis - RIN Response - Consolidated - 20 October 2021 - PUBLIC(12941266.1).xlsx,2.8 Maintenance,16
powerlink,2020-21,substations_equipment_property_maintenance::substation_switchbays,quantity_inspected_maintained,1482.0,count,numeric,1482.0,Powerlink 2020-21 - Category Analysis - RIN Response - Consolidated - 20 October 2021 - PUBLIC(12941266.1).xlsx,2.8 Maintenance,16
powerlink,2020-21,substations_equipment_property_maintenance::substation_switchbays,average_age_of_asset_group,18.09,years,numeric,18.09,Powerlink 2020-21 - Category Analysis - RIN Response - Consolidated - 20 October 2021 - PUBLIC(12941266.1).xlsx,2.8 Maintenance,16
powerlink,2020-21,substations_equipment_property_maintenance::substation_switchbays,inspection_cycle_years,0.5,years,numeric,0.5,Powerlink 2020-21 - Category Analysis - RIN Response - Consolidated - 20 October 2021 - PUBLIC(12941266.1).xlsx,2.8 Maintenance,16
powerlink,2020-21,substations_equipment_property_maintenance::substation_switchbays,maintenance_cycle_years,6.0,years,numeric,6.0,Powerlink 2020-21 - Category Analysis - RIN Response - Consolidated - 20 October 2021 - PUBLIC(12941266.1).xlsx,2.8 Maintenance,16
powerlink,2020-21,substations_equipment_property_maintenance::substation_power_transformers,asset_quantity_at_year_end,201.0,count,numeric,201.0,Powerlink 2020-21 - Category Analysis - RIN Response - Consolidated - 20 October 2021 - PUBLIC(12941266.1).xlsx,2.8 Maintenance,17
powerlink,2020-21,substations_equipment_property_maintenance::substation_power_transformers,quantity_inspected_maintained,201.0,count,numeric,201.0,Powerlink 2020-21 - Category Analysis - RIN Response - Consolidated - 20 October 2021 - PUBLIC(12941266.1).xlsx,2.8 Maintenance,17
powerlink,2020-21,substations_equipment_property_maintenance::substation_power_transformers,average_age_of_asset_group,20.18,years,numeric,20.18,Powerlink 2020-21 - Category Analysis - RIN Response - Consolidated - 20 October 2021 - PUBLIC(12941266.1).xlsx,2.8 Maintenance,17
powerlink,2020-21,substations_equipment_property_maintenance::substation_power_transformers,inspection_cycle_years,0.5,years,numeric,0.5,Powerlink 2020-21 - Category Analysis - RIN Response - Consolidated - 20 October 2021 - PUBLIC(12941266.1).xlsx,2.8 Maintenance,17
powerlink,2020-21,substations_equipment_property_maintenance::substation_power_transformers,maintenance_cycle_years,6.0,years,numeric,6.0,Powerlink 2020-21 - Category Analysis - RIN Response - Consolidated - 20 October 2021 - PUBLIC(12941266.1).xlsx,2.8 Maintenance,17
powerlink,2020-21,substations_equipment_property_maintenance::substation_property,asset_quantity_at_year_end,128.0,count,numeric,128.0,Powerlink 2020-21 - Category Analysis - RIN Response - Consolidated - 20 October 2021 - PUBLIC(12941266.1).xlsx,2.8 Maintenance,18
powerlink,2020-21,substations_equipment_property_maintenance::substation_property,quantity_inspected_maintained,128.0,count,numeric,128.0,Powerlink 2020-21 - Category Analysis - RIN Response - Consolidated - 20 October 2021 - PUBLIC(12941266.1).xlsx,2.8 Maintenance,18
powerlink,2020-21,substations_equipment_property_maintenance::substation_property,average_age_of_asset_group,29.83,years,numeric,29.83,Powerlink 2020-21 - Category Analysis - RIN Response - Consolidated - 20 October 2021 - PUBLIC(12941266.1).xlsx,2.8 Maintenance,18
powerlink,2020-21,substations_equipment_property_maintenance::substation_property,inspection_cycle_years,0.5,years,numeric,0.5,Powerlink 2020-21 - Category Analysis - RIN Response - Consolidated - 20 October 2021 - PUBLIC(12941266.1).xlsx,2.8 Maintenance,18
powerlink,2020-21,substations_equipment_property_maintenance::substation_property,maintenance_cycle_years,,years,blank,,Powerlink 2020-21 - Category Analysis - RIN Response - Consolidated - 20 October 2021 - PUBLIC(12941266.1).xlsx,2.8 Maintenance,18
powerlink,2020-21,scada_network_control_maintenance::scada_network_control,asset_quantity_at_year_end,6212.0,count,numeric,6212.0,Powerlink 2020-21 - Category Analysis - RIN Response - Consolidated - 20 October 2021 - PUBLIC(12941266.1).xlsx,2.8 Maintenance,19
powerlink,2020-21,scada_network_control_maintenance::scada_network_control,quantity_inspected_maintained,6212.0,count,numeric,6212.0,Powerlink 2020-21 - Category Analysis - RIN Response - Consolidated - 20 October 2021 - PUBLIC(12941266.1).xlsx,2.8 Maintenance,19
powerlink,2020-21,scada_network_control_maintenance::scada_network_control,average_age_of_asset_group,11.48,years,numeric,11.48,Powerlink 2020-21 - Category Analysis - RIN Response - Consolidated - 20 October 2021 - PUBLIC(12941266.1).xlsx,2.8 Maintenance,19
powerlink,2020-21,scada_network_control_maintenance::scada_network_control,inspection_cycle_years,1.0,years,numeric,1.0,Powerlink 2020-21 - Category Analysis - RIN Response - Consolidated - 20 October 2021 - PUBLIC(12941266.1).xlsx,2.8 Maintenance,19
powerlink,2020-21,scada_network_control_maintenance::scada_network_control,maintenance_cycle_years,,years,blank,,Powerlink 2020-21 - Category Analysis - RIN Response - Consolidated - 20 October 2021 - PUBLIC(12941266.1).xlsx,2.8 Maintenance,19
powerlink,2020-21,protection_systems_maintenance::protection_systems,asset_quantity_at_year_end,5030.0,count,numeric,5030.0,Powerlink 2020-21 - Category Analysis - RIN Response - Consolidated - 20 October 2021 - PUBLIC(12941266.1).xlsx,2.8 Maintenance,20
powerlink,2020-21,protection_systems_maintenance::protection_systems,quantity_inspected_maintained,5030.0,count,numeric,5030.0,Powerlink 2020-21 - Category Analysis - RIN Response - Consolidated - 20 October 2021 - PUBLIC(12941266.1).xlsx,2.8 Maintenance,20
powerlink,2020-21,protection_systems_maintenance::protection_systems,average_age_of_asset_group,11.12,years,numeric,11.12,Powerlink 2020-21 - Category Analysis - RIN Response - Consolidated - 20 October 2021 - PUBLIC(12941266.1).xlsx,2.8 Maintenance,20
powerlink,2020-21,protection_systems_maintenance::protection_systems,inspection_cycle_years,6.0,years,numeric,6.0,Powerlink 2020-21 - Category Analysis - RIN Response - Consolidated - 20 October 2021 - PUBLIC(12941266.1).xlsx,2.8 Maintenance,20
powerlink,2020-21,protection_systems_maintenance::protection_systems,maintenance_cycle_years,,years,blank,,Powerlink 2020-21 - Category Analysis - RIN Response - Consolidated - 20 October 2021 - PUBLIC(12941266.1).xlsx,2.8 Maintenance,20
powerlink,2020-21,other_maintenance_activity::transmission_tower_support_structures,asset_quantity_at_year_end,168500.0,count,numeric,168.5,Powerlink 2020-21 - Category Analysis - RIN Response - Consolidated - 20 October 2021 - PUBLIC(12941266.1).xlsx,2.8 Maintenance,21
powerlink,2020-21,other_maintenance_activity::transmission_tower_support_structures,quantity_inspected_maintained,1457000.0,count,numeric,1457.0,Powerlink 2020-21 - Category Analysis - RIN Response - Consolidated - 20 October 2021 - PUBLIC(12941266.1).xlsx,2.8 Maintenance,21
powerlink,2020-21,other_maintenance_activity::transmission_tower_support_structures,average_age_of_asset_group,17.76,years,numeric,17.76,Powerlink 2020-21 - Category Analysis - RIN Response - Consolidated - 20 October 2021 - PUBLIC(12941266.1).xlsx,2.8 Maintenance,21
powerlink,2020-21,other_maintenance_activity::transmission_tower_support_structures,inspection_cycle_years,5.782,years,numeric,5.782,Powerlink 2020-21 - Category Analysis - RIN Response - Consolidated - 20 October 2021 - PUBLIC(12941266.1).xlsx,2.8 Maintenance,21
powerlink,2020-21,other_maintenance_activity::transmission_tower_support_structures,maintenance_cycle_years,,years,blank,,Powerlink 2020-21 - Category Analysis - RIN Response - Consolidated - 20 October 2021 - PUBLIC(12941266.1).xlsx,2.8 Maintenance,21
powerlink,2020-21,other_maintenance_activity::corridor_maintenance_non_vegetation,asset_quantity_at_year_end,9636.0,km,numeric,9636.0,Powerlink 2020-21 - Category Analysis - RIN Response - Consolidated - 20 October 2021 - PUBLIC(12941266.1).xlsx,2.8 Maintenance,22
powerlink,2020-21,other_maintenance_activity::corridor_maintenance_non_vegetation,quantity_inspected_maintained,1363.0,km,numeric,1363.0,Powerlink 2020-21 - Category Analysis - RIN Response - Consolidated - 20 October 2021 - PUBLIC(12941266.1).xlsx,2.8 Maintenance,22
powerlink,2020-21,other_maintenance_activity::corridor_maintenance_non_vegetation,average_age_of_asset_group,32.12,years,numeric,32.12,Powerlink 2020-21 - Category Analysis - RIN Response - Consolidated - 20 October 2021 - PUBLIC(12941266.1).xlsx,2.8 Maintenance,22
powerlink,2020-21,other_maintenance_activity::corridor_maintenance_non_vegetation,inspection_cycle_years,1.0,years,numeric,1.0,Powerlink 2020-21 - Category Analysis - RIN Response - Consolidated - 20 October 2021 - PUBLIC(12941266.1).xlsx,2.8 Maintenance,22
powerlink,2020-21,other_maintenance_activity::corridor_maintenance_non_vegetation,maintenance_cycle_years,,years,blank,,Powerlink 2020-21 - Category Analysis - RIN Response - Consolidated - 20 October 2021 - PUBLIC(12941266.1).xlsx,2.8 Maintenance,22
powerlink,2021-22,transmission_lines_maintenance::transmission_towers,asset_quantity_at_year_end,23551.0,count,numeric,23551.0,Powerlink 2021-22 - Category analysis - Consolidated - 26 October 2022 - PUBLIC(14556313.1).xlsx,2.8 Maintenance,12
powerlink,2021-22,transmission_lines_maintenance::transmission_towers,quantity_inspected_maintained,23551.0,count,numeric,23551.0,Powerlink 2021-22 - Category analysis - Consolidated - 26 October 2022 - PUBLIC(14556313.1).xlsx,2.8 Maintenance,12
powerlink,2021-22,transmission_lines_maintenance::transmission_towers,average_age_of_asset_group,33.13,years,numeric,33.13,Powerlink 2021-22 - Category analysis - Consolidated - 26 October 2022 - PUBLIC(14556313.1).xlsx,2.8 Maintenance,12
powerlink,2021-22,transmission_lines_maintenance::transmission_towers,inspection_cycle_years,1.0,years,numeric,1.0,Powerlink 2021-22 - Category analysis - Consolidated - 26 October 2022 - PUBLIC(14556313.1).xlsx,2.8 Maintenance,12
powerlink,2021-22,transmission_lines_maintenance::transmission_towers,maintenance_cycle_years,0.0,years,numeric,0,Powerlink 2021-22 - Category analysis - Consolidated - 26 October 2022 - PUBLIC(14556313.1).xlsx,2.8 Maintenance,12
powerlink,2021-22,transmission_lines_maintenance::transmission_tower_support_structures,asset_quantity_at_year_end,23551.0,count,numeric,23551.0,Powerlink 2021-22 - Category analysis - Consolidated - 26 October 2022 - PUBLIC(14556313.1).xlsx,2.8 Maintenance,13
powerlink,2021-22,transmission_lines_maintenance::transmission_tower_support_structures,quantity_inspected_maintained,23551.0,count,numeric,23551.0,Powerlink 2021-22 - Category analysis - Consolidated - 26 October 2022 - PUBLIC(14556313.1).xlsx,2.8 Maintenance,13
powerlink,2021-22,transmission_lines_maintenance::transmission_tower_support_structures,average_age_of_asset_group,33.13,years,numeric,33.13,Powerlink 2021-22 - Category analysis - Consolidated - 26 October 2022 - PUBLIC(14556313.1).xlsx,2.8 Maintenance,13
powerlink,2021-22,transmission_lines_maintenance::transmission_tower_support_structures,inspection_cycle_years,1.0,years,numeric,1.0,Powerlink 2021-22 - Category analysis - Consolidated - 26 October 2022 - PUBLIC(14556313.1).xlsx,2.8 Maintenance,13
powerlink,2021-22,transmission_lines_maintenance::transmission_tower_support_structures,maintenance_cycle_years,0.0,years,numeric,0,Powerlink 2021-22 - Category analysis - Consolidated - 26 October 2022 - PUBLIC(14556313.1).xlsx,2.8 Maintenance,13
powerlink,2021-22,transmission_lines_maintenance::conductors,asset_quantity_at_year_end,9629.0,km,numeric,9629.0,Powerlink 2021-22 - Category analysis - Consolidated - 26 October 2022 - PUBLIC(14556313.1).xlsx,2.8 Maintenance,14
powerlink,2021-22,transmission_lines_maintenance::conductors,quantity_inspected_maintained,9629.0,km,numeric,9629.0,Powerlink 2021-22 - Category analysis - Consolidated - 26 October 2022 - PUBLIC(14556313.1).xlsx,2.8 Maintenance,14
powerlink,2021-22,transmission_lines_maintenance::conductors,average_age_of_asset_group,31.0,years,numeric,31.0,Powerlink 2021-22 - Category analysis - Consolidated - 26 October 2022 - PUBLIC(14556313.1).xlsx,2.8 Maintenance,14
powerlink,2021-22,transmission_lines_maintenance::conductors,inspection_cycle_years,1.0,years,numeric,1.0,Powerlink 2021-22 - Category analysis - Consolidated - 26 October 2022 - PUBLIC(14556313.1).xlsx,2.8 Maintenance,14
powerlink,2021-22,transmission_lines_maintenance::conductors,maintenance_cycle_years,0.0,years,numeric,0,Powerlink 2021-22 - Category analysis - Consolidated - 26 October 2022 - PUBLIC(14556313.1).xlsx,2.8 Maintenance,14
powerlink,2021-22,transmission_lines_maintenance::transmission_cables,asset_quantity_at_year_end,20.24,km,numeric,20.24,Powerlink 2021-22 - Category analysis - Consolidated - 26 October 2022 - PUBLIC(14556313.1).xlsx,2.8 Maintenance,15
powerlink,2021-22,transmission_lines_maintenance::transmission_cables,quantity_inspected_maintained,20.24,km,numeric,20.24,Powerlink 2021-22 - Category analysis - Consolidated - 26 October 2022 - PUBLIC(14556313.1).xlsx,2.8 Maintenance,15
powerlink,2021-22,transmission_lines_maintenance::transmission_cables,average_age_of_asset_group,24.07,years,numeric,24.07,Powerlink 2021-22 - Category analysis - Consolidated - 26 October 2022 - PUBLIC(14556313.1).xlsx,2.8 Maintenance,15
powerlink,2021-22,transmission_lines_maintenance::transmission_cables,inspection_cycle_years,1.0,years,numeric,1.0,Powerlink 2021-22 - Category analysis - Consolidated - 26 October 2022 - PUBLIC(14556313.1).xlsx,2.8 Maintenance,15
powerlink,2021-22,transmission_lines_maintenance::transmission_cables,maintenance_cycle_years,0.0,years,numeric,0,Powerlink 2021-22 - Category analysis - Consolidated - 26 October 2022 - PUBLIC(14556313.1).xlsx,2.8 Maintenance,15
powerlink,2021-22,substations_equipment_property_maintenance::substation_switchbays,asset_quantity_at_year_end,1475.0,count,numeric,1475.0,Powerlink 2021-22 - Category analysis - Consolidated - 26 October 2022 - PUBLIC(14556313.1).xlsx,2.8 Maintenance,16
powerlink,2021-22,substations_equipment_property_maintenance::substation_switchbays,quantity_inspected_maintained,1475.0,count,numeric,1475.0,Powerlink 2021-22 - Category analysis - Consolidated - 26 October 2022 - PUBLIC(14556313.1).xlsx,2.8 Maintenance,16
powerlink,2021-22,substations_equipment_property_maintenance::substation_switchbays,average_age_of_asset_group,18.42,years,numeric,18.42,Powerlink 2021-22 - Category analysis - Consolidated - 26 October 2022 - PUBLIC(14556313.1).xlsx,2.8 Maintenance,16
powerlink,2021-22,substations_equipment_property_maintenance::substation_switchbays,inspection_cycle_years,0.5,years,numeric,0.5,Powerlink 2021-22 - Category analysis - Consolidated - 26 October 2022 - PUBLIC(14556313.1).xlsx,2.8 Maintenance,16
powerlink,2021-22,substations_equipment_property_maintenance::substation_switchbays,maintenance_cycle_years,6.0,years,numeric,6,Powerlink 2021-22 - Category analysis - Consolidated - 26 October 2022 - PUBLIC(14556313.1).xlsx,2.8 Maintenance,16
powerlink,2021-22,substations_equipment_property_maintenance::substation_power_transformers,asset_quantity_at_year_end,197.0,count,numeric,197.0,Powerlink 2021-22 - Category analysis - Consolidated - 26 October 2022 - PUBLIC(14556313.1).xlsx,2.8 Maintenance,17
powerlink,2021-22,substations_equipment_property_maintenance::substation_power_transformers,quantity_inspected_maintained,197.0,count,numeric,197.0,Powerlink 2021-22 - Category analysis - Consolidated - 26 October 2022 - PUBLIC(14556313.1).xlsx,2.8 Maintenance,17
powerlink,2021-22,substations_equipment_property_maintenance::substation_power_transformers,average_age_of_asset_group,20.18,years,numeric,20.18,Powerlink 2021-22 - Category analysis - Consolidated - 26 October 2022 - PUBLIC(14556313.1).xlsx,2.8 Maintenance,17
powerlink,2021-22,substations_equipment_property_maintenance::substation_power_transformers,inspection_cycle_years,0.5,years,numeric,0.5,Powerlink 2021-22 - Category analysis - Consolidated - 26 October 2022 - PUBLIC(14556313.1).xlsx,2.8 Maintenance,17
powerlink,2021-22,substations_equipment_property_maintenance::substation_power_transformers,maintenance_cycle_years,6.0,years,numeric,6,Powerlink 2021-22 - Category analysis - Consolidated - 26 October 2022 - PUBLIC(14556313.1).xlsx,2.8 Maintenance,17
powerlink,2021-22,substations_equipment_property_maintenance::substation_property,asset_quantity_at_year_end,128.0,count,numeric,128.0,Powerlink 2021-22 - Category analysis - Consolidated - 26 October 2022 - PUBLIC(14556313.1).xlsx,2.8 Maintenance,18
powerlink,2021-22,substations_equipment_property_maintenance::substation_property,quantity_inspected_maintained,128.0,count,numeric,128.0,Powerlink 2021-22 - Category analysis - Consolidated - 26 October 2022 - PUBLIC(14556313.1).xlsx,2.8 Maintenance,18
powerlink,2021-22,substations_equipment_property_maintenance::substation_property,average_age_of_asset_group,30.83,years,numeric,30.83,Powerlink 2021-22 - Category analysis - Consolidated - 26 October 2022 - PUBLIC(14556313.1).xlsx,2.8 Maintenance,18
powerlink,2021-22,substations_equipment_property_maintenance::substation_property,inspection_cycle_years,0.5,years,numeric,0.5,Powerlink 2021-22 - Category analysis - Consolidated - 26 October 2022 - PUBLIC(14556313.1).xlsx,2.8 Maintenance,18
powerlink,2021-22,substations_equipment_property_maintenance::substation_property,maintenance_cycle_years,6.0,years,numeric,6,Powerlink 2021-22 - Category analysis - Consolidated - 26 October 2022 - PUBLIC(14556313.1).xlsx,2.8 Maintenance,18
powerlink,2021-22,scada_network_control_maintenance::scada_network_control,asset_quantity_at_year_end,6386.0,count,numeric,6386.0,Powerlink 2021-22 - Category analysis - Consolidated - 26 October 2022 - PUBLIC(14556313.1).xlsx,2.8 Maintenance,19
powerlink,2021-22,scada_network_control_maintenance::scada_network_control,quantity_inspected_maintained,6386.0,count,numeric,6386.0,Powerlink 2021-22 - Category analysis - Consolidated - 26 October 2022 - PUBLIC(14556313.1).xlsx,2.8 Maintenance,19
powerlink,2021-22,scada_network_control_maintenance::scada_network_control,average_age_of_asset_group,11.929,years,numeric,11.929,Powerlink 2021-22 - Category analysis - Consolidated - 26 October 2022 - PUBLIC(14556313.1).xlsx,2.8 Maintenance,19
powerlink,2021-22,scada_network_control_maintenance::scada_network_control,inspection_cycle_years,1.0,years,numeric,1.0,Powerlink 2021-22 - Category analysis - Consolidated - 26 October 2022 - PUBLIC(14556313.1).xlsx,2.8 Maintenance,19
powerlink,2021-22,scada_network_control_maintenance::scada_network_control,maintenance_cycle_years,0.0,years,numeric,0,Powerlink 2021-22 - Category analysis - Consolidated - 26 October 2022 - PUBLIC(14556313.1).xlsx,2.8 Maintenance,19
powerlink,2021-22,protection_systems_maintenance::protection_systems,asset_quantity_at_year_end,4967.0,count,numeric,4967.0,Powerlink 2021-22 - Category analysis - Consolidated - 26 October 2022 - PUBLIC(14556313.1).xlsx,2.8 Maintenance,20
powerlink,2021-22,protection_systems_maintenance::protection_systems,quantity_inspected_maintained,4967.0,count,numeric,4967.0,Powerlink 2021-22 - Category analysis - Consolidated - 26 October 2022 - PUBLIC(14556313.1).xlsx,2.8 Maintenance,20
powerlink,2021-22,protection_systems_maintenance::protection_systems,average_age_of_asset_group,11.691,years,numeric,11.691,Powerlink 2021-22 - Category analysis - Consolidated - 26 October 2022 - PUBLIC(14556313.1).xlsx,2.8 Maintenance,20
powerlink,2021-22,protection_systems_maintenance::protection_systems,inspection_cycle_years,6.0,years,numeric,6.0,Powerlink 2021-22 - Category analysis - Consolidated - 26 October 2022 - PUBLIC(14556313.1).xlsx,2.8 Maintenance,20
powerlink,2021-22,protection_systems_maintenance::protection_systems,maintenance_cycle_years,0.0,years,numeric,0,Powerlink 2021-22 - Category analysis - Consolidated - 26 October 2022 - PUBLIC(14556313.1).xlsx,2.8 Maintenance,20
powerlink,2021-22,other_maintenance_activity::transmission_tower_support_structures,asset_quantity_at_year_end,168845.0,count,numeric,168.845,Powerlink 2021-22 - Category analysis - Consolidated - 26 October 2022 - PUBLIC(14556313.1).xlsx,2.8 Maintenance,21
powerlink,2021-22,other_maintenance_activity::transmission_tower_support_structures,quantity_inspected_maintained,1480.0,count,numeric,1.48,Powerlink 2021-22 - Category analysis - Consolidated - 26 October 2022 - PUBLIC(14556313.1).xlsx,2.8 Maintenance,21
powerlink,2021-22,other_maintenance_activity::transmission_tower_support_structures,average_age_of_asset_group,16.56,years,numeric,16.56,Powerlink 2021-22 - Category analysis - Consolidated - 26 October 2022 - PUBLIC(14556313.1).xlsx,2.8 Maintenance,21
powerlink,2021-22,other_maintenance_activity::transmission_tower_support_structures,inspection_cycle_years,5.706,years,numeric,5.706,Powerlink 2021-22 - Category analysis - Consolidated - 26 October 2022 - PUBLIC(14556313.1).xlsx,2.8 Maintenance,21
powerlink,2021-22,other_maintenance_activity::transmission_tower_support_structures,maintenance_cycle_years,0.0,years,numeric,0,Powerlink 2021-22 - Category analysis - Consolidated - 26 October 2022 - PUBLIC(14556313.1).xlsx,2.8 Maintenance,21
powerlink,2021-22,other_maintenance_activity::corridor_maintenance_non_vegetation,asset_quantity_at_year_end,9636.0,km,numeric,9636.0,Powerlink 2021-22 - Category analysis - Consolidated - 26 October 2022 - PUBLIC(14556313.1).xlsx,2.8 Maintenance,22
powerlink,2021-22,other_maintenance_activity::corridor_maintenance_non_vegetation,quantity_inspected_maintained,1549.0,km,numeric,1549.0,Powerlink 2021-22 - Category analysis - Consolidated - 26 October 2022 - PUBLIC(14556313.1).xlsx,2.8 Maintenance,22
powerlink,2021-22,other_maintenance_activity::corridor_maintenance_non_vegetation,average_age_of_asset_group,33.13,years,numeric,33.13,Powerlink 2021-22 - Category analysis - Consolidated - 26 October 2022 - PUBLIC(14556313.1).xlsx,2.8 Maintenance,22
powerlink,2021-22,other_maintenance_activity::corridor_maintenance_non_vegetation,inspection_cycle_years,1.0,years,numeric,1.0,Powerlink 2021-22 - Category analysis - Consolidated - 26 October 2022 - PUBLIC(14556313.1).xlsx,2.8 Maintenance,22
powerlink,2021-22,other_maintenance_activity::corridor_maintenance_non_vegetation,maintenance_cycle_years,0.0,years,numeric,0,Powerlink 2021-22 - Category analysis - Consolidated - 26 October 2022 - PUBLIC(14556313.1).xlsx,2.8 Maintenance,22
powerlink,2022-23,transmission_lines_maintenance::transmission_towers,asset_quantity_at_year_end,23599.0,count,numeric,23599.0,Powerlink 2022-23 - Category Analysis - RIN Response - Consolidated - 27 October 2023 - PUBLIC(15996094.1).xlsx,2.8 Maintenance,13
powerlink,2022-23,transmission_lines_maintenance::transmission_towers,quantity_inspected_maintained,23599.0,count,numeric,23599.0,Powerlink 2022-23 - Category Analysis - RIN Response - Consolidated - 27 October 2023 - PUBLIC(15996094.1).xlsx,2.8 Maintenance,13
powerlink,2022-23,transmission_lines_maintenance::transmission_towers,average_age_of_asset_group,34.09,years,numeric,34.09,Powerlink 2022-23 - Category Analysis - RIN Response - Consolidated - 27 October 2023 - PUBLIC(15996094.1).xlsx,2.8 Maintenance,13
powerlink,2022-23,transmission_lines_maintenance::transmission_towers,inspection_cycle_years,1.0,years,numeric,1.0,Powerlink 2022-23 - Category Analysis - RIN Response - Consolidated - 27 October 2023 - PUBLIC(15996094.1).xlsx,2.8 Maintenance,13
powerlink,2022-23,transmission_lines_maintenance::transmission_towers,maintenance_cycle_years,0.0,years,numeric,0,Powerlink 2022-23 - Category Analysis - RIN Response - Consolidated - 27 October 2023 - PUBLIC(15996094.1).xlsx,2.8 Maintenance,13
powerlink,2022-23,transmission_lines_maintenance::transmission_tower_support_structures,asset_quantity_at_year_end,23599.0,count,numeric,23599.0,Powerlink 2022-23 - Category Analysis - RIN Response - Consolidated - 27 October 2023 - PUBLIC(15996094.1).xlsx,2.8 Maintenance,14
powerlink,2022-23,transmission_lines_maintenance::transmission_tower_support_structures,quantity_inspected_maintained,23599.0,count,numeric,23599.0,Powerlink 2022-23 - Category Analysis - RIN Response - Consolidated - 27 October 2023 - PUBLIC(15996094.1).xlsx,2.8 Maintenance,14
powerlink,2022-23,transmission_lines_maintenance::transmission_tower_support_structures,average_age_of_asset_group,34.1,years,numeric,34.1,Powerlink 2022-23 - Category Analysis - RIN Response - Consolidated - 27 October 2023 - PUBLIC(15996094.1).xlsx,2.8 Maintenance,14
powerlink,2022-23,transmission_lines_maintenance::transmission_tower_support_structures,inspection_cycle_years,1.0,years,numeric,1.0,Powerlink 2022-23 - Category Analysis - RIN Response - Consolidated - 27 October 2023 - PUBLIC(15996094.1).xlsx,2.8 Maintenance,14
powerlink,2022-23,transmission_lines_maintenance::transmission_tower_support_structures,maintenance_cycle_years,0.0,years,numeric,0,Powerlink 2022-23 - Category Analysis - RIN Response - Consolidated - 27 October 2023 - PUBLIC(15996094.1).xlsx,2.8 Maintenance,14
powerlink,2022-23,transmission_lines_maintenance::conductors,asset_quantity_at_year_end,9636.0,km,numeric,9636.0,Powerlink 2022-23 - Category Analysis - RIN Response - Consolidated - 27 October 2023 - PUBLIC(15996094.1).xlsx,2.8 Maintenance,15
powerlink,2022-23,transmission_lines_maintenance::conductors,quantity_inspected_maintained,9636.0,km,numeric,9636.0,Powerlink 2022-23 - Category Analysis - RIN Response - Consolidated - 27 October 2023 - PUBLIC(15996094.1).xlsx,2.8 Maintenance,15
powerlink,2022-23,transmission_lines_maintenance::conductors,average_age_of_asset_group,31.97,years,numeric,31.97,Powerlink 2022-23 - Category Analysis - RIN Response - Consolidated - 27 October 2023 - PUBLIC(15996094.1).xlsx,2.8 Maintenance,15
powerlink,2022-23,transmission_lines_maintenance::conductors,inspection_cycle_years,1.0,years,numeric,1.0,Powerlink 2022-23 - Category Analysis - RIN Response - Consolidated - 27 October 2023 - PUBLIC(15996094.1).xlsx,2.8 Maintenance,15
powerlink,2022-23,transmission_lines_maintenance::conductors,maintenance_cycle_years,0.0,years,numeric,0,Powerlink 2022-23 - Category Analysis - RIN Response - Consolidated - 27 October 2023 - PUBLIC(15996094.1).xlsx,2.8 Maintenance,15
powerlink,2022-23,transmission_lines_maintenance::transmission_cables,asset_quantity_at_year_end,20.24,km,numeric,20.24,Powerlink 2022-23 - Category Analysis - RIN Response - Consolidated - 27 October 2023 - PUBLIC(15996094.1).xlsx,2.8 Maintenance,16
powerlink,2022-23,transmission_lines_maintenance::transmission_cables,quantity_inspected_maintained,20.24,km,numeric,20.24,Powerlink 2022-23 - Category Analysis - RIN Response - Consolidated - 27 October 2023 - PUBLIC(15996094.1).xlsx,2.8 Maintenance,16
powerlink,2022-23,transmission_lines_maintenance::transmission_cables,average_age_of_asset_group,25.07,years,numeric,25.07,Powerlink 2022-23 - Category Analysis - RIN Response - Consolidated - 27 October 2023 - PUBLIC(15996094.1).xlsx,2.8 Maintenance,16
powerlink,2022-23,transmission_lines_maintenance::transmission_cables,inspection_cycle_years,1.0,years,numeric,1.0,Powerlink 2022-23 - Category Analysis - RIN Response - Consolidated - 27 October 2023 - PUBLIC(15996094.1).xlsx,2.8 Maintenance,16
powerlink,2022-23,transmission_lines_maintenance::transmission_cables,maintenance_cycle_years,0.0,years,numeric,0,Powerlink 2022-23 - Category Analysis - RIN Response - Consolidated - 27 October 2023 - PUBLIC(15996094.1).xlsx,2.8 Maintenance,16
powerlink,2022-23,substations_equipment_property_maintenance::substation_switchbays,asset_quantity_at_year_end,1485.0,count,numeric,1485.0,Powerlink 2022-23 - Category Analysis - RIN Response - Consolidated - 27 October 2023 - PUBLIC(15996094.1).xlsx,2.8 Maintenance,17
powerlink,2022-23,substations_equipment_property_maintenance::substation_switchbays,quantity_inspected_maintained,1485.0,count,numeric,1485.0,Powerlink 2022-23 - Category Analysis - RIN Response - Consolidated - 27 October 2023 - PUBLIC(15996094.1).xlsx,2.8 Maintenance,17
powerlink,2022-23,substations_equipment_property_maintenance::substation_switchbays,average_age_of_asset_group,18.87,years,numeric,18.87,Powerlink 2022-23 - Category Analysis - RIN Response - Consolidated - 27 October 2023 - PUBLIC(15996094.1).xlsx,2.8 Maintenance,17
powerlink,2022-23,substations_equipment_property_maintenance::substation_switchbays,inspection_cycle_years,0.5,years,numeric,0.5,Powerlink 2022-23 - Category Analysis - RIN Response - Consolidated - 27 October 2023 - PUBLIC(15996094.1).xlsx,2.8 Maintenance,17
powerlink,2022-23,substations_equipment_property_maintenance::substation_switchbays,maintenance_cycle_years,6.0,years,numeric,6,Powerlink 2022-23 - Category Analysis - RIN Response - Consolidated - 27 October 2023 - PUBLIC(15996094.1).xlsx,2.8 Maintenance,17
powerlink,2022-23,substations_equipment_property_maintenance::substation_power_transformers,asset_quantity_at_year_end,199.0,count,numeric,199.0,Powerlink 2022-23 - Category Analysis - RIN Response - Consolidated - 27 October 2023 - PUBLIC(15996094.1).xlsx,2.8 Maintenance,18
powerlink,2022-23,substations_equipment_property_maintenance::substation_power_transformers,quantity_inspected_maintained,199.0,count,numeric,199.0,Powerlink 2022-23 - Category Analysis - RIN Response - Consolidated - 27 October 2023 - PUBLIC(15996094.1).xlsx,2.8 Maintenance,18
powerlink,2022-23,substations_equipment_property_maintenance::substation_power_transformers,average_age_of_asset_group,20.54,years,numeric,20.54,Powerlink 2022-23 - Category Analysis - RIN Response - Consolidated - 27 October 2023 - PUBLIC(15996094.1).xlsx,2.8 Maintenance,18
powerlink,2022-23,substations_equipment_property_maintenance::substation_power_transformers,inspection_cycle_years,0.5,years,numeric,0.5,Powerlink 2022-23 - Category Analysis - RIN Response - Consolidated - 27 October 2023 - PUBLIC(15996094.1).xlsx,2.8 Maintenance,18
powerlink,2022-23,substations_equipment_property_maintenance::substation_power_transformers,maintenance_cycle_years,6.0,years,numeric,6,Powerlink 2022-23 - Category Analysis - RIN Response - Consolidated - 27 October 2023 - PUBLIC(15996094.1).xlsx,2.8 Maintenance,18
powerlink,2022-23,substations_equipment_property_maintenance::substation_property,asset_quantity_at_year_end,129.0,count,numeric,129.0,Powerlink 2022-23 - Category Analysis - RIN Response - Consolidated - 27 October 2023 - PUBLIC(15996094.1).xlsx,2.8 Maintenance,19
powerlink,2022-23,substations_equipment_property_maintenance::substation_property,quantity_inspected_maintained,129.0,count,numeric,129.0,Powerlink 2022-23 - Category Analysis - RIN Response - Consolidated - 27 October 2023 - PUBLIC(15996094.1).xlsx,2.8 Maintenance,19
powerlink,2022-23,substations_equipment_property_maintenance::substation_property,average_age_of_asset_group,31.28,years,numeric,31.28,Powerlink 2022-23 - Category Analysis - RIN Response - Consolidated - 27 October 2023 - PUBLIC(15996094.1).xlsx,2.8 Maintenance,19
powerlink,2022-23,substations_equipment_property_maintenance::substation_property,inspection_cycle_years,0.5,years,numeric,0.5,Powerlink 2022-23 - Category Analysis - RIN Response - Consolidated - 27 October 2023 - PUBLIC(15996094.1).xlsx,2.8 Maintenance,19
powerlink,2022-23,substations_equipment_property_maintenance::substation_property,maintenance_cycle_years,0.0,years,numeric,0,Powerlink 2022-23 - Category Analysis - RIN Response - Consolidated - 27 October 2023 - PUBLIC(15996094.1).xlsx,2.8 Maintenance,19
powerlink,2022-23,scada_network_control_maintenance::scada_network_control,asset_quantity_at_year_end,6378.0,count,numeric,6378.0,Powerlink 2022-23 - Category Analysis - RIN Response - Consolidated - 27 October 2023 - PUBLIC(15996094.1).xlsx,2.8 Maintenance,20
powerlink,2022-23,scada_network_control_maintenance::scada_network_control,quantity_inspected_maintained,6378.0,count,numeric,6378.0,Powerlink 2022-23 - Category Analysis - RIN Response - Consolidated - 27 October 2023 - PUBLIC(15996094.1).xlsx,2.8 Maintenance,20
powerlink,2022-23,scada_network_control_maintenance::scada_network_control,average_age_of_asset_group,12.54,years,numeric,12.54,Powerlink 2022-23 - Category Analysis - RIN Response - Consolidated - 27 October 2023 - PUBLIC(15996094.1).xlsx,2.8 Maintenance,20
powerlink,2022-23,scada_network_control_maintenance::scada_network_control,inspection_cycle_years,1.0,years,numeric,1.0,Powerlink 2022-23 - Category Analysis - RIN Response - Consolidated - 27 October 2023 - PUBLIC(15996094.1).xlsx,2.8 Maintenance,20
powerlink,2022-23,scada_network_control_maintenance::scada_network_control,maintenance_cycle_years,0.0,years,numeric,0,Powerlink 2022-23 - Category Analysis - RIN Response - Consolidated - 27 October 2023 - PUBLIC(15996094.1).xlsx,2.8 Maintenance,20
powerlink,2022-23,protection_systems_maintenance::protection_systems,asset_quantity_at_year_end,4901.0,count,numeric,4901.0,Powerlink 2022-23 - Category Analysis - RIN Response - Consolidated - 27 October 2023 - PUBLIC(15996094.1).xlsx,2.8 Maintenance,21
powerlink,2022-23,protection_systems_maintenance::protection_systems,quantity_inspected_maintained,4901.0,count,numeric,4901.0,Powerlink 2022-23 - Category Analysis - RIN Response - Consolidated - 27 October 2023 - PUBLIC(15996094.1).xlsx,2.8 Maintenance,21
powerlink,2022-23,protection_systems_maintenance::protection_systems,average_age_of_asset_group,12.23,years,numeric,12.23,Powerlink 2022-23 - Category Analysis - RIN Response - Consolidated - 27 October 2023 - PUBLIC(15996094.1).xlsx,2.8 Maintenance,21
powerlink,2022-23,protection_systems_maintenance::protection_systems,inspection_cycle_years,6.0,years,numeric,6.0,Powerlink 2022-23 - Category Analysis - RIN Response - Consolidated - 27 October 2023 - PUBLIC(15996094.1).xlsx,2.8 Maintenance,21
powerlink,2022-23,protection_systems_maintenance::protection_systems,maintenance_cycle_years,0.0,years,numeric,0,Powerlink 2022-23 - Category Analysis - RIN Response - Consolidated - 27 October 2023 - PUBLIC(15996094.1).xlsx,2.8 Maintenance,21
powerlink,2022-23,other_maintenance_activity::transmission_tower_support_structures,asset_quantity_at_year_end,168191.0,count,numeric,168191.0,Powerlink 2022-23 - Category Analysis - RIN Response - Consolidated - 27 October 2023 - PUBLIC(15996094.1).xlsx,2.8 Maintenance,22
powerlink,2022-23,other_maintenance_activity::transmission_tower_support_structures,quantity_inspected_maintained,1470.0,count,numeric,1470.0,Powerlink 2022-23 - Category Analysis - RIN Response - Consolidated - 27 October 2023 - PUBLIC(15996094.1).xlsx,2.8 Maintenance,22
powerlink,2022-23,other_maintenance_activity::transmission_tower_support_structures,average_age_of_asset_group,17.51,years,numeric,17.51,Powerlink 2022-23 - Category Analysis - RIN Response - Consolidated - 27 October 2023 - PUBLIC(15996094.1).xlsx,2.8 Maintenance,22
powerlink,2022-23,other_maintenance_activity::transmission_tower_support_structures,inspection_cycle_years,5.72,years,numeric,5.72,Powerlink 2022-23 - Category Analysis - RIN Response - Consolidated - 27 October 2023 - PUBLIC(15996094.1).xlsx,2.8 Maintenance,22
powerlink,2022-23,other_maintenance_activity::transmission_tower_support_structures,maintenance_cycle_years,0.0,years,numeric,0,Powerlink 2022-23 - Category Analysis - RIN Response - Consolidated - 27 October 2023 - PUBLIC(15996094.1).xlsx,2.8 Maintenance,22
powerlink,2022-23,other_maintenance_activity::corridor_maintenance_non_vegetation,asset_quantity_at_year_end,9645.0,km,numeric,9645.0,Powerlink 2022-23 - Category Analysis - RIN Response - Consolidated - 27 October 2023 - PUBLIC(15996094.1).xlsx,2.8 Maintenance,23
powerlink,2022-23,other_maintenance_activity::corridor_maintenance_non_vegetation,quantity_inspected_maintained,2789.0,km,numeric,2789.0,Powerlink 2022-23 - Category Analysis - RIN Response - Consolidated - 27 October 2023 - PUBLIC(15996094.1).xlsx,2.8 Maintenance,23
powerlink,2022-23,other_maintenance_activity::corridor_maintenance_non_vegetation,average_age_of_asset_group,34.09,years,numeric,34.09,Powerlink 2022-23 - Category Analysis - RIN Response - Consolidated - 27 October 2023 - PUBLIC(15996094.1).xlsx,2.8 Maintenance,23
powerlink,2022-23,other_maintenance_activity::corridor_maintenance_non_vegetation,inspection_cycle_years,1.0,years,numeric,1.0,Powerlink 2022-23 - Category Analysis - RIN Response - Consolidated - 27 October 2023 - PUBLIC(15996094.1).xlsx,2.8 Maintenance,23
powerlink,2022-23,other_maintenance_activity::corridor_maintenance_non_vegetation,maintenance_cycle_years,0.0,years,numeric,0,Powerlink 2022-23 - Category Analysis - RIN Response - Consolidated - 27 October 2023 - PUBLIC(15996094.1).xlsx,2.8 Maintenance,23
powerlink,2023-24,transmission_lines_maintenance::transmission_towers,asset_quantity_at_year_end,23626.0,count,numeric,23626.0,Powerlink 2023-24 - Category Analysis - RIN Response - Consolidated - 28 October 2024 - PUBLIC(17452408.1).xlsx,2.8 Maintenance,13
powerlink,2023-24,transmission_lines_maintenance::transmission_towers,quantity_inspected_maintained,23626.0,count,numeric,23626.0,Powerlink 2023-24 - Category Analysis - RIN Response - Consolidated - 28 October 2024 - PUBLIC(17452408.1).xlsx,2.8 Maintenance,13
powerlink,2023-24,transmission_lines_maintenance::transmission_towers,average_age_of_asset_group,35.04,years,numeric,35.04,Powerlink 2023-24 - Category Analysis - RIN Response - Consolidated - 28 October 2024 - PUBLIC(17452408.1).xlsx,2.8 Maintenance,13
powerlink,2023-24,transmission_lines_maintenance::transmission_towers,inspection_cycle_years,1.0,years,numeric,1.0,Powerlink 2023-24 - Category Analysis - RIN Response - Consolidated - 28 October 2024 - PUBLIC(17452408.1).xlsx,2.8 Maintenance,13
powerlink,2023-24,transmission_lines_maintenance::transmission_towers,maintenance_cycle_years,0.0,years,numeric,0,Powerlink 2023-24 - Category Analysis - RIN Response - Consolidated - 28 October 2024 - PUBLIC(17452408.1).xlsx,2.8 Maintenance,13
powerlink,2023-24,transmission_lines_maintenance::transmission_tower_support_structures,asset_quantity_at_year_end,23626.0,count,numeric,23626.0,Powerlink 2023-24 - Category Analysis - RIN Response - Consolidated - 28 October 2024 - PUBLIC(17452408.1).xlsx,2.8 Maintenance,14
powerlink,2023-24,transmission_lines_maintenance::transmission_tower_support_structures,quantity_inspected_maintained,23626.0,count,numeric,23626.0,Powerlink 2023-24 - Category Analysis - RIN Response - Consolidated - 28 October 2024 - PUBLIC(17452408.1).xlsx,2.8 Maintenance,14
powerlink,2023-24,transmission_lines_maintenance::transmission_tower_support_structures,average_age_of_asset_group,35.04,years,numeric,35.04,Powerlink 2023-24 - Category Analysis - RIN Response - Consolidated - 28 October 2024 - PUBLIC(17452408.1).xlsx,2.8 Maintenance,14
powerlink,2023-24,transmission_lines_maintenance::transmission_tower_support_structures,inspection_cycle_years,1.0,years,numeric,1.0,Powerlink 2023-24 - Category Analysis - RIN Response - Consolidated - 28 October 2024 - PUBLIC(17452408.1).xlsx,2.8 Maintenance,14
powerlink,2023-24,transmission_lines_maintenance::transmission_tower_support_structures,maintenance_cycle_years,0.0,years,numeric,0,Powerlink 2023-24 - Category Analysis - RIN Response - Consolidated - 28 October 2024 - PUBLIC(17452408.1).xlsx,2.8 Maintenance,14
powerlink,2023-24,transmission_lines_maintenance::conductors,asset_quantity_at_year_end,9640.0,km,numeric,9640.0,Powerlink 2023-24 - Category Analysis - RIN Response - Consolidated - 28 October 2024 - PUBLIC(17452408.1).xlsx,2.8 Maintenance,15
powerlink,2023-24,transmission_lines_maintenance::conductors,quantity_inspected_maintained,9640.0,km,numeric,9640.0,Powerlink 2023-24 - Category Analysis - RIN Response - Consolidated - 28 October 2024 - PUBLIC(17452408.1).xlsx,2.8 Maintenance,15
powerlink,2023-24,transmission_lines_maintenance::conductors,average_age_of_asset_group,32.94,years,numeric,32.94,Powerlink 2023-24 - Category Analysis - RIN Response - Consolidated - 28 October 2024 - PUBLIC(17452408.1).xlsx,2.8 Maintenance,15
powerlink,2023-24,transmission_lines_maintenance::conductors,inspection_cycle_years,1.0,years,numeric,1.0,Powerlink 2023-24 - Category Analysis - RIN Response - Consolidated - 28 October 2024 - PUBLIC(17452408.1).xlsx,2.8 Maintenance,15
powerlink,2023-24,transmission_lines_maintenance::conductors,maintenance_cycle_years,0.0,years,numeric,0,Powerlink 2023-24 - Category Analysis - RIN Response - Consolidated - 28 October 2024 - PUBLIC(17452408.1).xlsx,2.8 Maintenance,15
powerlink,2023-24,transmission_lines_maintenance::transmission_cables,asset_quantity_at_year_end,20.24,km,numeric,20.24,Powerlink 2023-24 - Category Analysis - RIN Response - Consolidated - 28 October 2024 - PUBLIC(17452408.1).xlsx,2.8 Maintenance,16
powerlink,2023-24,transmission_lines_maintenance::transmission_cables,quantity_inspected_maintained,20.24,km,numeric,20.24,Powerlink 2023-24 - Category Analysis - RIN Response - Consolidated - 28 October 2024 - PUBLIC(17452408.1).xlsx,2.8 Maintenance,16
powerlink,2023-24,transmission_lines_maintenance::transmission_cables,average_age_of_asset_group,26.07,years,numeric,26.07,Powerlink 2023-24 - Category Analysis - RIN Response - Consolidated - 28 October 2024 - PUBLIC(17452408.1).xlsx,2.8 Maintenance,16
powerlink,2023-24,transmission_lines_maintenance::transmission_cables,inspection_cycle_years,1.0,years,numeric,1.0,Powerlink 2023-24 - Category Analysis - RIN Response - Consolidated - 28 October 2024 - PUBLIC(17452408.1).xlsx,2.8 Maintenance,16
powerlink,2023-24,transmission_lines_maintenance::transmission_cables,maintenance_cycle_years,0.0,years,numeric,0,Powerlink 2023-24 - Category Analysis - RIN Response - Consolidated - 28 October 2024 - PUBLIC(17452408.1).xlsx,2.8 Maintenance,16
powerlink,2023-24,substations_equipment_property_maintenance::substation_switchbays,asset_quantity_at_year_end,1493.0,count,numeric,1493.0,Powerlink 2023-24 - Category Analysis - RIN Response - Consolidated - 28 October 2024 - PUBLIC(17452408.1).xlsx,2.8 Maintenance,17
powerlink,2023-24,substations_equipment_property_maintenance::substation_switchbays,quantity_inspected_maintained,1493.0,count,numeric,1493.0,Powerlink 2023-24 - Category Analysis - RIN Response - Consolidated - 28 October 2024 - PUBLIC(17452408.1).xlsx,2.8 Maintenance,17
powerlink,2023-24,substations_equipment_property_maintenance::substation_switchbays,average_age_of_asset_group,19.56,years,numeric,19.56,Powerlink 2023-24 - Category Analysis - RIN Response - Consolidated - 28 October 2024 - PUBLIC(17452408.1).xlsx,2.8 Maintenance,17
powerlink,2023-24,substations_equipment_property_maintenance::substation_switchbays,inspection_cycle_years,0.5,years,numeric,0.5,Powerlink 2023-24 - Category Analysis - RIN Response - Consolidated - 28 October 2024 - PUBLIC(17452408.1).xlsx,2.8 Maintenance,17
powerlink,2023-24,substations_equipment_property_maintenance::substation_switchbays,maintenance_cycle_years,6.0,years,numeric,6,Powerlink 2023-24 - Category Analysis - RIN Response - Consolidated - 28 October 2024 - PUBLIC(17452408.1).xlsx,2.8 Maintenance,17
powerlink,2023-24,substations_equipment_property_maintenance::substation_power_transformers,asset_quantity_at_year_end,197.0,count,numeric,197.0,Powerlink 2023-24 - Category Analysis - RIN Response - Consolidated - 28 October 2024 - PUBLIC(17452408.1).xlsx,2.8 Maintenance,18
powerlink,2023-24,substations_equipment_property_maintenance::substation_power_transformers,quantity_inspected_maintained,197.0,count,numeric,197.0,Powerlink 2023-24 - Category Analysis - RIN Response - Consolidated - 28 October 2024 - PUBLIC(17452408.1).xlsx,2.8 Maintenance,18
powerlink,2023-24,substations_equipment_property_maintenance::substation_power_transformers,average_age_of_asset_group,21.22,years,numeric,21.22,Powerlink 2023-24 - Category Analysis - RIN Response - Consolidated - 28 October 2024 - PUBLIC(17452408.1).xlsx,2.8 Maintenance,18
powerlink,2023-24,substations_equipment_property_maintenance::substation_power_transformers,inspection_cycle_years,0.5,years,numeric,0.5,Powerlink 2023-24 - Category Analysis - RIN Response - Consolidated - 28 October 2024 - PUBLIC(17452408.1).xlsx,2.8 Maintenance,18
powerlink,2023-24,substations_equipment_property_maintenance::substation_power_transformers,maintenance_cycle_years,6.0,years,numeric,6,Powerlink 2023-24 - Category Analysis - RIN Response - Consolidated - 28 October 2024 - PUBLIC(17452408.1).xlsx,2.8 Maintenance,18
powerlink,2023-24,substations_equipment_property_maintenance::substation_property,asset_quantity_at_year_end,130.0,count,numeric,130.0,Powerlink 2023-24 - Category Analysis - RIN Response - Consolidated - 28 October 2024 - PUBLIC(17452408.1).xlsx,2.8 Maintenance,19
powerlink,2023-24,substations_equipment_property_maintenance::substation_property,quantity_inspected_maintained,130.0,count,numeric,130.0,Powerlink 2023-24 - Category Analysis - RIN Response - Consolidated - 28 October 2024 - PUBLIC(17452408.1).xlsx,2.8 Maintenance,19
powerlink,2023-24,substations_equipment_property_maintenance::substation_property,average_age_of_asset_group,32.03,years,numeric,32.03,Powerlink 2023-24 - Category Analysis - RIN Response - Consolidated - 28 October 2024 - PUBLIC(17452408.1).xlsx,2.8 Maintenance,19
powerlink,2023-24,substations_equipment_property_maintenance::substation_property,inspection_cycle_years,0.5,years,numeric,0.5,Powerlink 2023-24 - Category Analysis - RIN Response - Consolidated - 28 October 2024 - PUBLIC(17452408.1).xlsx,2.8 Maintenance,19
powerlink,2023-24,substations_equipment_property_maintenance::substation_property,maintenance_cycle_years,0.0,years,numeric,0,Powerlink 2023-24 - Category Analysis - RIN Response - Consolidated - 28 October 2024 - PUBLIC(17452408.1).xlsx,2.8 Maintenance,19
powerlink,2023-24,scada_network_control_maintenance::scada_network_control,asset_quantity_at_year_end,6303.0,count,numeric,6303.0,Powerlink 2023-24 - Category Analysis - RIN Response - Consolidated - 28 October 2024 - PUBLIC(17452408.1).xlsx,2.8 Maintenance,20
powerlink,2023-24,scada_network_control_maintenance::scada_network_control,quantity_inspected_maintained,6303.0,count,numeric,6303.0,Powerlink 2023-24 - Category Analysis - RIN Response - Consolidated - 28 October 2024 - PUBLIC(17452408.1).xlsx,2.8 Maintenance,20
powerlink,2023-24,scada_network_control_maintenance::scada_network_control,average_age_of_asset_group,12.531,years,numeric,12.531,Powerlink 2023-24 - Category Analysis - RIN Response - Consolidated - 28 October 2024 - PUBLIC(17452408.1).xlsx,2.8 Maintenance,20
powerlink,2023-24,scada_network_control_maintenance::scada_network_control,inspection_cycle_years,1.0,years,numeric,1.0,Powerlink 2023-24 - Category Analysis - RIN Response - Consolidated - 28 October 2024 - PUBLIC(17452408.1).xlsx,2.8 Maintenance,20
powerlink,2023-24,scada_network_control_maintenance::scada_network_control,maintenance_cycle_years,0.0,years,numeric,0,Powerlink 2023-24 - Category Analysis - RIN Response - Consolidated - 28 October 2024 - PUBLIC(17452408.1).xlsx,2.8 Maintenance,20
powerlink,2023-24,protection_systems_maintenance::protection_systems,asset_quantity_at_year_end,4879.0,count,numeric,4879.0,Powerlink 2023-24 - Category Analysis - RIN Response - Consolidated - 28 October 2024 - PUBLIC(17452408.1).xlsx,2.8 Maintenance,21
powerlink,2023-24,protection_systems_maintenance::protection_systems,quantity_inspected_maintained,4879.0,count,numeric,4879.0,Powerlink 2023-24 - Category Analysis - RIN Response - Consolidated - 28 October 2024 - PUBLIC(17452408.1).xlsx,2.8 Maintenance,21
powerlink,2023-24,protection_systems_maintenance::protection_systems,average_age_of_asset_group,12.5628,years,numeric,12.5628,Powerlink 2023-24 - Category Analysis - RIN Response - Consolidated - 28 October 2024 - PUBLIC(17452408.1).xlsx,2.8 Maintenance,21
powerlink,2023-24,protection_systems_maintenance::protection_systems,inspection_cycle_years,6.0,years,numeric,6.0,Powerlink 2023-24 - Category Analysis - RIN Response - Consolidated - 28 October 2024 - PUBLIC(17452408.1).xlsx,2.8 Maintenance,21
powerlink,2023-24,protection_systems_maintenance::protection_systems,maintenance_cycle_years,0.0,years,numeric,0,Powerlink 2023-24 - Category Analysis - RIN Response - Consolidated - 28 October 2024 - PUBLIC(17452408.1).xlsx,2.8 Maintenance,21
powerlink,2023-24,other_maintenance_activity::transmission_tower_support_structures,asset_quantity_at_year_end,168800.0,count,numeric,168.8,Powerlink 2023-24 - Category Analysis - RIN Response - Consolidated - 28 October 2024 - PUBLIC(17452408.1).xlsx,2.8 Maintenance,22
powerlink,2023-24,other_maintenance_activity::transmission_tower_support_structures,quantity_inspected_maintained,1489.0,count,numeric,1.489,Powerlink 2023-24 - Category Analysis - RIN Response - Consolidated - 28 October 2024 - PUBLIC(17452408.1).xlsx,2.8 Maintenance,22
powerlink,2023-24,other_maintenance_activity::transmission_tower_support_structures,average_age_of_asset_group,18.74,years,numeric,18.74,Powerlink 2023-24 - Category Analysis - RIN Response - Consolidated - 28 October 2024 - PUBLIC(17452408.1).xlsx,2.8 Maintenance,22
powerlink,2023-24,other_maintenance_activity::transmission_tower_support_structures,inspection_cycle_years,5.668,years,numeric,5.668,Powerlink 2023-24 - Category Analysis - RIN Response - Consolidated - 28 October 2024 - PUBLIC(17452408.1).xlsx,2.8 Maintenance,22
powerlink,2023-24,other_maintenance_activity::transmission_tower_support_structures,maintenance_cycle_years,0.0,years,numeric,0,Powerlink 2023-24 - Category Analysis - RIN Response - Consolidated - 28 October 2024 - PUBLIC(17452408.1).xlsx,2.8 Maintenance,22
powerlink,2023-24,other_maintenance_activity::corridor_maintenance_non_vegetation,asset_quantity_at_year_end,9648.0,km,numeric,9648.0,Powerlink 2023-24 - Category Analysis - RIN Response - Consolidated - 28 October 2024 - PUBLIC(17452408.1).xlsx,2.8 Maintenance,23
powerlink,2023-24,other_maintenance_activity::corridor_maintenance_non_vegetation,quantity_inspected_maintained,3416.0,km,numeric,3416.0,Powerlink 2023-24 - Category Analysis - RIN Response - Consolidated - 28 October 2024 - PUBLIC(17452408.1).xlsx,2.8 Maintenance,23
powerlink,2023-24,other_maintenance_activity::corridor_maintenance_non_vegetation,average_age_of_asset_group,35.04,years,numeric,35.04,Powerlink 2023-24 - Category Analysis - RIN Response - Consolidated - 28 October 2024 - PUBLIC(17452408.1).xlsx,2.8 Maintenance,23
powerlink,2023-24,other_maintenance_activity::corridor_maintenance_non_vegetation,inspection_cycle_years,1.0,years,numeric,1.0,Powerlink 2023-24 - Category Analysis - RIN Response - Consolidated - 28 October 2024 - PUBLIC(17452408.1).xlsx,2.8 Maintenance,23
powerlink,2023-24,other_maintenance_activity::corridor_maintenance_non_vegetation,maintenance_cycle_years,0.0,years,numeric,0,Powerlink 2023-24 - Category Analysis - RIN Response - Consolidated - 28 October 2024 - PUBLIC(17452408.1).xlsx,2.8 Maintenance,23
transgrid,2018-19,transmission_lines_maintenance::transmission_towers,asset_quantity_at_year_end,37276.0,count,numeric,37276.0,Transgrid 2018-19 - Category Analysis - RIN Response - Consolidated - 31 October 2019 - PUBLIC D19-175594.XLSM.xlsx,2.8 Maintenance,12
transgrid,2018-19,transmission_lines_maintenance::transmission_towers,quantity_inspected_maintained,7491.0,count,numeric,7491.0,Transgrid 2018-19 - Category Analysis - RIN Response - Consolidated - 31 October 2019 - PUBLIC D19-175594.XLSM.xlsx,2.8 Maintenance,12
transgrid,2018-19,transmission_lines_maintenance::transmission_towers,average_age_of_asset_group,38.20396501770576,years,numeric,38.20396501770576,Transgrid 2018-19 - Category Analysis - RIN Response - Consolidated - 31 October 2019 - PUBLIC D19-175594.XLSM.xlsx,2.8 Maintenance,12
transgrid,2018-19,transmission_lines_maintenance::transmission_towers,inspection_cycle_years,5.041950449116573,years,numeric,5.041950449116573,Transgrid 2018-19 - Category Analysis - RIN Response - Consolidated - 31 October 2019 - PUBLIC D19-175594.XLSM.xlsx,2.8 Maintenance,12
transgrid,2018-19,transmission_lines_maintenance::transmission_towers,maintenance_cycle_years,5.3387313650979245,years,numeric,5.3387313650979245,Transgrid 2018-19 - Category Analysis - RIN Response - Consolidated - 31 October 2019 - PUBLIC D19-175594.XLSM.xlsx,2.8 Maintenance,12
transgrid,2018-19,transmission_lines_maintenance::transmission_tower_support_structures,asset_quantity_at_year_end,,count,blank,,Transgrid 2018-19 - Category Analysis - RIN Response - Consolidated - 31 October 2019 - PUBLIC D19-175594.XLSM.xlsx,2.8 Maintenance,13
transgrid,2018-19,transmission_lines_maintenance::transmission_tower_support_structures,quantity_inspected_maintained,,count,blank,,Transgrid 2018-19 - Category Analysis - RIN Response - Consolidated - 31 October 2019 - PUBLIC D19-175594.XLSM.xlsx,2.8 Maintenance,13
transgrid,2018-19,transmission_lines_maintenance::transmission_tower_support_structures,average_age_of_asset_group,,years,blank,,Transgrid 2018-19 - Category Analysis - RIN Response - Consolidated - 31 October 2019 - PUBLIC D19-175594.XLSM.xlsx,2.8 Maintenance,13
transgrid,2018-19,transmission_lines_maintenance::transmission_tower_support_structures,inspection_cycle_years,,years,blank,,Transgrid 2018-19 - Category Analysis - RIN Response - Consolidated - 31 October 2019 - PUBLIC D19-175594.XLSM.xlsx,2.8 Maintenance,13
transgrid,2018-19,transmission_lines_maintenance::transmission_tower_support_structures,maintenance_cycle_years,,years,blank,,Transgrid 2018-19 - Category Analysis - RIN Response - Consolidated - 31 October 2019 - PUBLIC D19-175594.XLSM.xlsx,2.8 Maintenance,13
transgrid,2018-19,transmission_lines_maintenance::conductors,asset_quantity_at_year_end,11258.806083333331,km,numeric,11258.806083333331,Transgrid 2018-19 - Category Analysis - RIN Response - Consolidated - 31 October 2019 - PUBLIC D19-175594.XLSM.xlsx,2.8 Maintenance,14
transgrid,2018-19,transmission_lines_maintenance::conductors,quantity_inspected_maintained,6285.280250000001,km,numeric,6285.280250000001,Transgrid 2018-19 - Category Analysis - RIN Response - Consolidated - 31 October 2019 - PUBLIC D19-175594.XLSM.xlsx,2.8 Maintenance,14
transgrid,2018-19,transmission_lines_maintenance::conductors,average_age_of_asset_group,41.90247232818594,years,numeric,41.90247232818594,Transgrid 2018-19 - Category Analysis - RIN Response - Consolidated - 31 October 2019 - PUBLIC D19-175594.XLSM.xlsx,2.8 Maintenance,14
transgrid,2018-19,transmission_lines_maintenance::conductors,inspection_cycle_years,7.778307062381246,years,numeric,7.778307062381246,Transgrid 2018-19 - Category Analysis - RIN Response - Consolidated - 31 October 2019 - PUBLIC D19-175594.XLSM.xlsx,2.8 Maintenance,14
transgrid,2018-19,transmission_lines_maintenance::conductors,maintenance_cycle_years,0.0,years,numeric,0.0,Transgrid 2018-19 - Category Analysis - RIN Response - Consolidated - 31 October 2019 - PUBLIC D19-175594.XLSM.xlsx,2.8 Maintenance,14
transgrid,2018-19,transmission_lines_maintenance::transmission_cables,asset_quantity_at_year_end,70.01499999999999,km,numeric,70.01499999999999,Transgrid 2018-19 - Category Analysis - RIN Response - Consolidated - 31 October 2019 - PUBLIC D19-175594.XLSM.xlsx,2.8 Maintenance,15
transgrid,2018-19,transmission_lines_maintenance::transmission_cables,quantity_inspected_maintained,66.39799999999998,km,numeric,66.39799999999998,Transgrid 2018-19 - Category Analysis - RIN Response - Consolidated - 31 October 2019 - PUBLIC D19-175594.XLSM.xlsx,2.8 Maintenance,15
transgrid,2018-19,transmission_lines_maintenance::transmission_cables,average_age_of_asset_group,15.598181669164491,years,numeric,15.598181669164491,Transgrid 2018-19 - Category Analysis - RIN Response - Consolidated - 31 October 2019 - PUBLIC D19-175594.XLSM.xlsx,2.8 Maintenance,15
transgrid,2018-19,transmission_lines_maintenance::transmission_cables,inspection_cycle_years,0.0967327027443891,years,numeric,0.0967327027443891,Transgrid 2018-19 - Category Analysis - RIN Response - Consolidated - 31 October 2019 - PUBLIC D19-175594.XLSM.xlsx,2.8 Maintenance,15
transgrid,2018-19,transmission_lines_maintenance::transmission_cables,maintenance_cycle_years,1.4835392415910882,years,numeric,1.4835392415910882,Transgrid 2018-19 - Category Analysis - RIN Response - Consolidated - 31 October 2019 - PUBLIC D19-175594.XLSM.xlsx,2.8 Maintenance,15
transgrid,2018-19,substations_equipment_property_maintenance::substation_switchbays,asset_quantity_at_year_end,2273.0,count,numeric,2273.0,Transgrid 2018-19 - Category Analysis - RIN Response - Consolidated - 31 October 2019 - PUBLIC D19-175594.XLSM.xlsx,2.8 Maintenance,16
transgrid,2018-19,substations_equipment_property_maintenance::substation_switchbays,quantity_inspected_maintained,672.0,count,numeric,672.0,Transgrid 2018-19 - Category Analysis - RIN Response - Consolidated - 31 October 2019 - PUBLIC D19-175594.XLSM.xlsx,2.8 Maintenance,16
transgrid,2018-19,substations_equipment_property_maintenance::substation_switchbays,average_age_of_asset_group,30.56577210734712,years,numeric,30.56577210734712,Transgrid 2018-19 - Category Analysis - RIN Response - Consolidated - 31 October 2019 - PUBLIC D19-175594.XLSM.xlsx,2.8 Maintenance,16
transgrid,2018-19,substations_equipment_property_maintenance::substation_switchbays,inspection_cycle_years,0.5,years,numeric,0.5,Transgrid 2018-19 - Category Analysis - RIN Response - Consolidated - 31 October 2019 - PUBLIC D19-175594.XLSM.xlsx,2.8 Maintenance,16
transgrid,2018-19,substations_equipment_property_maintenance::substation_switchbays,maintenance_cycle_years,5.340773873123715,years,numeric,5.340773873123715,Transgrid 2018-19 - Category Analysis - RIN Response - Consolidated - 31 October 2019 - PUBLIC D19-175594.XLSM.xlsx,2.8 Maintenance,16
transgrid,2018-19,substations_equipment_property_maintenance::substation_power_transformers,asset_quantity_at_year_end,218.0,count,numeric,218.0,Transgrid 2018-19 - Category Analysis - RIN Response - Consolidated - 31 October 2019 - PUBLIC D19-175594.XLSM.xlsx,2.8 Maintenance,17
transgrid,2018-19,substations_equipment_property_maintenance::substation_power_transformers,quantity_inspected_maintained,210.0,count,numeric,210.0,Transgrid 2018-19 - Category Analysis - RIN Response - Consolidated - 31 October 2019 - PUBLIC D19-175594.XLSM.xlsx,2.8 Maintenance,17
transgrid,2018-19,substations_equipment_property_maintenance::substation_power_transformers,average_age_of_asset_group,22.86697247706422,years,numeric,22.86697247706422,Transgrid 2018-19 - Category Analysis - RIN Response - Consolidated - 31 October 2019 - PUBLIC D19-175594.XLSM.xlsx,2.8 Maintenance,17
transgrid,2018-19,substations_equipment_property_maintenance::substation_power_transformers,inspection_cycle_years,0.5,years,numeric,0.5,Transgrid 2018-19 - Category Analysis - RIN Response - Consolidated - 31 October 2019 - PUBLIC D19-175594.XLSM.xlsx,2.8 Maintenance,17
transgrid,2018-19,substations_equipment_property_maintenance::substation_power_transformers,maintenance_cycle_years,5.10091743119266,years,numeric,5.10091743119266,Transgrid 2018-19 - Category Analysis - RIN Response - Consolidated - 31 October 2019 - PUBLIC D19-175594.XLSM.xlsx,2.8 Maintenance,17
transgrid,2018-19,substations_equipment_property_maintenance::substation_property,asset_quantity_at_year_end,94.0,count,numeric,94.0,Transgrid 2018-19 - Category Analysis - RIN Response - Consolidated - 31 October 2019 - PUBLIC D19-175594.XLSM.xlsx,2.8 Maintenance,18
transgrid,2018-19,substations_equipment_property_maintenance::substation_property,quantity_inspected_maintained,94.0,count,numeric,94.0,Transgrid 2018-19 - Category Analysis - RIN Response - Consolidated - 31 October 2019 - PUBLIC D19-175594.XLSM.xlsx,2.8 Maintenance,18
transgrid,2018-19,substations_equipment_property_maintenance::substation_property,average_age_of_asset_group,35.680851063829785,years,numeric,35.680851063829785,Transgrid 2018-19 - Category Analysis - RIN Response - Consolidated - 31 October 2019 - PUBLIC D19-175594.XLSM.xlsx,2.8 Maintenance,18
transgrid,2018-19,substations_equipment_property_maintenance::substation_property,inspection_cycle_years,0.5851063829787234,years,numeric,0.5851063829787234,Transgrid 2018-19 - Category Analysis - RIN Response - Consolidated - 31 October 2019 - PUBLIC D19-175594.XLSM.xlsx,2.8 Maintenance,18
transgrid,2018-19,substations_equipment_property_maintenance::substation_property,maintenance_cycle_years,0.25,years,numeric,0.25,Transgrid 2018-19 - Category Analysis - RIN Response - Consolidated - 31 October 2019 - PUBLIC D19-175594.XLSM.xlsx,2.8 Maintenance,18
transgrid,2018-19,scada_network_control_maintenance::scada_network_control,asset_quantity_at_year_end,1887.0,count,numeric,1887.0,Transgrid 2018-19 - Category Analysis - RIN Response - Consolidated - 31 October 2019 - PUBLIC D19-175594.XLSM.xlsx,2.8 Maintenance,19
transgrid,2018-19,scada_network_control_maintenance::scada_network_control,quantity_inspected_maintained,160.0,count,numeric,160.0,Transgrid 2018-19 - Category Analysis - RIN Response - Consolidated - 31 October 2019 - PUBLIC D19-175594.XLSM.xlsx,2.8 Maintenance,19
transgrid,2018-19,scada_network_control_maintenance::scada_network_control,average_age_of_asset_group,8.15,years,numeric,8.15,Transgrid 2018-19 - Category Analysis - RIN Response - Consolidated - 31 October 2019 - PUBLIC D19-175594.XLSM.xlsx,2.8 Maintenance,19
transgrid,2018-19,scada_network_control_maintenance::scada_network_control,inspection_cycle_years,,years,blank,,Transgrid 2018-19 - Category Analysis - RIN Response - Consolidated - 31 October 2019 - PUBLIC D19-175594.XLSM.xlsx,2.8 Maintenance,19
transgrid,2018-19,scada_network_control_maintenance::scada_network_control,maintenance_cycle_years,,years,blank,,Transgrid 2018-19 - Category Analysis - RIN Response - Consolidated - 31 October 2019 - PUBLIC D19-175594.XLSM.xlsx,2.8 Maintenance,19
transgrid,2018-19,protection_systems_maintenance::protection_systems,asset_quantity_at_year_end,3125.0,count,numeric,3125.0,Transgrid 2018-19 - Category Analysis - RIN Response - Consolidated - 31 October 2019 - PUBLIC D19-175594.XLSM.xlsx,2.8 Maintenance,20
transgrid,2018-19,protection_systems_maintenance::protection_systems,quantity_inspected_maintained,1251.0,count,numeric,1251.0,Transgrid 2018-19 - Category Analysis - RIN Response - Consolidated - 31 October 2019 - PUBLIC D19-175594.XLSM.xlsx,2.8 Maintenance,20
transgrid,2018-19,protection_systems_maintenance::protection_systems,average_age_of_asset_group,14.92,years,numeric,14.92,Transgrid 2018-19 - Category Analysis - RIN Response - Consolidated - 31 October 2019 - PUBLIC D19-175594.XLSM.xlsx,2.8 Maintenance,20
transgrid,2018-19,protection_systems_maintenance::protection_systems,inspection_cycle_years,,years,blank,,Transgrid 2018-19 - Category Analysis - RIN Response - Consolidated - 31 October 2019 - PUBLIC D19-175594.XLSM.xlsx,2.8 Maintenance,20
transgrid,2018-19,protection_systems_maintenance::protection_systems,maintenance_cycle_years,6.27,years,numeric,6.27,Transgrid 2018-19 - Category Analysis - RIN Response - Consolidated - 31 October 2019 - PUBLIC D19-175594.XLSM.xlsx,2.8 Maintenance,20
transgrid,2018-19,other_maintenance_activity::metering,asset_quantity_at_year_end,828.0,count,numeric,828.0,Transgrid 2018-19 - Category Analysis - RIN Response - Consolidated - 31 October 2019 - PUBLIC D19-175594.XLSM.xlsx,2.8 Maintenance,21
transgrid,2018-19,other_maintenance_activity::metering,quantity_inspected_maintained,318.0,count,numeric,318.0,Transgrid 2018-19 - Category Analysis - RIN Response - Consolidated - 31 October 2019 - PUBLIC D19-175594.XLSM.xlsx,2.8 Maintenance,21
transgrid,2018-19,other_maintenance_activity::metering,average_age_of_asset_group,7.14,years,numeric,7.14,Transgrid 2018-19 - Category Analysis - RIN Response - Consolidated - 31 October 2019 - PUBLIC D19-175594.XLSM.xlsx,2.8 Maintenance,21
transgrid,2018-19,other_maintenance_activity::metering,inspection_cycle_years,2.5,years,numeric,2.5,Transgrid 2018-19 - Category Analysis - RIN Response - Consolidated - 31 October 2019 - PUBLIC D19-175594.XLSM.xlsx,2.8 Maintenance,21
transgrid,2018-19,other_maintenance_activity::metering,maintenance_cycle_years,5.0,years,numeric,5.0,Transgrid 2018-19 - Category Analysis - RIN Response - Consolidated - 31 October 2019 - PUBLIC D19-175594.XLSM.xlsx,2.8 Maintenance,21
transgrid,2018-19,other_maintenance_activity::communications,asset_quantity_at_year_end,1806.0,count,numeric,1806.0,Transgrid 2018-19 - Category Analysis - RIN Response - Consolidated - 31 October 2019 - PUBLIC D19-175594.XLSM.xlsx,2.8 Maintenance,22
transgrid,2018-19,other_maintenance_activity::communications,quantity_inspected_maintained,1257.0,count,numeric,1257.0,Transgrid 2018-19 - Category Analysis - RIN Response - Consolidated - 31 October 2019 - PUBLIC D19-175594.XLSM.xlsx,2.8 Maintenance,22
transgrid,2018-19,other_maintenance_activity::communications,average_age_of_asset_group,6.36,years,numeric,6.36,Transgrid 2018-19 - Category Analysis - RIN Response - Consolidated - 31 October 2019 - PUBLIC D19-175594.XLSM.xlsx,2.8 Maintenance,22
transgrid,2018-19,other_maintenance_activity::communications,inspection_cycle_years,0.5,years,numeric,0.5,Transgrid 2018-19 - Category Analysis - RIN Response - Consolidated - 31 October 2019 - PUBLIC D19-175594.XLSM.xlsx,2.8 Maintenance,22
transgrid,2018-19,other_maintenance_activity::communications,maintenance_cycle_years,3.0,years,numeric,3.0,Transgrid 2018-19 - Category Analysis - RIN Response - Consolidated - 31 October 2019 - PUBLIC D19-175594.XLSM.xlsx,2.8 Maintenance,22
transgrid,2019-20,transmission_lines_maintenance::transmission_towers,asset_quantity_at_year_end,37282.0,count,numeric,37282.0,"TransGrid 2019-20 - Category Analysis - RIN Response - Consolidated - 30 October 2020 - PUBLIC (#11,665,158).xlsx",2.8 Maintenance,12
transgrid,2019-20,transmission_lines_maintenance::transmission_towers,quantity_inspected_maintained,13784.0,count,numeric,13784.0,"TransGrid 2019-20 - Category Analysis - RIN Response - Consolidated - 30 October 2020 - PUBLIC (#11,665,158).xlsx",2.8 Maintenance,12
transgrid,2019-20,transmission_lines_maintenance::transmission_towers,average_age_of_asset_group,38.54656403,years,numeric,38.54656403,"TransGrid 2019-20 - Category Analysis - RIN Response - Consolidated - 30 October 2020 - PUBLIC (#11,665,158).xlsx",2.8 Maintenance,12
transgrid,2019-20,transmission_lines_maintenance::transmission_towers,inspection_cycle_years,5.087986,years,numeric,5.087986,"TransGrid 2019-20 - Category Analysis - RIN Response - Consolidated - 30 October 2020 - PUBLIC (#11,665,158).xlsx",2.8 Maintenance,12
transgrid,2019-20,transmission_lines_maintenance::transmission_towers,maintenance_cycle_years,5.065677,years,numeric,5.065677,"TransGrid 2019-20 - Category Analysis - RIN Response - Consolidated - 30 October 2020 - PUBLIC (#11,665,158).xlsx",2.8 Maintenance,12
transgrid,2019-20,transmission_lines_maintenance::transmission_tower_support_structures,asset_quantity_at_year_end,,count,blank,,"TransGrid 2019-20 - Category Analysis - RIN Response - Consolidated - 30 October 2020 - PUBLIC (#11,665,158).xlsx",2.8 Maintenance,13
transgrid,2019-20,transmission_lines_maintenance::transmission_tower_support_structures,quantity_inspected_maintained,,count,blank,,"TransGrid 2019-20 - Category Analysis - RIN Response - Consolidated - 30 October 2020 - PUBLIC (#11,665,158).xlsx",2.8 Maintenance,13
transgrid,2019-20,transmission_lines_maintenance::transmission_tower_support_structures,average_age_of_asset_group,,years,blank,,"TransGrid 2019-20 - Category Analysis - RIN Response - Consolidated - 30 October 2020 - PUBLIC (#11,665,158).xlsx",2.8 Maintenance,13
transgrid,2019-20,transmission_lines_maintenance::transmission_tower_support_structures,inspection_cycle_years,,years,blank,,"TransGrid 2019-20 - Category Analysis - RIN Response - Consolidated - 30 October 2020 - PUBLIC (#11,665,158).xlsx",2.8 Maintenance,13
transgrid,2019-20,transmission_lines_maintenance::transmission_tower_support_structures,maintenance_cycle_years,,years,blank,,"TransGrid 2019-20 - Category Analysis - RIN Response - Consolidated - 30 October 2020 - PUBLIC (#11,665,158).xlsx",2.8 Maintenance,13
transgrid,2019-20,transmission_lines_maintenance::conductors,asset_quantity_at_year_end,11262.39089,km,numeric,11262.39089,"TransGrid 2019-20 - Category Analysis - RIN Response - Consolidated - 30 October 2020 - PUBLIC (#11,665,158).xlsx",2.8 Maintenance,14
transgrid,2019-20,transmission_lines_maintenance::conductors,quantity_inspected_maintained,2050.748667,km,numeric,2050.748667,"TransGrid 2019-20 - Category Analysis - RIN Response - Consolidated - 30 October 2020 - PUBLIC (#11,665,158).xlsx",2.8 Maintenance,14
transgrid,2019-20,transmission_lines_maintenance::conductors,average_age_of_asset_group,42.83425168,years,numeric,42.83425168,"TransGrid 2019-20 - Category Analysis - RIN Response - Consolidated - 30 October 2020 - PUBLIC (#11,665,158).xlsx",2.8 Maintenance,14
transgrid,2019-20,transmission_lines_maintenance::conductors,inspection_cycle_years,3.441036,years,numeric,3.441036,"TransGrid 2019-20 - Category Analysis - RIN Response - Consolidated - 30 October 2020 - PUBLIC (#11,665,158).xlsx",2.8 Maintenance,14
transgrid,2019-20,transmission_lines_maintenance::conductors,maintenance_cycle_years,0.0,years,numeric,0.0,"TransGrid 2019-20 - Category Analysis - RIN Response - Consolidated - 30 October 2020 - PUBLIC (#11,665,158).xlsx",2.8 Maintenance,14
transgrid,2019-20,transmission_lines_maintenance::transmission_cables,asset_quantity_at_year_end,70.165,km,numeric,70.165,"TransGrid 2019-20 - Category Analysis - RIN Response - Consolidated - 30 October 2020 - PUBLIC (#11,665,158).xlsx",2.8 Maintenance,15
transgrid,2019-20,transmission_lines_maintenance::transmission_cables,quantity_inspected_maintained,70.165,km,numeric,70.165,"TransGrid 2019-20 - Category Analysis - RIN Response - Consolidated - 30 October 2020 - PUBLIC (#11,665,158).xlsx",2.8 Maintenance,15
transgrid,2019-20,transmission_lines_maintenance::transmission_cables,average_age_of_asset_group,15.6,years,numeric,15.6,"TransGrid 2019-20 - Category Analysis - RIN Response - Consolidated - 30 October 2020 - PUBLIC (#11,665,158).xlsx",2.8 Maintenance,15
transgrid,2019-20,transmission_lines_maintenance::transmission_cables,inspection_cycle_years,0.1,years,numeric,0.1,"TransGrid 2019-20 - Category Analysis - RIN Response - Consolidated - 30 October 2020 - PUBLIC (#11,665,158).xlsx",2.8 Maintenance,15
transgrid,2019-20,transmission_lines_maintenance::transmission_cables,maintenance_cycle_years,1.5,years,numeric,1.5,"TransGrid 2019-20 - Category Analysis - RIN Response - Consolidated - 30 October 2020 - PUBLIC (#11,665,158).xlsx",2.8 Maintenance,15
transgrid,2019-20,substations_equipment_property_maintenance::substation_switchbays,asset_quantity_at_year_end,2276.0,count,numeric,2276.0,"TransGrid 2019-20 - Category Analysis - RIN Response - Consolidated - 30 October 2020 - PUBLIC (#11,665,158).xlsx",2.8 Maintenance,16
transgrid,2019-20,substations_equipment_property_maintenance::substation_switchbays,quantity_inspected_maintained,608.0,count,numeric,608.0,"TransGrid 2019-20 - Category Analysis - RIN Response - Consolidated - 30 October 2020 - PUBLIC (#11,665,158).xlsx",2.8 Maintenance,16
transgrid,2019-20,substations_equipment_property_maintenance::substation_switchbays,average_age_of_asset_group,31.3,years,numeric,31.3,"TransGrid 2019-20 - Category Analysis - RIN Response - Consolidated - 30 October 2020 - PUBLIC (#11,665,158).xlsx",2.8 Maintenance,16
transgrid,2019-20,substations_equipment_property_maintenance::substation_switchbays,inspection_cycle_years,0.5,years,numeric,0.5,"TransGrid 2019-20 - Category Analysis - RIN Response - Consolidated - 30 October 2020 - PUBLIC (#11,665,158).xlsx",2.8 Maintenance,16
transgrid,2019-20,substations_equipment_property_maintenance::substation_switchbays,maintenance_cycle_years,5.7,years,numeric,5.7,"TransGrid 2019-20 - Category Analysis - RIN Response - Consolidated - 30 October 2020 - PUBLIC (#11,665,158).xlsx",2.8 Maintenance,16
transgrid,2019-20,substations_equipment_property_maintenance::substation_power_transformers,asset_quantity_at_year_end,218.0,count,numeric,218.0,"TransGrid 2019-20 - Category Analysis - RIN Response - Consolidated - 30 October 2020 - PUBLIC (#11,665,158).xlsx",2.8 Maintenance,17
transgrid,2019-20,substations_equipment_property_maintenance::substation_power_transformers,quantity_inspected_maintained,210.0,count,numeric,210.0,"TransGrid 2019-20 - Category Analysis - RIN Response - Consolidated - 30 October 2020 - PUBLIC (#11,665,158).xlsx",2.8 Maintenance,17
transgrid,2019-20,substations_equipment_property_maintenance::substation_power_transformers,average_age_of_asset_group,23.9,years,numeric,23.9,"TransGrid 2019-20 - Category Analysis - RIN Response - Consolidated - 30 October 2020 - PUBLIC (#11,665,158).xlsx",2.8 Maintenance,17
transgrid,2019-20,substations_equipment_property_maintenance::substation_power_transformers,inspection_cycle_years,0.5,years,numeric,0.5,"TransGrid 2019-20 - Category Analysis - RIN Response - Consolidated - 30 October 2020 - PUBLIC (#11,665,158).xlsx",2.8 Maintenance,17
transgrid,2019-20,substations_equipment_property_maintenance::substation_power_transformers,maintenance_cycle_years,5.4,years,numeric,5.4,"TransGrid 2019-20 - Category Analysis - RIN Response - Consolidated - 30 October 2020 - PUBLIC (#11,665,158).xlsx",2.8 Maintenance,17
transgrid,2019-20,substations_equipment_property_maintenance::substation_property,asset_quantity_at_year_end,94.0,count,numeric,94.0,"TransGrid 2019-20 - Category Analysis - RIN Response - Consolidated - 30 October 2020 - PUBLIC (#11,665,158).xlsx",2.8 Maintenance,18
transgrid,2019-20,substations_equipment_property_maintenance::substation_property,quantity_inspected_maintained,94.0,count,numeric,94.0,"TransGrid 2019-20 - Category Analysis - RIN Response - Consolidated - 30 October 2020 - PUBLIC (#11,665,158).xlsx",2.8 Maintenance,18
transgrid,2019-20,substations_equipment_property_maintenance::substation_property,average_age_of_asset_group,36.7,years,numeric,36.7,"TransGrid 2019-20 - Category Analysis - RIN Response - Consolidated - 30 October 2020 - PUBLIC (#11,665,158).xlsx",2.8 Maintenance,18
transgrid,2019-20,substations_equipment_property_maintenance::substation_property,inspection_cycle_years,0.5,years,numeric,0.5,"TransGrid 2019-20 - Category Analysis - RIN Response - Consolidated - 30 October 2020 - PUBLIC (#11,665,158).xlsx",2.8 Maintenance,18
transgrid,2019-20,substations_equipment_property_maintenance::substation_property,maintenance_cycle_years,0.3,years,numeric,0.3,"TransGrid 2019-20 - Category Analysis - RIN Response - Consolidated - 30 October 2020 - PUBLIC (#11,665,158).xlsx",2.8 Maintenance,18
transgrid,2019-20,scada_network_control_maintenance::scada_network_control,asset_quantity_at_year_end,1894.0,count,numeric,1894.0,"TransGrid 2019-20 - Category Analysis - RIN Response - Consolidated - 30 October 2020 - PUBLIC (#11,665,158).xlsx",2.8 Maintenance,19
transgrid,2019-20,scada_network_control_maintenance::scada_network_control,quantity_inspected_maintained,167.0,count,numeric,167.0,"TransGrid 2019-20 - Category Analysis - RIN Response - Consolidated - 30 October 2020 - PUBLIC (#11,665,158).xlsx",2.8 Maintenance,19
transgrid,2019-20,scada_network_control_maintenance::scada_network_control,average_age_of_asset_group,9.17,years,numeric,9.17,"TransGrid 2019-20 - Category Analysis - RIN Response - Consolidated - 30 October 2020 - PUBLIC (#11,665,158).xlsx",2.8 Maintenance,19
transgrid,2019-20,scada_network_control_maintenance::scada_network_control,inspection_cycle_years,,years,blank,,"TransGrid 2019-20 - Category Analysis - RIN Response - Consolidated - 30 October 2020 - PUBLIC (#11,665,158).xlsx",2.8 Maintenance,19
transgrid,2019-20,scada_network_control_maintenance::scada_network_control,maintenance_cycle_years,,years,blank,,"TransGrid 2019-20 - Category Analysis - RIN Response - Consolidated - 30 October 2020 - PUBLIC (#11,665,158).xlsx",2.8 Maintenance,19
transgrid,2019-20,protection_systems_maintenance::protection_systems,asset_quantity_at_year_end,3148.0,count,numeric,3148.0,"TransGrid 2019-20 - Category Analysis - RIN Response - Consolidated - 30 October 2020 - PUBLIC (#11,665,158).xlsx",2.8 Maintenance,20
transgrid,2019-20,protection_systems_maintenance::protection_systems,quantity_inspected_maintained,778.0,count,numeric,778.0,"TransGrid 2019-20 - Category Analysis - RIN Response - Consolidated - 30 October 2020 - PUBLIC (#11,665,158).xlsx",2.8 Maintenance,20
transgrid,2019-20,protection_systems_maintenance::protection_systems,average_age_of_asset_group,15.56,years,numeric,15.56,"TransGrid 2019-20 - Category Analysis - RIN Response - Consolidated - 30 October 2020 - PUBLIC (#11,665,158).xlsx",2.8 Maintenance,20
transgrid,2019-20,protection_systems_maintenance::protection_systems,inspection_cycle_years,,years,blank,,"TransGrid 2019-20 - Category Analysis - RIN Response - Consolidated - 30 October 2020 - PUBLIC (#11,665,158).xlsx",2.8 Maintenance,20
transgrid,2019-20,protection_systems_maintenance::protection_systems,maintenance_cycle_years,6.3,years,numeric,6.3,"TransGrid 2019-20 - Category Analysis - RIN Response - Consolidated - 30 October 2020 - PUBLIC (#11,665,158).xlsx",2.8 Maintenance,20
transgrid,2019-20,other_maintenance_activity::metering_systems,asset_quantity_at_year_end,837.0,count,numeric,837.0,"TransGrid 2019-20 - Category Analysis - RIN Response - Consolidated - 30 October 2020 - PUBLIC (#11,665,158).xlsx",2.8 Maintenance,21
transgrid,2019-20,other_maintenance_activity::metering_systems,quantity_inspected_maintained,451.0,count,numeric,451.0,"TransGrid 2019-20 - Category Analysis - RIN Response - Consolidated - 30 October 2020 - PUBLIC (#11,665,158).xlsx",2.8 Maintenance,21
transgrid,2019-20,other_maintenance_activity::metering_systems,average_age_of_asset_group,7.93,years,numeric,7.93,"TransGrid 2019-20 - Category Analysis - RIN Response - Consolidated - 30 October 2020 - PUBLIC (#11,665,158).xlsx",2.8 Maintenance,21
transgrid,2019-20,other_maintenance_activity::metering_systems,inspection_cycle_years,2.5,years,numeric,2.5,"TransGrid 2019-20 - Category Analysis - RIN Response - Consolidated - 30 October 2020 - PUBLIC (#11,665,158).xlsx",2.8 Maintenance,21
transgrid,2019-20,other_maintenance_activity::metering_systems,maintenance_cycle_years,5.0,years,numeric,5.0,"TransGrid 2019-20 - Category Analysis - RIN Response - Consolidated - 30 October 2020 - PUBLIC (#11,665,158).xlsx",2.8 Maintenance,21
transgrid,2019-20,other_maintenance_activity::communications,asset_quantity_at_year_end,1765.0,count,numeric,1765.0,"TransGrid 2019-20 - Category Analysis - RIN Response - Consolidated - 30 October 2020 - PUBLIC (#11,665,158).xlsx",2.8 Maintenance,22
transgrid,2019-20,other_maintenance_activity::communications,quantity_inspected_maintained,1035.0,count,numeric,1035.0,"TransGrid 2019-20 - Category Analysis - RIN Response - Consolidated - 30 October 2020 - PUBLIC (#11,665,158).xlsx",2.8 Maintenance,22
transgrid,2019-20,other_maintenance_activity::communications,average_age_of_asset_group,7.13,years,numeric,7.13,"TransGrid 2019-20 - Category Analysis - RIN Response - Consolidated - 30 October 2020 - PUBLIC (#11,665,158).xlsx",2.8 Maintenance,22
transgrid,2019-20,other_maintenance_activity::communications,inspection_cycle_years,0.5,years,numeric,0.5,"TransGrid 2019-20 - Category Analysis - RIN Response - Consolidated - 30 October 2020 - PUBLIC (#11,665,158).xlsx",2.8 Maintenance,22
transgrid,2019-20,other_maintenance_activity::communications,maintenance_cycle_years,3.0,years,numeric,3.0,"TransGrid 2019-20 - Category Analysis - RIN Response - Consolidated - 30 October 2020 - PUBLIC (#11,665,158).xlsx",2.8 Maintenance,22
transgrid,2020-21,transmission_lines_maintenance::transmission_towers,asset_quantity_at_year_end,37305.0,count,numeric,37305.0,TransGrid 2020-21 - Category Analysis - RIN Response - Consolidated - 29 October 2021 - PUBLIC(13029988.1).xlsx,2.8 Maintenance,12
transgrid,2020-21,transmission_lines_maintenance::transmission_towers,quantity_inspected_maintained,8340.0,count,numeric,8340.0,TransGrid 2020-21 - Category Analysis - RIN Response - Consolidated - 29 October 2021 - PUBLIC(13029988.1).xlsx,2.8 Maintenance,12
transgrid,2020-21,transmission_lines_maintenance::transmission_towers,average_age_of_asset_group,39.05337086,years,numeric,39.05337086,TransGrid 2020-21 - Category Analysis - RIN Response - Consolidated - 29 October 2021 - PUBLIC(13029988.1).xlsx,2.8 Maintenance,12
transgrid,2020-21,transmission_lines_maintenance::transmission_towers,inspection_cycle_years,5.610796244,years,numeric,5.610796244,TransGrid 2020-21 - Category Analysis - RIN Response - Consolidated - 29 October 2021 - PUBLIC(13029988.1).xlsx,2.8 Maintenance,12
transgrid,2020-21,transmission_lines_maintenance::transmission_towers,maintenance_cycle_years,5.253979416,years,numeric,5.253979416,TransGrid 2020-21 - Category Analysis - RIN Response - Consolidated - 29 October 2021 - PUBLIC(13029988.1).xlsx,2.8 Maintenance,12
transgrid,2020-21,transmission_lines_maintenance::transmission_tower_support_structures,asset_quantity_at_year_end,,count,blank,,TransGrid 2020-21 - Category Analysis - RIN Response - Consolidated - 29 October 2021 - PUBLIC(13029988.1).xlsx,2.8 Maintenance,13
transgrid,2020-21,transmission_lines_maintenance::transmission_tower_support_structures,quantity_inspected_maintained,,count,blank,,TransGrid 2020-21 - Category Analysis - RIN Response - Consolidated - 29 October 2021 - PUBLIC(13029988.1).xlsx,2.8 Maintenance,13
transgrid,2020-21,transmission_lines_maintenance::transmission_tower_support_structures,average_age_of_asset_group,,years,blank,,TransGrid 2020-21 - Category Analysis - RIN Response - Consolidated - 29 October 2021 - PUBLIC(13029988.1).xlsx,2.8 Maintenance,13
transgrid,2020-21,transmission_lines_maintenance::transmission_tower_support_structures,inspection_cycle_years,,years,blank,,TransGrid 2020-21 - Category Analysis - RIN Response - Consolidated - 29 October 2021 - PUBLIC(13029988.1).xlsx,2.8 Maintenance,13
transgrid,2020-21,transmission_lines_maintenance::transmission_tower_support_structures,maintenance_cycle_years,,years,blank,,TransGrid 2020-21 - Category Analysis - RIN Response - Consolidated - 29 October 2021 - PUBLIC(13029988.1).xlsx,2.8 Maintenance,13
transgrid,2020-21,transmission_lines_maintenance::conductors,asset_quantity_at_year_end,11241.0,km,numeric,11241.0,TransGrid 2020-21 - Category Analysis - RIN Response - Consolidated - 29 October 2021 - PUBLIC(13029988.1).xlsx,2.8 Maintenance,14
transgrid,2020-21,transmission_lines_maintenance::conductors,quantity_inspected_maintained,9085.0,km,numeric,9085.0,TransGrid 2020-21 - Category Analysis - RIN Response - Consolidated - 29 October 2021 - PUBLIC(13029988.1).xlsx,2.8 Maintenance,14
transgrid,2020-21,transmission_lines_maintenance::conductors,average_age_of_asset_group,43.78200132,years,numeric,43.78200132,TransGrid 2020-21 - Category Analysis - RIN Response - Consolidated - 29 October 2021 - PUBLIC(13029988.1).xlsx,2.8 Maintenance,14
transgrid,2020-21,transmission_lines_maintenance::conductors,inspection_cycle_years,3.417180641,years,numeric,3.417180641,TransGrid 2020-21 - Category Analysis - RIN Response - Consolidated - 29 October 2021 - PUBLIC(13029988.1).xlsx,2.8 Maintenance,14
transgrid,2020-21,transmission_lines_maintenance::conductors,maintenance_cycle_years,,years,blank,,TransGrid 2020-21 - Category Analysis - RIN Response - Consolidated - 29 October 2021 - PUBLIC(13029988.1).xlsx,2.8 Maintenance,14
transgrid,2020-21,transmission_lines_maintenance::transmission_cables,asset_quantity_at_year_end,70.165,km,numeric,70.165,TransGrid 2020-21 - Category Analysis - RIN Response - Consolidated - 29 October 2021 - PUBLIC(13029988.1).xlsx,2.8 Maintenance,15
transgrid,2020-21,transmission_lines_maintenance::transmission_cables,quantity_inspected_maintained,70.165,km,numeric,70.165,TransGrid 2020-21 - Category Analysis - RIN Response - Consolidated - 29 October 2021 - PUBLIC(13029988.1).xlsx,2.8 Maintenance,15
transgrid,2020-21,transmission_lines_maintenance::transmission_cables,average_age_of_asset_group,16.44536683,years,numeric,16.44536683,TransGrid 2020-21 - Category Analysis - RIN Response - Consolidated - 29 October 2021 - PUBLIC(13029988.1).xlsx,2.8 Maintenance,15
transgrid,2020-21,transmission_lines_maintenance::transmission_cables,inspection_cycle_years,0.100206108,years,numeric,0.100206108,TransGrid 2020-21 - Category Analysis - RIN Response - Consolidated - 29 October 2021 - PUBLIC(13029988.1).xlsx,2.8 Maintenance,15
transgrid,2020-21,transmission_lines_maintenance::transmission_cables,maintenance_cycle_years,1.480367705,years,numeric,1.480367705,TransGrid 2020-21 - Category Analysis - RIN Response - Consolidated - 29 October 2021 - PUBLIC(13029988.1).xlsx,2.8 Maintenance,15
transgrid,2020-21,substations_equipment_property_maintenance::substation_switchbays,asset_quantity_at_year_end,2282.0,count,numeric,2282.0,TransGrid 2020-21 - Category Analysis - RIN Response - Consolidated - 29 October 2021 - PUBLIC(13029988.1).xlsx,2.8 Maintenance,16
transgrid,2020-21,substations_equipment_property_maintenance::substation_switchbays,quantity_inspected_maintained,581.0,count,numeric,581.0,TransGrid 2020-21 - Category Analysis - RIN Response - Consolidated - 29 October 2021 - PUBLIC(13029988.1).xlsx,2.8 Maintenance,16
transgrid,2020-21,substations_equipment_property_maintenance::substation_switchbays,average_age_of_asset_group,32.1,years,numeric,32.1,TransGrid 2020-21 - Category Analysis - RIN Response - Consolidated - 29 October 2021 - PUBLIC(13029988.1).xlsx,2.8 Maintenance,16
transgrid,2020-21,substations_equipment_property_maintenance::substation_switchbays,inspection_cycle_years,0.5,years,numeric,0.5,TransGrid 2020-21 - Category Analysis - RIN Response - Consolidated - 29 October 2021 - PUBLIC(13029988.1).xlsx,2.8 Maintenance,16
transgrid,2020-21,substations_equipment_property_maintenance::substation_switchbays,maintenance_cycle_years,5.4,years,numeric,5.4,TransGrid 2020-21 - Category Analysis - RIN Response - Consolidated - 29 October 2021 - PUBLIC(13029988.1).xlsx,2.8 Maintenance,16
transgrid,2020-21,substations_equipment_property_maintenance::substation_power_transformers,asset_quantity_at_year_end,215.0,count,numeric,215.0,TransGrid 2020-21 - Category Analysis - RIN Response - Consolidated - 29 October 2021 - PUBLIC(13029988.1).xlsx,2.8 Maintenance,17
transgrid,2020-21,substations_equipment_property_maintenance::substation_power_transformers,quantity_inspected_maintained,195.0,count,numeric,195.0,TransGrid 2020-21 - Category Analysis - RIN Response - Consolidated - 29 October 2021 - PUBLIC(13029988.1).xlsx,2.8 Maintenance,17
transgrid,2020-21,substations_equipment_property_maintenance::substation_power_transformers,average_age_of_asset_group,24.0,years,numeric,24.0,TransGrid 2020-21 - Category Analysis - RIN Response - Consolidated - 29 October 2021 - PUBLIC(13029988.1).xlsx,2.8 Maintenance,17
transgrid,2020-21,substations_equipment_property_maintenance::substation_power_transformers,inspection_cycle_years,0.5,years,numeric,0.5,TransGrid 2020-21 - Category Analysis - RIN Response - Consolidated - 29 October 2021 - PUBLIC(13029988.1).xlsx,2.8 Maintenance,17
transgrid,2020-21,substations_equipment_property_maintenance::substation_power_transformers,maintenance_cycle_years,5.5,years,numeric,5.5,TransGrid 2020-21 - Category Analysis - RIN Response - Consolidated - 29 October 2021 - PUBLIC(13029988.1).xlsx,2.8 Maintenance,17
transgrid,2020-21,substations_equipment_property_maintenance::substation_property,asset_quantity_at_year_end,95.0,count,numeric,95.0,TransGrid 2020-21 - Category Analysis - RIN Response - Consolidated - 29 October 2021 - PUBLIC(13029988.1).xlsx,2.8 Maintenance,18
transgrid,2020-21,substations_equipment_property_maintenance::substation_property,quantity_inspected_maintained,94.0,count,numeric,94.0,TransGrid 2020-21 - Category Analysis - RIN Response - Consolidated - 29 October 2021 - PUBLIC(13029988.1).xlsx,2.8 Maintenance,18
transgrid,2020-21,substations_equipment_property_maintenance::substation_property,average_age_of_asset_group,36.3,years,numeric,36.3,TransGrid 2020-21 - Category Analysis - RIN Response - Consolidated - 29 October 2021 - PUBLIC(13029988.1).xlsx,2.8 Maintenance,18
transgrid,2020-21,substations_equipment_property_maintenance::substation_property,inspection_cycle_years,0.5,years,numeric,0.5,TransGrid 2020-21 - Category Analysis - RIN Response - Consolidated - 29 October 2021 - PUBLIC(13029988.1).xlsx,2.8 Maintenance,18
transgrid,2020-21,substations_equipment_property_maintenance::substation_property,maintenance_cycle_years,0.3,years,numeric,0.3,TransGrid 2020-21 - Category Analysis - RIN Response - Consolidated - 29 October 2021 - PUBLIC(13029988.1).xlsx,2.8 Maintenance,18
transgrid,2020-21,scada_network_control_maintenance::scada_network_control,asset_quantity_at_year_end,1875.0,count,numeric,1875.0,TransGrid 2020-21 - Category Analysis - RIN Response - Consolidated - 29 October 2021 - PUBLIC(13029988.1).xlsx,2.8 Maintenance,19
transgrid,2020-21,scada_network_control_maintenance::scada_network_control,quantity_inspected_maintained,161.0,count,numeric,161.0,TransGrid 2020-21 - Category Analysis - RIN Response - Consolidated - 29 October 2021 - PUBLIC(13029988.1).xlsx,2.8 Maintenance,19
transgrid,2020-21,scada_network_control_maintenance::scada_network_control,average_age_of_asset_group,10.1,years,numeric,10.1,TransGrid 2020-21 - Category Analysis - RIN Response - Consolidated - 29 October 2021 - PUBLIC(13029988.1).xlsx,2.8 Maintenance,19
transgrid,2020-21,scada_network_control_maintenance::scada_network_control,inspection_cycle_years,,years,blank,,TransGrid 2020-21 - Category Analysis - RIN Response - Consolidated - 29 October 2021 - PUBLIC(13029988.1).xlsx,2.8 Maintenance,19
transgrid,2020-21,scada_network_control_maintenance::scada_network_control,maintenance_cycle_years,,years,blank,,TransGrid 2020-21 - Category Analysis - RIN Response - Consolidated - 29 October 2021 - PUBLIC(13029988.1).xlsx,2.8 Maintenance,19
transgrid,2020-21,protection_systems_maintenance::protection_systems,asset_quantity_at_year_end,3158.0,count,numeric,3158.0,TransGrid 2020-21 - Category Analysis - RIN Response - Consolidated - 29 October 2021 - PUBLIC(13029988.1).xlsx,2.8 Maintenance,20
transgrid,2020-21,protection_systems_maintenance::protection_systems,quantity_inspected_maintained,640.0,count,numeric,640.0,TransGrid 2020-21 - Category Analysis - RIN Response - Consolidated - 29 October 2021 - PUBLIC(13029988.1).xlsx,2.8 Maintenance,20
transgrid,2020-21,protection_systems_maintenance::protection_systems,average_age_of_asset_group,15.7,years,numeric,15.7,TransGrid 2020-21 - Category Analysis - RIN Response - Consolidated - 29 October 2021 - PUBLIC(13029988.1).xlsx,2.8 Maintenance,20
transgrid,2020-21,protection_systems_maintenance::protection_systems,inspection_cycle_years,,years,blank,,TransGrid 2020-21 - Category Analysis - RIN Response - Consolidated - 29 October 2021 - PUBLIC(13029988.1).xlsx,2.8 Maintenance,20
transgrid,2020-21,protection_systems_maintenance::protection_systems,maintenance_cycle_years,6.3,years,numeric,6.3,TransGrid 2020-21 - Category Analysis - RIN Response - Consolidated - 29 October 2021 - PUBLIC(13029988.1).xlsx,2.8 Maintenance,20
transgrid,2020-21,other_maintenance_activity::metering_systems,asset_quantity_at_year_end,842.0,count,numeric,842.0,TransGrid 2020-21 - Category Analysis - RIN Response - Consolidated - 29 October 2021 - PUBLIC(13029988.1).xlsx,2.8 Maintenance,21
transgrid,2020-21,other_maintenance_activity::metering_systems,quantity_inspected_maintained,476.0,count,numeric,476.0,TransGrid 2020-21 - Category Analysis - RIN Response - Consolidated - 29 October 2021 - PUBLIC(13029988.1).xlsx,2.8 Maintenance,21
transgrid,2020-21,other_maintenance_activity::metering_systems,average_age_of_asset_group,8.8,years,numeric,8.8,TransGrid 2020-21 - Category Analysis - RIN Response - Consolidated - 29 October 2021 - PUBLIC(13029988.1).xlsx,2.8 Maintenance,21
transgrid,2020-21,other_maintenance_activity::metering_systems,inspection_cycle_years,2.5,years,numeric,2.5,TransGrid 2020-21 - Category Analysis - RIN Response - Consolidated - 29 October 2021 - PUBLIC(13029988.1).xlsx,2.8 Maintenance,21
transgrid,2020-21,other_maintenance_activity::metering_systems,maintenance_cycle_years,5.0,years,numeric,5.0,TransGrid 2020-21 - Category Analysis - RIN Response - Consolidated - 29 October 2021 - PUBLIC(13029988.1).xlsx,2.8 Maintenance,21
transgrid,2020-21,other_maintenance_activity::communications,asset_quantity_at_year_end,1804.0,count,numeric,1804.0,TransGrid 2020-21 - Category Analysis - RIN Response - Consolidated - 29 October 2021 - PUBLIC(13029988.1).xlsx,2.8 Maintenance,22
transgrid,2020-21,other_maintenance_activity::communications,quantity_inspected_maintained,730.0,count,numeric,730.0,TransGrid 2020-21 - Category Analysis - RIN Response - Consolidated - 29 October 2021 - PUBLIC(13029988.1).xlsx,2.8 Maintenance,22
transgrid,2020-21,other_maintenance_activity::communications,average_age_of_asset_group,7.9,years,numeric,7.9,TransGrid 2020-21 - Category Analysis - RIN Response - Consolidated - 29 October 2021 - PUBLIC(13029988.1).xlsx,2.8 Maintenance,22
transgrid,2020-21,other_maintenance_activity::communications,inspection_cycle_years,0.5,years,numeric,0.5,TransGrid 2020-21 - Category Analysis - RIN Response - Consolidated - 29 October 2021 - PUBLIC(13029988.1).xlsx,2.8 Maintenance,22
transgrid,2020-21,other_maintenance_activity::communications,maintenance_cycle_years,3.0,years,numeric,3.0,TransGrid 2020-21 - Category Analysis - RIN Response - Consolidated - 29 October 2021 - PUBLIC(13029988.1).xlsx,2.8 Maintenance,22
transgrid,2021-22,transmission_lines_maintenance::transmission_towers,asset_quantity_at_year_end,37315.0,count,numeric,37315.0,Transgrid 2021-22 - Category Analysis - RIN Response - Consolidated - 31 October 2022 - PUBLIC(14550262.2).xlsx,2.8 Maintenance,12
transgrid,2021-22,transmission_lines_maintenance::transmission_towers,quantity_inspected_maintained,12284.0,count,numeric,12284.0,Transgrid 2021-22 - Category Analysis - RIN Response - Consolidated - 31 October 2022 - PUBLIC(14550262.2).xlsx,2.8 Maintenance,12
transgrid,2021-22,transmission_lines_maintenance::transmission_towers,average_age_of_asset_group,39.73788021,years,numeric,39.73788021,Transgrid 2021-22 - Category Analysis - RIN Response - Consolidated - 31 October 2022 - PUBLIC(14550262.2).xlsx,2.8 Maintenance,12
transgrid,2021-22,transmission_lines_maintenance::transmission_towers,inspection_cycle_years,5.62,years,numeric,5.62,Transgrid 2021-22 - Category Analysis - RIN Response - Consolidated - 31 October 2022 - PUBLIC(14550262.2).xlsx,2.8 Maintenance,12
transgrid,2021-22,transmission_lines_maintenance::transmission_towers,maintenance_cycle_years,5.15,years,numeric,5.15,Transgrid 2021-22 - Category Analysis - RIN Response - Consolidated - 31 October 2022 - PUBLIC(14550262.2).xlsx,2.8 Maintenance,12
transgrid,2021-22,transmission_lines_maintenance::transmission_tower_support_structures,asset_quantity_at_year_end,,count,blank,,Transgrid 2021-22 - Category Analysis - RIN Response - Consolidated - 31 October 2022 - PUBLIC(14550262.2).xlsx,2.8 Maintenance,13
transgrid,2021-22,transmission_lines_maintenance::transmission_tower_support_structures,quantity_inspected_maintained,,count,blank,,Transgrid 2021-22 - Category Analysis - RIN Response - Consolidated - 31 October 2022 - PUBLIC(14550262.2).xlsx,2.8 Maintenance,13
transgrid,2021-22,transmission_lines_maintenance::transmission_tower_support_structures,average_age_of_asset_group,,years,blank,,Transgrid 2021-22 - Category Analysis - RIN Response - Consolidated - 31 October 2022 - PUBLIC(14550262.2).xlsx,2.8 Maintenance,13
transgrid,2021-22,transmission_lines_maintenance::transmission_tower_support_structures,inspection_cycle_years,,years,blank,,Transgrid 2021-22 - Category Analysis - RIN Response - Consolidated - 31 October 2022 - PUBLIC(14550262.2).xlsx,2.8 Maintenance,13
transgrid,2021-22,transmission_lines_maintenance::transmission_tower_support_structures,maintenance_cycle_years,,years,blank,,Transgrid 2021-22 - Category Analysis - RIN Response - Consolidated - 31 October 2022 - PUBLIC(14550262.2).xlsx,2.8 Maintenance,13
transgrid,2021-22,transmission_lines_maintenance::conductors,asset_quantity_at_year_end,11239.31,km,numeric,11239.31,Transgrid 2021-22 - Category Analysis - RIN Response - Consolidated - 31 October 2022 - PUBLIC(14550262.2).xlsx,2.8 Maintenance,14
transgrid,2021-22,transmission_lines_maintenance::conductors,quantity_inspected_maintained,86.154,km,numeric,86.154,Transgrid 2021-22 - Category Analysis - RIN Response - Consolidated - 31 October 2022 - PUBLIC(14550262.2).xlsx,2.8 Maintenance,14
transgrid,2021-22,transmission_lines_maintenance::conductors,average_age_of_asset_group,44.75390019,years,numeric,44.75390019,Transgrid 2021-22 - Category Analysis - RIN Response - Consolidated - 31 October 2022 - PUBLIC(14550262.2).xlsx,2.8 Maintenance,14
transgrid,2021-22,transmission_lines_maintenance::conductors,inspection_cycle_years,3.44,years,numeric,3.44,Transgrid 2021-22 - Category Analysis - RIN Response - Consolidated - 31 October 2022 - PUBLIC(14550262.2).xlsx,2.8 Maintenance,14
transgrid,2021-22,transmission_lines_maintenance::conductors,maintenance_cycle_years,0.0,years,numeric,0.0,Transgrid 2021-22 - Category Analysis - RIN Response - Consolidated - 31 October 2022 - PUBLIC(14550262.2).xlsx,2.8 Maintenance,14
transgrid,2021-22,transmission_lines_maintenance::transmission_cables,asset_quantity_at_year_end,90.785,km,numeric,90.785,Transgrid 2021-22 - Category Analysis - RIN Response - Consolidated - 31 October 2022 - PUBLIC(14550262.2).xlsx,2.8 Maintenance,15
transgrid,2021-22,transmission_lines_maintenance::transmission_cables,quantity_inspected_maintained,90.785,km,numeric,90.785,Transgrid 2021-22 - Category Analysis - RIN Response - Consolidated - 31 October 2022 - PUBLIC(14550262.2).xlsx,2.8 Maintenance,15
transgrid,2021-22,transmission_lines_maintenance::transmission_cables,average_age_of_asset_group,17.18499201,years,numeric,17.18499201,Transgrid 2021-22 - Category Analysis - RIN Response - Consolidated - 31 October 2022 - PUBLIC(14550262.2).xlsx,2.8 Maintenance,15
transgrid,2021-22,transmission_lines_maintenance::transmission_cables,inspection_cycle_years,0.083339335,years,numeric,0.083339335,Transgrid 2021-22 - Category Analysis - RIN Response - Consolidated - 31 October 2022 - PUBLIC(14550262.2).xlsx,2.8 Maintenance,15
transgrid,2021-22,transmission_lines_maintenance::transmission_cables,maintenance_cycle_years,1.814286501,years,numeric,1.814286501,Transgrid 2021-22 - Category Analysis - RIN Response - Consolidated - 31 October 2022 - PUBLIC(14550262.2).xlsx,2.8 Maintenance,15
transgrid,2021-22,substations_equipment_property_maintenance::substation_switchbays,asset_quantity_at_year_end,2325.0,count,numeric,2325.0,Transgrid 2021-22 - Category Analysis - RIN Response - Consolidated - 31 October 2022 - PUBLIC(14550262.2).xlsx,2.8 Maintenance,16
transgrid,2021-22,substations_equipment_property_maintenance::substation_switchbays,quantity_inspected_maintained,494.0,count,numeric,494.0,Transgrid 2021-22 - Category Analysis - RIN Response - Consolidated - 31 October 2022 - PUBLIC(14550262.2).xlsx,2.8 Maintenance,16
transgrid,2021-22,substations_equipment_property_maintenance::substation_switchbays,average_age_of_asset_group,33.0,years,numeric,33.0,Transgrid 2021-22 - Category Analysis - RIN Response - Consolidated - 31 October 2022 - PUBLIC(14550262.2).xlsx,2.8 Maintenance,16
transgrid,2021-22,substations_equipment_property_maintenance::substation_switchbays,inspection_cycle_years,0.5,years,numeric,0.5,Transgrid 2021-22 - Category Analysis - RIN Response - Consolidated - 31 October 2022 - PUBLIC(14550262.2).xlsx,2.8 Maintenance,16
transgrid,2021-22,substations_equipment_property_maintenance::substation_switchbays,maintenance_cycle_years,5.9,years,numeric,5.9,Transgrid 2021-22 - Category Analysis - RIN Response - Consolidated - 31 October 2022 - PUBLIC(14550262.2).xlsx,2.8 Maintenance,16
transgrid,2021-22,substations_equipment_property_maintenance::substation_power_transformers,asset_quantity_at_year_end,208.0,count,numeric,208.0,Transgrid 2021-22 - Category Analysis - RIN Response - Consolidated - 31 October 2022 - PUBLIC(14550262.2).xlsx,2.8 Maintenance,17
transgrid,2021-22,substations_equipment_property_maintenance::substation_power_transformers,quantity_inspected_maintained,192.0,count,numeric,192.0,Transgrid 2021-22 - Category Analysis - RIN Response - Consolidated - 31 October 2022 - PUBLIC(14550262.2).xlsx,2.8 Maintenance,17
transgrid,2021-22,substations_equipment_property_maintenance::substation_power_transformers,average_age_of_asset_group,19.7,years,numeric,19.7,Transgrid 2021-22 - Category Analysis - RIN Response - Consolidated - 31 October 2022 - PUBLIC(14550262.2).xlsx,2.8 Maintenance,17
transgrid,2021-22,substations_equipment_property_maintenance::substation_power_transformers,inspection_cycle_years,0.5,years,numeric,0.5,Transgrid 2021-22 - Category Analysis - RIN Response - Consolidated - 31 October 2022 - PUBLIC(14550262.2).xlsx,2.8 Maintenance,17
transgrid,2021-22,substations_equipment_property_maintenance::substation_power_transformers,maintenance_cycle_years,5.5,years,numeric,5.5,Transgrid 2021-22 - Category Analysis - RIN Response - Consolidated - 31 October 2022 - PUBLIC(14550262.2).xlsx,2.8 Maintenance,17
transgrid,2021-22,substations_equipment_property_maintenance::substation_property,asset_quantity_at_year_end,95.0,count,numeric,95.0,Transgrid 2021-22 - Category Analysis - RIN Response - Consolidated - 31 October 2022 - PUBLIC(14550262.2).xlsx,2.8 Maintenance,18
transgrid,2021-22,substations_equipment_property_maintenance::substation_property,quantity_inspected_maintained,94.0,count,numeric,94.0,Transgrid 2021-22 - Category Analysis - RIN Response - Consolidated - 31 October 2022 - PUBLIC(14550262.2).xlsx,2.8 Maintenance,18
transgrid,2021-22,substations_equipment_property_maintenance::substation_property,average_age_of_asset_group,38.3,years,numeric,38.3,Transgrid 2021-22 - Category Analysis - RIN Response - Consolidated - 31 October 2022 - PUBLIC(14550262.2).xlsx,2.8 Maintenance,18
transgrid,2021-22,substations_equipment_property_maintenance::substation_property,inspection_cycle_years,0.5,years,numeric,0.5,Transgrid 2021-22 - Category Analysis - RIN Response - Consolidated - 31 October 2022 - PUBLIC(14550262.2).xlsx,2.8 Maintenance,18
transgrid,2021-22,substations_equipment_property_maintenance::substation_property,maintenance_cycle_years,0.3,years,numeric,0.3,Transgrid 2021-22 - Category Analysis - RIN Response - Consolidated - 31 October 2022 - PUBLIC(14550262.2).xlsx,2.8 Maintenance,18
transgrid,2021-22,scada_network_control_maintenance::scada_network_control,asset_quantity_at_year_end,1883.0,count,numeric,1883.0,Transgrid 2021-22 - Category Analysis - RIN Response - Consolidated - 31 October 2022 - PUBLIC(14550262.2).xlsx,2.8 Maintenance,19
transgrid,2021-22,scada_network_control_maintenance::scada_network_control,quantity_inspected_maintained,222.0,count,numeric,222.0,Transgrid 2021-22 - Category Analysis - RIN Response - Consolidated - 31 October 2022 - PUBLIC(14550262.2).xlsx,2.8 Maintenance,19
transgrid,2021-22,scada_network_control_maintenance::scada_network_control,average_age_of_asset_group,11.1,years,numeric,11.1,Transgrid 2021-22 - Category Analysis - RIN Response - Consolidated - 31 October 2022 - PUBLIC(14550262.2).xlsx,2.8 Maintenance,19
transgrid,2021-22,scada_network_control_maintenance::scada_network_control,inspection_cycle_years,,years,blank,,Transgrid 2021-22 - Category Analysis - RIN Response - Consolidated - 31 October 2022 - PUBLIC(14550262.2).xlsx,2.8 Maintenance,19
transgrid,2021-22,scada_network_control_maintenance::scada_network_control,maintenance_cycle_years,,years,blank,,Transgrid 2021-22 - Category Analysis - RIN Response - Consolidated - 31 October 2022 - PUBLIC(14550262.2).xlsx,2.8 Maintenance,19
transgrid,2021-22,protection_systems_maintenance::protection_systems,asset_quantity_at_year_end,3227.0,count,numeric,3227.0,Transgrid 2021-22 - Category Analysis - RIN Response - Consolidated - 31 October 2022 - PUBLIC(14550262.2).xlsx,2.8 Maintenance,20
transgrid,2021-22,protection_systems_maintenance::protection_systems,quantity_inspected_maintained,767.0,count,numeric,767.0,Transgrid 2021-22 - Category Analysis - RIN Response - Consolidated - 31 October 2022 - PUBLIC(14550262.2).xlsx,2.8 Maintenance,20
transgrid,2021-22,protection_systems_maintenance::protection_systems,average_age_of_asset_group,15.6,years,numeric,15.6,Transgrid 2021-22 - Category Analysis - RIN Response - Consolidated - 31 October 2022 - PUBLIC(14550262.2).xlsx,2.8 Maintenance,20
transgrid,2021-22,protection_systems_maintenance::protection_systems,inspection_cycle_years,,years,blank,,Transgrid 2021-22 - Category Analysis - RIN Response - Consolidated - 31 October 2022 - PUBLIC(14550262.2).xlsx,2.8 Maintenance,20
transgrid,2021-22,protection_systems_maintenance::protection_systems,maintenance_cycle_years,6.4,years,numeric,6.4,Transgrid 2021-22 - Category Analysis - RIN Response - Consolidated - 31 October 2022 - PUBLIC(14550262.2).xlsx,2.8 Maintenance,20
transgrid,2021-22,other_maintenance_activity::metering,asset_quantity_at_year_end,839.0,count,numeric,839.0,Transgrid 2021-22 - Category Analysis - RIN Response - Consolidated - 31 October 2022 - PUBLIC(14550262.2).xlsx,2.8 Maintenance,21
transgrid,2021-22,other_maintenance_activity::metering,quantity_inspected_maintained,622.0,count,numeric,622.0,Transgrid 2021-22 - Category Analysis - RIN Response - Consolidated - 31 October 2022 - PUBLIC(14550262.2).xlsx,2.8 Maintenance,21
transgrid,2021-22,other_maintenance_activity::metering,average_age_of_asset_group,9.5,years,numeric,9.5,Transgrid 2021-22 - Category Analysis - RIN Response - Consolidated - 31 October 2022 - PUBLIC(14550262.2).xlsx,2.8 Maintenance,21
transgrid,2021-22,other_maintenance_activity::metering,inspection_cycle_years,2.5,years,numeric,2.5,Transgrid 2021-22 - Category Analysis - RIN Response - Consolidated - 31 October 2022 - PUBLIC(14550262.2).xlsx,2.8 Maintenance,21
transgrid,2021-22,other_maintenance_activity::metering,maintenance_cycle_years,5.0,years,numeric,5.0,Transgrid 2021-22 - Category Analysis - RIN Response - Consolidated - 31 October 2022 - PUBLIC(14550262.2).xlsx,2.8 Maintenance,21
transgrid,2021-22,other_maintenance_activity::communications,asset_quantity_at_year_end,1779.0,count,numeric,1779.0,Transgrid 2021-22 - Category Analysis - RIN Response - Consolidated - 31 October 2022 - PUBLIC(14550262.2).xlsx,2.8 Maintenance,22
transgrid,2021-22,other_maintenance_activity::communications,quantity_inspected_maintained,820.0,count,numeric,820.0,Transgrid 2021-22 - Category Analysis - RIN Response - Consolidated - 31 October 2022 - PUBLIC(14550262.2).xlsx,2.8 Maintenance,22
transgrid,2021-22,other_maintenance_activity::communications,average_age_of_asset_group,8.7,years,numeric,8.7,Transgrid 2021-22 - Category Analysis - RIN Response - Consolidated - 31 October 2022 - PUBLIC(14550262.2).xlsx,2.8 Maintenance,22
transgrid,2021-22,other_maintenance_activity::communications,inspection_cycle_years,0.7,years,numeric,0.7,Transgrid 2021-22 - Category Analysis - RIN Response - Consolidated - 31 October 2022 - PUBLIC(14550262.2).xlsx,2.8 Maintenance,22
transgrid,2021-22,other_maintenance_activity::communications,maintenance_cycle_years,3.0,years,numeric,3.0,Transgrid 2021-22 - Category Analysis - RIN Response - Consolidated - 31 October 2022 - PUBLIC(14550262.2).xlsx,2.8 Maintenance,22
transgrid,2021-22,other_maintenance_activity::bushfire_remediation,asset_quantity_at_year_end,,count,blank,,Transgrid 2021-22 - Category Analysis - RIN Response - Consolidated - 31 October 2022 - PUBLIC(14550262.2).xlsx,2.8 Maintenance,23
transgrid,2021-22,other_maintenance_activity::bushfire_remediation,quantity_inspected_maintained,,count,blank,,Transgrid 2021-22 - Category Analysis - RIN Response - Consolidated - 31 October 2022 - PUBLIC(14550262.2).xlsx,2.8 Maintenance,23
transgrid,2021-22,other_maintenance_activity::bushfire_remediation,average_age_of_asset_group,,years,blank,,Transgrid 2021-22 - Category Analysis - RIN Response - Consolidated - 31 October 2022 - PUBLIC(14550262.2).xlsx,2.8 Maintenance,23
transgrid,2021-22,other_maintenance_activity::bushfire_remediation,inspection_cycle_years,,years,blank,,Transgrid 2021-22 - Category Analysis - RIN Response - Consolidated - 31 October 2022 - PUBLIC(14550262.2).xlsx,2.8 Maintenance,23
transgrid,2021-22,other_maintenance_activity::bushfire_remediation,maintenance_cycle_years,,years,blank,,Transgrid 2021-22 - Category Analysis - RIN Response - Consolidated - 31 October 2022 - PUBLIC(14550262.2).xlsx,2.8 Maintenance,23
transgrid,2022-23,transmission_lines_maintenance::transmission_towers,asset_quantity_at_year_end,37308.0,count,numeric,37308.0,Transgrid 2022-23 - Category analysis - RIN response - Consolidated - 31 October 2023 - PUBLIC(15993699.2).xlsx,2.8 Maintenance,13
transgrid,2022-23,transmission_lines_maintenance::transmission_towers,quantity_inspected_maintained,9499.0,count,numeric,9499.0,Transgrid 2022-23 - Category analysis - RIN response - Consolidated - 31 October 2023 - PUBLIC(15993699.2).xlsx,2.8 Maintenance,13
transgrid,2022-23,transmission_lines_maintenance::transmission_towers,average_age_of_asset_group,40.56,years,numeric,40.56,Transgrid 2022-23 - Category analysis - RIN response - Consolidated - 31 October 2023 - PUBLIC(15993699.2).xlsx,2.8 Maintenance,13
transgrid,2022-23,transmission_lines_maintenance::transmission_towers,inspection_cycle_years,5.45,years,numeric,5.45,Transgrid 2022-23 - Category analysis - RIN response - Consolidated - 31 October 2023 - PUBLIC(15993699.2).xlsx,2.8 Maintenance,13
transgrid,2022-23,transmission_lines_maintenance::transmission_towers,maintenance_cycle_years,5.01,years,numeric,5.01,Transgrid 2022-23 - Category analysis - RIN response - Consolidated - 31 October 2023 - PUBLIC(15993699.2).xlsx,2.8 Maintenance,13
transgrid,2022-23,transmission_lines_maintenance::transmission_tower_support_structures,asset_quantity_at_year_end,,count,blank,,Transgrid 2022-23 - Category analysis - RIN response - Consolidated - 31 October 2023 - PUBLIC(15993699.2).xlsx,2.8 Maintenance,14
transgrid,2022-23,transmission_lines_maintenance::transmission_tower_support_structures,quantity_inspected_maintained,,count,blank,,Transgrid 2022-23 - Category analysis - RIN response - Consolidated - 31 October 2023 - PUBLIC(15993699.2).xlsx,2.8 Maintenance,14
transgrid,2022-23,transmission_lines_maintenance::transmission_tower_support_structures,average_age_of_asset_group,,years,blank,,Transgrid 2022-23 - Category analysis - RIN response - Consolidated - 31 October 2023 - PUBLIC(15993699.2).xlsx,2.8 Maintenance,14
transgrid,2022-23,transmission_lines_maintenance::transmission_tower_support_structures,inspection_cycle_years,,years,blank,,Transgrid 2022-23 - Category analysis - RIN response - Consolidated - 31 October 2023 - PUBLIC(15993699.2).xlsx,2.8 Maintenance,14
transgrid,2022-23,transmission_lines_maintenance::transmission_tower_support_structures,maintenance_cycle_years,,years,blank,,Transgrid 2022-23 - Category analysis - RIN response - Consolidated - 31 October 2023 - PUBLIC(15993699.2).xlsx,2.8 Maintenance,14
transgrid,2022-23,transmission_lines_maintenance::conductors,asset_quantity_at_year_end,11233.24,km,numeric,11233.24,Transgrid 2022-23 - Category analysis - RIN response - Consolidated - 31 October 2023 - PUBLIC(15993699.2).xlsx,2.8 Maintenance,15
transgrid,2022-23,transmission_lines_maintenance::conductors,quantity_inspected_maintained,3587.0,km,numeric,3587.0,Transgrid 2022-23 - Category analysis - RIN response - Consolidated - 31 October 2023 - PUBLIC(15993699.2).xlsx,2.8 Maintenance,15
transgrid,2022-23,transmission_lines_maintenance::conductors,average_age_of_asset_group,45.77437032,years,numeric,45.77437032,Transgrid 2022-23 - Category analysis - RIN response - Consolidated - 31 October 2023 - PUBLIC(15993699.2).xlsx,2.8 Maintenance,15
transgrid,2022-23,transmission_lines_maintenance::conductors,inspection_cycle_years,3.39,years,numeric,3.39,Transgrid 2022-23 - Category analysis - RIN response - Consolidated - 31 October 2023 - PUBLIC(15993699.2).xlsx,2.8 Maintenance,15
transgrid,2022-23,transmission_lines_maintenance::conductors,maintenance_cycle_years,,years,blank,,Transgrid 2022-23 - Category analysis - RIN response - Consolidated - 31 October 2023 - PUBLIC(15993699.2).xlsx,2.8 Maintenance,15
transgrid,2022-23,transmission_lines_maintenance::transmission_cables,asset_quantity_at_year_end,90.785,km,numeric,90.785,Transgrid 2022-23 - Category analysis - RIN response - Consolidated - 31 October 2023 - PUBLIC(15993699.2).xlsx,2.8 Maintenance,16
transgrid,2022-23,transmission_lines_maintenance::transmission_cables,quantity_inspected_maintained,90.785,km,numeric,90.785,Transgrid 2022-23 - Category analysis - RIN response - Consolidated - 31 October 2023 - PUBLIC(15993699.2).xlsx,2.8 Maintenance,16
transgrid,2022-23,transmission_lines_maintenance::transmission_cables,average_age_of_asset_group,18.18499201,years,numeric,18.18499201,Transgrid 2022-23 - Category analysis - RIN response - Consolidated - 31 October 2023 - PUBLIC(15993699.2).xlsx,2.8 Maintenance,16
transgrid,2022-23,transmission_lines_maintenance::transmission_cables,inspection_cycle_years,0.086848612,years,numeric,0.086848612,Transgrid 2022-23 - Category analysis - RIN response - Consolidated - 31 October 2023 - PUBLIC(15993699.2).xlsx,2.8 Maintenance,16
transgrid,2022-23,transmission_lines_maintenance::transmission_cables,maintenance_cycle_years,1.814286501,years,numeric,1.814286501,Transgrid 2022-23 - Category analysis - RIN response - Consolidated - 31 October 2023 - PUBLIC(15993699.2).xlsx,2.8 Maintenance,16
transgrid,2022-23,substations_equipment_property_maintenance::substation_switchbays,asset_quantity_at_year_end,2341.0,count,numeric,2341.0,Transgrid 2022-23 - Category analysis - RIN response - Consolidated - 31 October 2023 - PUBLIC(15993699.2).xlsx,2.8 Maintenance,17
transgrid,2022-23,substations_equipment_property_maintenance::substation_switchbays,quantity_inspected_maintained,516.0,count,numeric,516.0,Transgrid 2022-23 - Category analysis - RIN response - Consolidated - 31 October 2023 - PUBLIC(15993699.2).xlsx,2.8 Maintenance,17
transgrid,2022-23,substations_equipment_property_maintenance::substation_switchbays,average_age_of_asset_group,33.6,years,numeric,33.6,Transgrid 2022-23 - Category analysis - RIN response - Consolidated - 31 October 2023 - PUBLIC(15993699.2).xlsx,2.8 Maintenance,17
transgrid,2022-23,substations_equipment_property_maintenance::substation_switchbays,inspection_cycle_years,0.5,years,numeric,0.5,Transgrid 2022-23 - Category analysis - RIN response - Consolidated - 31 October 2023 - PUBLIC(15993699.2).xlsx,2.8 Maintenance,17
transgrid,2022-23,substations_equipment_property_maintenance::substation_switchbays,maintenance_cycle_years,5.7,years,numeric,5.7,Transgrid 2022-23 - Category analysis - RIN response - Consolidated - 31 October 2023 - PUBLIC(15993699.2).xlsx,2.8 Maintenance,17
transgrid,2022-23,substations_equipment_property_maintenance::substation_power_transformers,asset_quantity_at_year_end,215.0,count,numeric,215.0,Transgrid 2022-23 - Category analysis - RIN response - Consolidated - 31 October 2023 - PUBLIC(15993699.2).xlsx,2.8 Maintenance,18
transgrid,2022-23,substations_equipment_property_maintenance::substation_power_transformers,quantity_inspected_maintained,202.0,count,numeric,202.0,Transgrid 2022-23 - Category analysis - RIN response - Consolidated - 31 October 2023 - PUBLIC(15993699.2).xlsx,2.8 Maintenance,18
transgrid,2022-23,substations_equipment_property_maintenance::substation_power_transformers,average_age_of_asset_group,20.2,years,numeric,20.2,Transgrid 2022-23 - Category analysis - RIN response - Consolidated - 31 October 2023 - PUBLIC(15993699.2).xlsx,2.8 Maintenance,18
transgrid,2022-23,substations_equipment_property_maintenance::substation_power_transformers,inspection_cycle_years,0.5,years,numeric,0.5,Transgrid 2022-23 - Category analysis - RIN response - Consolidated - 31 October 2023 - PUBLIC(15993699.2).xlsx,2.8 Maintenance,18
transgrid,2022-23,substations_equipment_property_maintenance::substation_power_transformers,maintenance_cycle_years,5.5,years,numeric,5.5,Transgrid 2022-23 - Category analysis - RIN response - Consolidated - 31 October 2023 - PUBLIC(15993699.2).xlsx,2.8 Maintenance,18
transgrid,2022-23,substations_equipment_property_maintenance::substation_property,asset_quantity_at_year_end,96.0,count,numeric,96.0,Transgrid 2022-23 - Category analysis - RIN response - Consolidated - 31 October 2023 - PUBLIC(15993699.2).xlsx,2.8 Maintenance,19
transgrid,2022-23,substations_equipment_property_maintenance::substation_property,quantity_inspected_maintained,96.0,count,numeric,96.0,Transgrid 2022-23 - Category analysis - RIN response - Consolidated - 31 October 2023 - PUBLIC(15993699.2).xlsx,2.8 Maintenance,19
transgrid,2022-23,substations_equipment_property_maintenance::substation_property,average_age_of_asset_group,38.9,years,numeric,38.9,Transgrid 2022-23 - Category analysis - RIN response - Consolidated - 31 October 2023 - PUBLIC(15993699.2).xlsx,2.8 Maintenance,19
transgrid,2022-23,substations_equipment_property_maintenance::substation_property,inspection_cycle_years,0.5,years,numeric,0.5,Transgrid 2022-23 - Category analysis - RIN response - Consolidated - 31 October 2023 - PUBLIC(15993699.2).xlsx,2.8 Maintenance,19
transgrid,2022-23,substations_equipment_property_maintenance::substation_property,maintenance_cycle_years,0.3,years,numeric,0.3,Transgrid 2022-23 - Category analysis - RIN response - Consolidated - 31 October 2023 - PUBLIC(15993699.2).xlsx,2.8 Maintenance,19
transgrid,2022-23,scada_network_control_maintenance::scada_network_control,asset_quantity_at_year_end,1977.0,count,numeric,1977.0,Transgrid 2022-23 - Category analysis - RIN response - Consolidated - 31 October 2023 - PUBLIC(15993699.2).xlsx,2.8 Maintenance,20
transgrid,2022-23,scada_network_control_maintenance::scada_network_control,quantity_inspected_maintained,173.0,count,numeric,173.0,Transgrid 2022-23 - Category analysis - RIN response - Consolidated - 31 October 2023 - PUBLIC(15993699.2).xlsx,2.8 Maintenance,20
transgrid,2022-23,scada_network_control_maintenance::scada_network_control,average_age_of_asset_group,12.0,years,numeric,12.0,Transgrid 2022-23 - Category analysis - RIN response - Consolidated - 31 October 2023 - PUBLIC(15993699.2).xlsx,2.8 Maintenance,20
transgrid,2022-23,scada_network_control_maintenance::scada_network_control,inspection_cycle_years,,years,blank,,Transgrid 2022-23 - Category analysis - RIN response - Consolidated - 31 October 2023 - PUBLIC(15993699.2).xlsx,2.8 Maintenance,20
transgrid,2022-23,scada_network_control_maintenance::scada_network_control,maintenance_cycle_years,,years,blank,,Transgrid 2022-23 - Category analysis - RIN response - Consolidated - 31 October 2023 - PUBLIC(15993699.2).xlsx,2.8 Maintenance,20
transgrid,2022-23,protection_systems_maintenance::protection_systems,asset_quantity_at_year_end,3240.0,count,numeric,3240.0,Transgrid 2022-23 - Category analysis - RIN response - Consolidated - 31 October 2023 - PUBLIC(15993699.2).xlsx,2.8 Maintenance,21
transgrid,2022-23,protection_systems_maintenance::protection_systems,quantity_inspected_maintained,1021.0,count,numeric,1021.0,Transgrid 2022-23 - Category analysis - RIN response - Consolidated - 31 October 2023 - PUBLIC(15993699.2).xlsx,2.8 Maintenance,21
transgrid,2022-23,protection_systems_maintenance::protection_systems,average_age_of_asset_group,15.6,years,numeric,15.6,Transgrid 2022-23 - Category analysis - RIN response - Consolidated - 31 October 2023 - PUBLIC(15993699.2).xlsx,2.8 Maintenance,21
transgrid,2022-23,protection_systems_maintenance::protection_systems,inspection_cycle_years,,years,blank,,Transgrid 2022-23 - Category analysis - RIN response - Consolidated - 31 October 2023 - PUBLIC(15993699.2).xlsx,2.8 Maintenance,21
transgrid,2022-23,protection_systems_maintenance::protection_systems,maintenance_cycle_years,6.4,years,numeric,6.4,Transgrid 2022-23 - Category analysis - RIN response - Consolidated - 31 October 2023 - PUBLIC(15993699.2).xlsx,2.8 Maintenance,21
transgrid,2022-23,other_maintenance_activity::metering,asset_quantity_at_year_end,855.0,count,numeric,855.0,Transgrid 2022-23 - Category analysis - RIN response - Consolidated - 31 October 2023 - PUBLIC(15993699.2).xlsx,2.8 Maintenance,22
transgrid,2022-23,other_maintenance_activity::metering,quantity_inspected_maintained,540.0,count,numeric,540.0,Transgrid 2022-23 - Category analysis - RIN response - Consolidated - 31 October 2023 - PUBLIC(15993699.2).xlsx,2.8 Maintenance,22
transgrid,2022-23,other_maintenance_activity::metering,average_age_of_asset_group,10.2,years,numeric,10.2,Transgrid 2022-23 - Category analysis - RIN response - Consolidated - 31 October 2023 - PUBLIC(15993699.2).xlsx,2.8 Maintenance,22
transgrid,2022-23,other_maintenance_activity::metering,inspection_cycle_years,2.5,years,numeric,2.5,Transgrid 2022-23 - Category analysis - RIN response - Consolidated - 31 October 2023 - PUBLIC(15993699.2).xlsx,2.8 Maintenance,22
transgrid,2022-23,other_maintenance_activity::metering,maintenance_cycle_years,5.0,years,numeric,5.0,Transgrid 2022-23 - Category analysis - RIN response - Consolidated - 31 October 2023 - PUBLIC(15993699.2).xlsx,2.8 Maintenance,22
transgrid,2022-23,other_maintenance_activity::communications,asset_quantity_at_year_end,1787.0,count,numeric,1787.0,Transgrid 2022-23 - Category analysis - RIN response - Consolidated - 31 October 2023 - PUBLIC(15993699.2).xlsx,2.8 Maintenance,23
transgrid,2022-23,other_maintenance_activity::communications,quantity_inspected_maintained,981.0,count,numeric,981.0,Transgrid 2022-23 - Category analysis - RIN response - Consolidated - 31 October 2023 - PUBLIC(15993699.2).xlsx,2.8 Maintenance,23
transgrid,2022-23,other_maintenance_activity::communications,average_age_of_asset_group,9.6,years,numeric,9.6,Transgrid 2022-23 - Category analysis - RIN response - Consolidated - 31 October 2023 - PUBLIC(15993699.2).xlsx,2.8 Maintenance,23
transgrid,2022-23,other_maintenance_activity::communications,inspection_cycle_years,0.7,years,numeric,0.7,Transgrid 2022-23 - Category analysis - RIN response - Consolidated - 31 October 2023 - PUBLIC(15993699.2).xlsx,2.8 Maintenance,23
transgrid,2022-23,other_maintenance_activity::communications,maintenance_cycle_years,3.0,years,numeric,3.0,Transgrid 2022-23 - Category analysis - RIN response - Consolidated - 31 October 2023 - PUBLIC(15993699.2).xlsx,2.8 Maintenance,23
transgrid,2023-24,transmission_lines_maintenance::transmission_towers,asset_quantity_at_year_end,37310.0,count,numeric,37310.0,Transgrid 2023-24 - Category Analysis - RIN Response - Consolidated - 31 October 2024 - PUBLIC(17496053.2).xlsx,2.8 Maintenance,13
transgrid,2023-24,transmission_lines_maintenance::transmission_towers,quantity_inspected_maintained,11506.0,count,numeric,11506.0,Transgrid 2023-24 - Category Analysis - RIN Response - Consolidated - 31 October 2024 - PUBLIC(17496053.2).xlsx,2.8 Maintenance,13
transgrid,2023-24,transmission_lines_maintenance::transmission_towers,average_age_of_asset_group,41.45770571,years,numeric,41.45770571,Transgrid 2023-24 - Category Analysis - RIN Response - Consolidated - 31 October 2024 - PUBLIC(17496053.2).xlsx,2.8 Maintenance,13
transgrid,2023-24,transmission_lines_maintenance::transmission_towers,inspection_cycle_years,5.61,years,numeric,5.61,Transgrid 2023-24 - Category Analysis - RIN Response - Consolidated - 31 October 2024 - PUBLIC(17496053.2).xlsx,2.8 Maintenance,13
transgrid,2023-24,transmission_lines_maintenance::transmission_towers,maintenance_cycle_years,5.41,years,numeric,5.41,Transgrid 2023-24 - Category Analysis - RIN Response - Consolidated - 31 October 2024 - PUBLIC(17496053.2).xlsx,2.8 Maintenance,13
transgrid,2023-24,transmission_lines_maintenance::transmission_tower_support_structures,asset_quantity_at_year_end,,count,blank,,Transgrid 2023-24 - Category Analysis - RIN Response - Consolidated - 31 October 2024 - PUBLIC(17496053.2).xlsx,2.8 Maintenance,14
transgrid,2023-24,transmission_lines_maintenance::transmission_tower_support_structures,quantity_inspected_maintained,,count,blank,,Transgrid 2023-24 - Category Analysis - RIN Response - Consolidated - 31 October 2024 - PUBLIC(17496053.2).xlsx,2.8 Maintenance,14
transgrid,2023-24,transmission_lines_maintenance::transmission_tower_support_structures,average_age_of_asset_group,,years,blank,,Transgrid 2023-24 - Category Analysis - RIN Response - Consolidated - 31 October 2024 - PUBLIC(17496053.2).xlsx,2.8 Maintenance,14
transgrid,2023-24,transmission_lines_maintenance::transmission_tower_support_structures,inspection_cycle_years,,years,blank,,Transgrid 2023-24 - Category Analysis - RIN Response - Consolidated - 31 October 2024 - PUBLIC(17496053.2).xlsx,2.8 Maintenance,14
transgrid,2023-24,transmission_lines_maintenance::transmission_tower_support_structures,maintenance_cycle_years,,years,blank,,Transgrid 2023-24 - Category Analysis - RIN Response - Consolidated - 31 October 2024 - PUBLIC(17496053.2).xlsx,2.8 Maintenance,14
transgrid,2023-24,transmission_lines_maintenance::conductors,asset_quantity_at_year_end,11230.22,km,numeric,11230.22,Transgrid 2023-24 - Category Analysis - RIN Response - Consolidated - 31 October 2024 - PUBLIC(17496053.2).xlsx,2.8 Maintenance,15
transgrid,2023-24,transmission_lines_maintenance::conductors,quantity_inspected_maintained,40.6,km,numeric,40.6,Transgrid 2023-24 - Category Analysis - RIN Response - Consolidated - 31 October 2024 - PUBLIC(17496053.2).xlsx,2.8 Maintenance,15
transgrid,2023-24,transmission_lines_maintenance::conductors,average_age_of_asset_group,46.6636156,years,numeric,46.6636156,Transgrid 2023-24 - Category Analysis - RIN Response - Consolidated - 31 October 2024 - PUBLIC(17496053.2).xlsx,2.8 Maintenance,15
transgrid,2023-24,transmission_lines_maintenance::conductors,inspection_cycle_years,3.29,years,numeric,3.29,Transgrid 2023-24 - Category Analysis - RIN Response - Consolidated - 31 October 2024 - PUBLIC(17496053.2).xlsx,2.8 Maintenance,15
transgrid,2023-24,transmission_lines_maintenance::conductors,maintenance_cycle_years,,years,blank,,Transgrid 2023-24 - Category Analysis - RIN Response - Consolidated - 31 October 2024 - PUBLIC(17496053.2).xlsx,2.8 Maintenance,15
transgrid,2023-24,transmission_lines_maintenance::transmission_cables,asset_quantity_at_year_end,90.785,km,numeric,90.785,Transgrid 2023-24 - Category Analysis - RIN Response - Consolidated - 31 October 2024 - PUBLIC(17496053.2).xlsx,2.8 Maintenance,16
transgrid,2023-24,transmission_lines_maintenance::transmission_cables,quantity_inspected_maintained,90.785,km,numeric,90.785,Transgrid 2023-24 - Category Analysis - RIN Response - Consolidated - 31 October 2024 - PUBLIC(17496053.2).xlsx,2.8 Maintenance,16
transgrid,2023-24,transmission_lines_maintenance::transmission_cables,average_age_of_asset_group,19.18499201,years,numeric,19.18499201,Transgrid 2023-24 - Category Analysis - RIN Response - Consolidated - 31 October 2024 - PUBLIC(17496053.2).xlsx,2.8 Maintenance,16
transgrid,2023-24,transmission_lines_maintenance::transmission_cables,inspection_cycle_years,0.086848612,years,numeric,0.086848612,Transgrid 2023-24 - Category Analysis - RIN Response - Consolidated - 31 October 2024 - PUBLIC(17496053.2).xlsx,2.8 Maintenance,16
transgrid,2023-24,transmission_lines_maintenance::transmission_cables,maintenance_cycle_years,1.814286501,years,numeric,1.814286501,Transgrid 2023-24 - Category Analysis - RIN Response - Consolidated - 31 October 2024 - PUBLIC(17496053.2).xlsx,2.8 Maintenance,16
transgrid,2023-24,substations_equipment_property_maintenance::substation_switchbays,asset_quantity_at_year_end,2350.0,count,numeric,2350.0,Transgrid 2023-24 - Category Analysis - RIN Response - Consolidated - 31 October 2024 - PUBLIC(17496053.2).xlsx,2.8 Maintenance,17
transgrid,2023-24,substations_equipment_property_maintenance::substation_switchbays,quantity_inspected_maintained,252.0,count,numeric,252.0,Transgrid 2023-24 - Category Analysis - RIN Response - Consolidated - 31 October 2024 - PUBLIC(17496053.2).xlsx,2.8 Maintenance,17
transgrid,2023-24,substations_equipment_property_maintenance::substation_switchbays,average_age_of_asset_group,34.4,years,numeric,34.4,Transgrid 2023-24 - Category Analysis - RIN Response - Consolidated - 31 October 2024 - PUBLIC(17496053.2).xlsx,2.8 Maintenance,17
transgrid,2023-24,substations_equipment_property_maintenance::substation_switchbays,inspection_cycle_years,0.5,years,numeric,0.5,Transgrid 2023-24 - Category Analysis - RIN Response - Consolidated - 31 October 2024 - PUBLIC(17496053.2).xlsx,2.8 Maintenance,17
transgrid,2023-24,substations_equipment_property_maintenance::substation_switchbays,maintenance_cycle_years,5.9,years,numeric,5.9,Transgrid 2023-24 - Category Analysis - RIN Response - Consolidated - 31 October 2024 - PUBLIC(17496053.2).xlsx,2.8 Maintenance,17
transgrid,2023-24,substations_equipment_property_maintenance::substation_power_transformers,asset_quantity_at_year_end,215.0,count,numeric,215.0,Transgrid 2023-24 - Category Analysis - RIN Response - Consolidated - 31 October 2024 - PUBLIC(17496053.2).xlsx,2.8 Maintenance,18
transgrid,2023-24,substations_equipment_property_maintenance::substation_power_transformers,quantity_inspected_maintained,206.0,count,numeric,206.0,Transgrid 2023-24 - Category Analysis - RIN Response - Consolidated - 31 October 2024 - PUBLIC(17496053.2).xlsx,2.8 Maintenance,18
transgrid,2023-24,substations_equipment_property_maintenance::substation_power_transformers,average_age_of_asset_group,21.0,years,numeric,21.0,Transgrid 2023-24 - Category Analysis - RIN Response - Consolidated - 31 October 2024 - PUBLIC(17496053.2).xlsx,2.8 Maintenance,18
transgrid,2023-24,substations_equipment_property_maintenance::substation_power_transformers,inspection_cycle_years,0.5,years,numeric,0.5,Transgrid 2023-24 - Category Analysis - RIN Response - Consolidated - 31 October 2024 - PUBLIC(17496053.2).xlsx,2.8 Maintenance,18
transgrid,2023-24,substations_equipment_property_maintenance::substation_power_transformers,maintenance_cycle_years,5.5,years,numeric,5.5,Transgrid 2023-24 - Category Analysis - RIN Response - Consolidated - 31 October 2024 - PUBLIC(17496053.2).xlsx,2.8 Maintenance,18
transgrid,2023-24,substations_equipment_property_maintenance::substation_property,asset_quantity_at_year_end,96.0,count,numeric,96.0,Transgrid 2023-24 - Category Analysis - RIN Response - Consolidated - 31 October 2024 - PUBLIC(17496053.2).xlsx,2.8 Maintenance,19
transgrid,2023-24,substations_equipment_property_maintenance::substation_property,quantity_inspected_maintained,95.0,count,numeric,95.0,Transgrid 2023-24 - Category Analysis - RIN Response - Consolidated - 31 October 2024 - PUBLIC(17496053.2).xlsx,2.8 Maintenance,19
transgrid,2023-24,substations_equipment_property_maintenance::substation_property,average_age_of_asset_group,39.9,years,numeric,39.9,Transgrid 2023-24 - Category Analysis - RIN Response - Consolidated - 31 October 2024 - PUBLIC(17496053.2).xlsx,2.8 Maintenance,19
transgrid,2023-24,substations_equipment_property_maintenance::substation_property,inspection_cycle_years,0.5,years,numeric,0.5,Transgrid 2023-24 - Category Analysis - RIN Response - Consolidated - 31 October 2024 - PUBLIC(17496053.2).xlsx,2.8 Maintenance,19
transgrid,2023-24,substations_equipment_property_maintenance::substation_property,maintenance_cycle_years,0.3,years,numeric,0.3,Transgrid 2023-24 - Category Analysis - RIN Response - Consolidated - 31 October 2024 - PUBLIC(17496053.2).xlsx,2.8 Maintenance,19
transgrid,2023-24,scada_network_control_maintenance::scada_network_control,asset_quantity_at_year_end,2046.0,count,numeric,2046.0,Transgrid 2023-24 - Category Analysis - RIN Response - Consolidated - 31 October 2024 - PUBLIC(17496053.2).xlsx,2.8 Maintenance,20
transgrid,2023-24,scada_network_control_maintenance::scada_network_control,quantity_inspected_maintained,196.0,count,numeric,196.0,Transgrid 2023-24 - Category Analysis - RIN Response - Consolidated - 31 October 2024 - PUBLIC(17496053.2).xlsx,2.8 Maintenance,20
transgrid,2023-24,scada_network_control_maintenance::scada_network_control,average_age_of_asset_group,12.6,years,numeric,12.6,Transgrid 2023-24 - Category Analysis - RIN Response - Consolidated - 31 October 2024 - PUBLIC(17496053.2).xlsx,2.8 Maintenance,20
transgrid,2023-24,scada_network_control_maintenance::scada_network_control,inspection_cycle_years,,years,blank,,Transgrid 2023-24 - Category Analysis - RIN Response - Consolidated - 31 October 2024 - PUBLIC(17496053.2).xlsx,2.8 Maintenance,20
transgrid,2023-24,scada_network_control_maintenance::scada_network_control,maintenance_cycle_years,,years,blank,,Transgrid 2023-24 - Category Analysis - RIN Response - Consolidated - 31 October 2024 - PUBLIC(17496053.2).xlsx,2.8 Maintenance,20
transgrid,2023-24,protection_systems_maintenance::protection_systems,asset_quantity_at_year_end,3286.0,count,numeric,3286.0,Transgrid 2023-24 - Category Analysis - RIN Response - Consolidated - 31 October 2024 - PUBLIC(17496053.2).xlsx,2.8 Maintenance,21
transgrid,2023-24,protection_systems_maintenance::protection_systems,quantity_inspected_maintained,893.0,count,numeric,893.0,Transgrid 2023-24 - Category Analysis - RIN Response - Consolidated - 31 October 2024 - PUBLIC(17496053.2).xlsx,2.8 Maintenance,21
transgrid,2023-24,protection_systems_maintenance::protection_systems,average_age_of_asset_group,15.6,years,numeric,15.6,Transgrid 2023-24 - Category Analysis - RIN Response - Consolidated - 31 October 2024 - PUBLIC(17496053.2).xlsx,2.8 Maintenance,21
transgrid,2023-24,protection_systems_maintenance::protection_systems,inspection_cycle_years,,years,blank,,Transgrid 2023-24 - Category Analysis - RIN Response - Consolidated - 31 October 2024 - PUBLIC(17496053.2).xlsx,2.8 Maintenance,21
transgrid,2023-24,protection_systems_maintenance::protection_systems,maintenance_cycle_years,6.5,years,numeric,6.5,Transgrid 2023-24 - Category Analysis - RIN Response - Consolidated - 31 October 2024 - PUBLIC(17496053.2).xlsx,2.8 Maintenance,21
transgrid,2023-24,other_maintenance_activity::metering,asset_quantity_at_year_end,838.0,count,numeric,838.0,Transgrid 2023-24 - Category Analysis - RIN Response - Consolidated - 31 October 2024 - PUBLIC(17496053.2).xlsx,2.8 Maintenance,22
transgrid,2023-24,other_maintenance_activity::metering,quantity_inspected_maintained,639.0,count,numeric,639.0,Transgrid 2023-24 - Category Analysis - RIN Response - Consolidated - 31 October 2024 - PUBLIC(17496053.2).xlsx,2.8 Maintenance,22
transgrid,2023-24,other_maintenance_activity::metering,average_age_of_asset_group,10.7,years,numeric,10.7,Transgrid 2023-24 - Category Analysis - RIN Response - Consolidated - 31 October 2024 - PUBLIC(17496053.2).xlsx,2.8 Maintenance,22
transgrid,2023-24,other_maintenance_activity::metering,inspection_cycle_years,2.5,years,numeric,2.5,Transgrid 2023-24 - Category Analysis - RIN Response - Consolidated - 31 October 2024 - PUBLIC(17496053.2).xlsx,2.8 Maintenance,22
transgrid,2023-24,other_maintenance_activity::metering,maintenance_cycle_years,5.0,years,numeric,5.0,Transgrid 2023-24 - Category Analysis - RIN Response - Consolidated - 31 October 2024 - PUBLIC(17496053.2).xlsx,2.8 Maintenance,22
transgrid,2023-24,other_maintenance_activity::communications,asset_quantity_at_year_end,1790.0,count,numeric,1790.0,Transgrid 2023-24 - Category Analysis - RIN Response - Consolidated - 31 October 2024 - PUBLIC(17496053.2).xlsx,2.8 Maintenance,23
transgrid,2023-24,other_maintenance_activity::communications,quantity_inspected_maintained,974.0,count,numeric,974.0,Transgrid 2023-24 - Category Analysis - RIN Response - Consolidated - 31 October 2024 - PUBLIC(17496053.2).xlsx,2.8 Maintenance,23
transgrid,2023-24,other_maintenance_activity::communications,average_age_of_asset_group,10.6,years,numeric,10.6,Transgrid 2023-24 - Category Analysis - RIN Response - Consolidated - 31 October 2024 - PUBLIC(17496053.2).xlsx,2.8 Maintenance,23
transgrid,2023-24,other_maintenance_activity::communications,inspection_cycle_years,1.0,years,numeric,1.0,Transgrid 2023-24 - Category Analysis - RIN Response - Consolidated - 31 October 2024 - PUBLIC(17496053.2).xlsx,2.8 Maintenance,23
transgrid,2023-24,other_maintenance_activity::communications,maintenance_cycle_years,3.0,years,numeric,3.0,Transgrid 2023-24 - Category Analysis - RIN Response - Consolidated - 31 October 2024 - PUBLIC(17496053.2).xlsx,2.8 Maintenance,23
