business_id,reporting_period,maintenance_category_key,routine_expenditure_aud,routine_expenditure_status,non_routine_expenditure_aud,non_routine_expenditure_status,total_expenditure_aud,total_expenditure_status,currency,price_basis,installed_quantity,installed_quantity_status,serviced_quantity,serviced_quantity_status,denominator_unit,relationship_status,installed_ratio_status,serviced_ratio_status,source_workbook,source_sheet,source_row,descriptor_source_workbook,descriptor_source_sheet,descriptor_source_row
ausnet_transmission,2019-20,transmission_lines_maintenance::transmission_towers,1090083.3939484735,numeric,879892.3296314386,numeric,1969975.723579912,numeric,AUD,nominal,13204.0,numeric,17605.333333333332,numeric,count,matched_with_denominator,calculated,calculated,AusNet (T) 2019-20 - Category Analysis - RIN Response - Consolidated - 28 July 2020 - PUBLIC(11429287.3).xlsx,2.8 Maintenance,50,AusNet (T) 2019-20 - Category Analysis - RIN Response - Consolidated - 28 July 2020 - PUBLIC(11429287.3).xlsx,2.8 Maintenance,12.0
ausnet_transmission,2019-20,transmission_lines_maintenance::transmission_tower_support_structures,171111.46188830375,numeric,108906.98127797247,numeric,280018.4431662762,numeric,AUD,nominal,69527.0,numeric,46351.333333333336,numeric,count,matched_with_denominator,calculated,calculated,AusNet (T) 2019-20 - Category Analysis - RIN Response - Consolidated - 28 July 2020 - PUBLIC(11429287.3).xlsx,2.8 Maintenance,51,AusNet (T) 2019-20 - Category Analysis - RIN Response - Consolidated - 28 July 2020 - PUBLIC(11429287.3).xlsx,2.8 Maintenance,13.0
ausnet_transmission,2019-20,transmission_lines_maintenance::conductors,950695.1511238446,numeric,467343.6657087683,numeric,1418038.8168326127,numeric,AUD,nominal,5086.8,numeric,1695.6,numeric,km,matched_with_denominator,calculated,calculated,AusNet (T) 2019-20 - Category Analysis - RIN Response - Consolidated - 28 July 2020 - PUBLIC(11429287.3).xlsx,2.8 Maintenance,52,AusNet (T) 2019-20 - Category Analysis - RIN Response - Consolidated - 28 July 2020 - PUBLIC(11429287.3).xlsx,2.8 Maintenance,14.0
ausnet_transmission,2019-20,transmission_lines_maintenance::transmission_cables,123058.45782732213,numeric,24838.361656799232,numeric,147896.81948412137,numeric,AUD,nominal,8.54,numeric,17.08,numeric,km,matched_with_denominator,calculated,calculated,AusNet (T) 2019-20 - Category Analysis - RIN Response - Consolidated - 28 July 2020 - PUBLIC(11429287.3).xlsx,2.8 Maintenance,53,AusNet (T) 2019-20 - Category Analysis - RIN Response - Consolidated - 28 July 2020 - PUBLIC(11429287.3).xlsx,2.8 Maintenance,15.0
ausnet_transmission,2019-20,substations_equipment_property_maintenance::substation_switchbays,3323640.3497046656,numeric,1442763.4969652786,numeric,4766403.846669944,numeric,AUD,nominal,1133.0,numeric,2340.0,numeric,count,matched_with_denominator,calculated,calculated,AusNet (T) 2019-20 - Category Analysis - RIN Response - Consolidated - 28 July 2020 - PUBLIC(11429287.3).xlsx,2.8 Maintenance,54,AusNet (T) 2019-20 - Category Analysis - RIN Response - Consolidated - 28 July 2020 - PUBLIC(11429287.3).xlsx,2.8 Maintenance,16.0
ausnet_transmission,2019-20,substations_equipment_property_maintenance::substation_power_transformers,1895242.4356921536,numeric,2780588.9873634623,numeric,4675831.423055616,numeric,AUD,nominal,174.0,numeric,671.0,numeric,count,matched_with_denominator,calculated,calculated,AusNet (T) 2019-20 - Category Analysis - RIN Response - Consolidated - 28 July 2020 - PUBLIC(11429287.3).xlsx,2.8 Maintenance,55,AusNet (T) 2019-20 - Category Analysis - RIN Response - Consolidated - 28 July 2020 - PUBLIC(11429287.3).xlsx,2.8 Maintenance,17.0
ausnet_transmission,2019-20,substations_equipment_property_maintenance::substation_property,1219191.6282079946,numeric,1304413.8841710165,numeric,2523605.512379011,numeric,AUD,nominal,47.0,numeric,1660.0,numeric,count,matched_with_denominator,calculated,calculated,AusNet (T) 2019-20 - Category Analysis - RIN Response - Consolidated - 28 July 2020 - PUBLIC(11429287.3).xlsx,2.8 Maintenance,56,AusNet (T) 2019-20 - Category Analysis - RIN Response - Consolidated - 28 July 2020 - PUBLIC(11429287.3).xlsx,2.8 Maintenance,18.0
ausnet_transmission,2019-20,scada_network_control_maintenance::scada_network_control,807662.7171930161,numeric,435284.9557497263,numeric,1242947.6729427422,numeric,AUD,nominal,19208.54821,numeric,9604.274105,numeric,count,matched_with_denominator,calculated,calculated,AusNet (T) 2019-20 - Category Analysis - RIN Response - Consolidated - 28 July 2020 - PUBLIC(11429287.3).xlsx,2.8 Maintenance,57,AusNet (T) 2019-20 - Category Analysis - RIN Response - Consolidated - 28 July 2020 - PUBLIC(11429287.3).xlsx,2.8 Maintenance,19.0
ausnet_transmission,2019-20,protection_systems_maintenance::protection_systems,928996.7594142298,numeric,727385.8974755328,numeric,1656382.6568897627,numeric,AUD,nominal,6556.999999999998,numeric,4371.333333333332,numeric,count,matched_with_denominator,calculated,calculated,AusNet (T) 2019-20 - Category Analysis - RIN Response - Consolidated - 28 July 2020 - PUBLIC(11429287.3).xlsx,2.8 Maintenance,58,AusNet (T) 2019-20 - Category Analysis - RIN Response - Consolidated - 28 July 2020 - PUBLIC(11429287.3).xlsx,2.8 Maintenance,20.0
ausnet_transmission,2020-21,transmission_lines_maintenance::transmission_towers,805691.2766917964,numeric,938109.7639208642,numeric,1743801.0406126606,numeric,AUD,nominal,13206.0,numeric,14673.333333333334,numeric,count,matched_with_denominator,calculated,calculated,AusNet (T) 2020-21 - Category Analysis - RIN Response - Consolidated - 29 July 2021 - PU(12595757.1).xlsx,2.8 Maintenance,50,AusNet (T) 2020-21 - Category Analysis - RIN Response - Consolidated - 29 July 2021 - PU(12595757.1).xlsx,2.8 Maintenance,12.0
ausnet_transmission,2020-21,transmission_lines_maintenance::transmission_tower_support_structures,249660.1924483811,numeric,104794.97872496456,numeric,354455.17117334565,numeric,AUD,nominal,69605.0,numeric,46403.333333333336,numeric,count,matched_with_denominator,calculated,calculated,AusNet (T) 2020-21 - Category Analysis - RIN Response - Consolidated - 29 July 2021 - PU(12595757.1).xlsx,2.8 Maintenance,51,AusNet (T) 2020-21 - Category Analysis - RIN Response - Consolidated - 29 July 2021 - PU(12595757.1).xlsx,2.8 Maintenance,13.0
ausnet_transmission,2020-21,transmission_lines_maintenance::conductors,1301577.8191408718,numeric,126928.4625234925,numeric,1428506.2816643645,numeric,AUD,nominal,5024.7,numeric,1674.9,numeric,km,matched_with_denominator,calculated,calculated,AusNet (T) 2020-21 - Category Analysis - RIN Response - Consolidated - 29 July 2021 - PU(12595757.1).xlsx,2.8 Maintenance,52,AusNet (T) 2020-21 - Category Analysis - RIN Response - Consolidated - 29 July 2021 - PU(12595757.1).xlsx,2.8 Maintenance,14.0
ausnet_transmission,2020-21,transmission_lines_maintenance::transmission_cables,7727.256762510452,numeric,35359.77096944002,numeric,43087.02773195047,numeric,AUD,nominal,8.542370333333334,numeric,17.08474066666667,numeric,km,matched_with_denominator,calculated,calculated,AusNet (T) 2020-21 - Category Analysis - RIN Response - Consolidated - 29 July 2021 - PU(12595757.1).xlsx,2.8 Maintenance,53,AusNet (T) 2020-21 - Category Analysis - RIN Response - Consolidated - 29 July 2021 - PU(12595757.1).xlsx,2.8 Maintenance,15.0
ausnet_transmission,2020-21,substations_equipment_property_maintenance::substation_switchbays,2718726.328680422,numeric,2782992.6607578387,numeric,5501718.989438261,numeric,AUD,nominal,1158.0,numeric,2173.0,numeric,count,matched_with_denominator,calculated,calculated,AusNet (T) 2020-21 - Category Analysis - RIN Response - Consolidated - 29 July 2021 - PU(12595757.1).xlsx,2.8 Maintenance,54,AusNet (T) 2020-21 - Category Analysis - RIN Response - Consolidated - 29 July 2021 - PU(12595757.1).xlsx,2.8 Maintenance,16.0
ausnet_transmission,2020-21,substations_equipment_property_maintenance::substation_power_transformers,1804333.001472167,numeric,2396225.946977211,numeric,4200558.948449378,numeric,AUD,nominal,173.0,numeric,1173.0,numeric,count,matched_with_denominator,calculated,calculated,AusNet (T) 2020-21 - Category Analysis - RIN Response - Consolidated - 29 July 2021 - PU(12595757.1).xlsx,2.8 Maintenance,55,AusNet (T) 2020-21 - Category Analysis - RIN Response - Consolidated - 29 July 2021 - PU(12595757.1).xlsx,2.8 Maintenance,17.0
ausnet_transmission,2020-21,substations_equipment_property_maintenance::substation_property,373523.9204519498,numeric,2917832.530940347,numeric,3291356.4513922967,numeric,AUD,nominal,47.0,numeric,1277.0,numeric,count,matched_with_denominator,calculated,calculated,AusNet (T) 2020-21 - Category Analysis - RIN Response - Consolidated - 29 July 2021 - PU(12595757.1).xlsx,2.8 Maintenance,56,AusNet (T) 2020-21 - Category Analysis - RIN Response - Consolidated - 29 July 2021 - PU(12595757.1).xlsx,2.8 Maintenance,18.0
ausnet_transmission,2020-21,scada_network_control_maintenance::scada_network_control,494177.9992198432,numeric,602762.492704215,numeric,1096940.4919240582,numeric,AUD,nominal,20989.54821,numeric,10494.774104999997,numeric,count,matched_with_denominator,calculated,calculated,AusNet (T) 2020-21 - Category Analysis - RIN Response - Consolidated - 29 July 2021 - PU(12595757.1).xlsx,2.8 Maintenance,57,AusNet (T) 2020-21 - Category Analysis - RIN Response - Consolidated - 29 July 2021 - PU(12595757.1).xlsx,2.8 Maintenance,19.0
ausnet_transmission,2020-21,protection_systems_maintenance::protection_systems,610452.9461243512,numeric,1055964.482481628,numeric,1666417.4286059793,numeric,AUD,nominal,6555.000000000003,numeric,4370.000000000002,numeric,count,matched_with_denominator,calculated,calculated,AusNet (T) 2020-21 - Category Analysis - RIN Response - Consolidated - 29 July 2021 - PU(12595757.1).xlsx,2.8 Maintenance,58,AusNet (T) 2020-21 - Category Analysis - RIN Response - Consolidated - 29 July 2021 - PU(12595757.1).xlsx,2.8 Maintenance,20.0
ausnet_transmission,2021-22,transmission_lines_maintenance::transmission_towers,1151669.7852612073,numeric,177756.19650105145,numeric,1329425.9817622588,numeric,AUD,nominal,13205.0,numeric,14672.222222222224,numeric,count,matched_with_denominator,calculated,calculated,AusNet (T) 2021-22 - Category Analysis - RIN Response - Consolidated - 28 July 2022 - PUBLIC(14205738.1).xlsx,2.8 Maintenance,50,AusNet (T) 2021-22 - Category Analysis - RIN Response - Consolidated - 28 July 2022 - PUBLIC(14205738.1).xlsx,2.8 Maintenance,12.0
ausnet_transmission,2021-22,transmission_lines_maintenance::transmission_tower_support_structures,282416.586784404,numeric,23167.900443144543,numeric,305584.4872275485,numeric,AUD,nominal,70460.0,numeric,46973.333333333336,numeric,count,matched_with_denominator,calculated,calculated,AusNet (T) 2021-22 - Category Analysis - RIN Response - Consolidated - 28 July 2022 - PUBLIC(14205738.1).xlsx,2.8 Maintenance,51,AusNet (T) 2021-22 - Category Analysis - RIN Response - Consolidated - 28 July 2022 - PUBLIC(14205738.1).xlsx,2.8 Maintenance,13.0
ausnet_transmission,2021-22,transmission_lines_maintenance::conductors,984155.484102794,numeric,5306.700985895725,numeric,989462.1850886896,numeric,AUD,nominal,6611.465,numeric,2203.8216666666667,numeric,km,matched_with_denominator,calculated,calculated,AusNet (T) 2021-22 - Category Analysis - RIN Response - Consolidated - 28 July 2022 - PUBLIC(14205738.1).xlsx,2.8 Maintenance,52,AusNet (T) 2021-22 - Category Analysis - RIN Response - Consolidated - 28 July 2022 - PUBLIC(14205738.1).xlsx,2.8 Maintenance,14.0
ausnet_transmission,2021-22,transmission_lines_maintenance::transmission_cables,0.0,numeric,3339.4102755443664,numeric,3339.4102755443664,numeric,AUD,nominal,8.542370333333334,numeric,17.08474066666667,numeric,km,matched_with_denominator,calculated,calculated,AusNet (T) 2021-22 - Category Analysis - RIN Response - Consolidated - 28 July 2022 - PUBLIC(14205738.1).xlsx,2.8 Maintenance,53,AusNet (T) 2021-22 - Category Analysis - RIN Response - Consolidated - 28 July 2022 - PUBLIC(14205738.1).xlsx,2.8 Maintenance,15.0
ausnet_transmission,2021-22,substations_equipment_property_maintenance::substation_switchbays,4635055.651136602,numeric,6708283.324724818,numeric,11343338.97586142,numeric,AUD,nominal,1216.0,numeric,4310.0,numeric,count,matched_with_denominator,calculated,calculated,AusNet (T) 2021-22 - Category Analysis - RIN Response - Consolidated - 28 July 2022 - PUBLIC(14205738.1).xlsx,2.8 Maintenance,54,AusNet (T) 2021-22 - Category Analysis - RIN Response - Consolidated - 28 July 2022 - PUBLIC(14205738.1).xlsx,2.8 Maintenance,16.0
ausnet_transmission,2021-22,substations_equipment_property_maintenance::substation_power_transformers,1167823.426612792,numeric,2158755.4960138574,numeric,3326578.922626649,numeric,AUD,nominal,184.0,numeric,1255.0,numeric,count,matched_with_denominator,calculated,calculated,AusNet (T) 2021-22 - Category Analysis - RIN Response - Consolidated - 28 July 2022 - PUBLIC(14205738.1).xlsx,2.8 Maintenance,55,AusNet (T) 2021-22 - Category Analysis - RIN Response - Consolidated - 28 July 2022 - PUBLIC(14205738.1).xlsx,2.8 Maintenance,17.0
ausnet_transmission,2021-22,substations_equipment_property_maintenance::substation_property,908839.0131524244,numeric,3291536.11676183,numeric,4200375.129914255,numeric,AUD,nominal,47.0,numeric,1164.0,numeric,count,matched_with_denominator,calculated,calculated,AusNet (T) 2021-22 - Category Analysis - RIN Response - Consolidated - 28 July 2022 - PUBLIC(14205738.1).xlsx,2.8 Maintenance,56,AusNet (T) 2021-22 - Category Analysis - RIN Response - Consolidated - 28 July 2022 - PUBLIC(14205738.1).xlsx,2.8 Maintenance,18.0
ausnet_transmission,2021-22,scada_network_control_maintenance::scada_network_control,514547.98277334135,numeric,186549.55619921075,numeric,701097.5389725522,numeric,AUD,nominal,21368.54821,numeric,10684.274105,numeric,count,matched_with_denominator,calculated,calculated,AusNet (T) 2021-22 - Category Analysis - RIN Response - Consolidated - 28 July 2022 - PUBLIC(14205738.1).xlsx,2.8 Maintenance,57,AusNet (T) 2021-22 - Category Analysis - RIN Response - Consolidated - 28 July 2022 - PUBLIC(14205738.1).xlsx,2.8 Maintenance,19.0
ausnet_transmission,2021-22,protection_systems_maintenance::protection_systems,761087.580176445,numeric,228260.2580946501,numeric,989347.8382710952,numeric,AUD,nominal,6696.999999999999,numeric,4464.666666666666,numeric,count,matched_with_denominator,calculated,calculated,AusNet (T) 2021-22 - Category Analysis - RIN Response - Consolidated - 28 July 2022 - PUBLIC(14205738.1).xlsx,2.8 Maintenance,58,AusNet (T) 2021-22 - Category Analysis - RIN Response - Consolidated - 28 July 2022 - PUBLIC(14205738.1).xlsx,2.8 Maintenance,20.0
ausnet_transmission,2022-23,transmission_lines_maintenance::transmission_towers,303350.63676480687,numeric,186151.8396739064,numeric,489502.47643871326,numeric,AUD,nominal,13196.0,numeric,14662.222222222224,numeric,count,matched_with_denominator,calculated,calculated,Ausnet Services (ET) 2022-23 - Category Analysis - RIN Response - Consolidated - 28 July 2023 - PUBLIC(15600825.1).xlsx,2.8 Maintenance,50,Ausnet Services (ET) 2022-23 - Category Analysis - RIN Response - Consolidated - 28 July 2023 - PUBLIC(15600825.1).xlsx,2.8 Maintenance,12.0
ausnet_transmission,2022-23,transmission_lines_maintenance::transmission_tower_support_structures,431111.2623950912,numeric,31542.373881132124,numeric,462653.6362762233,numeric,AUD,nominal,70616.0,numeric,47077.333333333336,numeric,count,matched_with_denominator,calculated,calculated,Ausnet Services (ET) 2022-23 - Category Analysis - RIN Response - Consolidated - 28 July 2023 - PUBLIC(15600825.1).xlsx,2.8 Maintenance,51,Ausnet Services (ET) 2022-23 - Category Analysis - RIN Response - Consolidated - 28 July 2023 - PUBLIC(15600825.1).xlsx,2.8 Maintenance,13.0
ausnet_transmission,2022-23,transmission_lines_maintenance::conductors,649550.3322267368,numeric,11125.308224171336,numeric,660675.6404509081,numeric,AUD,nominal,6611.465,numeric,2203.8216666666667,numeric,km,matched_with_denominator,calculated,calculated,Ausnet Services (ET) 2022-23 - Category Analysis - RIN Response - Consolidated - 28 July 2023 - PUBLIC(15600825.1).xlsx,2.8 Maintenance,52,Ausnet Services (ET) 2022-23 - Category Analysis - RIN Response - Consolidated - 28 July 2023 - PUBLIC(15600825.1).xlsx,2.8 Maintenance,14.0
ausnet_transmission,2022-23,transmission_lines_maintenance::transmission_cables,2811.911978976268,numeric,5973.351785336195,numeric,8785.263764312462,numeric,AUD,nominal,8.542370333333333,numeric,17.084740666666665,numeric,km,matched_with_denominator,calculated,calculated,Ausnet Services (ET) 2022-23 - Category Analysis - RIN Response - Consolidated - 28 July 2023 - PUBLIC(15600825.1).xlsx,2.8 Maintenance,53,Ausnet Services (ET) 2022-23 - Category Analysis - RIN Response - Consolidated - 28 July 2023 - PUBLIC(15600825.1).xlsx,2.8 Maintenance,15.0
ausnet_transmission,2022-23,substations_equipment_property_maintenance::substation_switchbays,5181950.527072666,numeric,8463584.843790919,numeric,13645535.370863585,numeric,AUD,nominal,1218.0,numeric,8005.0,numeric,count,matched_with_denominator,calculated,calculated,Ausnet Services (ET) 2022-23 - Category Analysis - RIN Response - Consolidated - 28 July 2023 - PUBLIC(15600825.1).xlsx,2.8 Maintenance,54,Ausnet Services (ET) 2022-23 - Category Analysis - RIN Response - Consolidated - 28 July 2023 - PUBLIC(15600825.1).xlsx,2.8 Maintenance,16.0
ausnet_transmission,2022-23,substations_equipment_property_maintenance::substation_power_transformers,1032729.1031327124,numeric,873400.8477039216,numeric,1906129.950836634,numeric,AUD,nominal,184.0,numeric,2095.0,numeric,count,matched_with_denominator,calculated,calculated,Ausnet Services (ET) 2022-23 - Category Analysis - RIN Response - Consolidated - 28 July 2023 - PUBLIC(15600825.1).xlsx,2.8 Maintenance,55,Ausnet Services (ET) 2022-23 - Category Analysis - RIN Response - Consolidated - 28 July 2023 - PUBLIC(15600825.1).xlsx,2.8 Maintenance,17.0
ausnet_transmission,2022-23,substations_equipment_property_maintenance::substation_property,451981.2991740275,numeric,891420.6670553482,numeric,1343401.9662293757,numeric,AUD,nominal,47.0,numeric,1857.0,numeric,count,matched_with_denominator,calculated,calculated,Ausnet Services (ET) 2022-23 - Category Analysis - RIN Response - Consolidated - 28 July 2023 - PUBLIC(15600825.1).xlsx,2.8 Maintenance,56,Ausnet Services (ET) 2022-23 - Category Analysis - RIN Response - Consolidated - 28 July 2023 - PUBLIC(15600825.1).xlsx,2.8 Maintenance,18.0
ausnet_transmission,2022-23,scada_network_control_maintenance::scada_network_control,620701.7028938896,numeric,153568.09177399485,numeric,774269.7946678845,numeric,AUD,nominal,20981.11759000001,numeric,10490.558795000004,numeric,count,matched_with_denominator,calculated,calculated,Ausnet Services (ET) 2022-23 - Category Analysis - RIN Response - Consolidated - 28 July 2023 - PUBLIC(15600825.1).xlsx,2.8 Maintenance,57,Ausnet Services (ET) 2022-23 - Category Analysis - RIN Response - Consolidated - 28 July 2023 - PUBLIC(15600825.1).xlsx,2.8 Maintenance,19.0
ausnet_transmission,2022-23,protection_systems_maintenance::protection_systems,651916.9743609835,numeric,1040363.146111124,numeric,1692280.1204721075,numeric,AUD,nominal,6680.999999999999,numeric,4453.999999999999,numeric,count,matched_with_denominator,calculated,calculated,Ausnet Services (ET) 2022-23 - Category Analysis - RIN Response - Consolidated - 28 July 2023 - PUBLIC(15600825.1).xlsx,2.8 Maintenance,58,Ausnet Services (ET) 2022-23 - Category Analysis - RIN Response - Consolidated - 28 July 2023 - PUBLIC(15600825.1).xlsx,2.8 Maintenance,20.0
ausnet_transmission,2023-24,transmission_lines_maintenance::transmission_towers,767347.1720707123,numeric,2259402.663702387,numeric,3026749.835773099,numeric,AUD,nominal,13180.0,numeric,14644.444444444443,numeric,count,matched_with_denominator,calculated,calculated,Ausnet Services (ET) 2023-24 - Category Analysis - RIN Response - Consolidated - 26 July 2024 - PUBLIC(17069098.2).xlsx,2.8 Maintenance,51,Ausnet Services (ET) 2023-24 - Category Analysis - RIN Response - Consolidated - 26 July 2024 - PUBLIC(17069098.2).xlsx,2.8 Maintenance,13.0
ausnet_transmission,2023-24,transmission_lines_maintenance::transmission_tower_support_structures,221107.543276072,numeric,29938.77775902904,numeric,251046.32103510105,numeric,AUD,nominal,62770.0,numeric,41846.66666666666,numeric,count,matched_with_denominator,calculated,calculated,Ausnet Services (ET) 2023-24 - Category Analysis - RIN Response - Consolidated - 26 July 2024 - PUBLIC(17069098.2).xlsx,2.8 Maintenance,52,Ausnet Services (ET) 2023-24 - Category Analysis - RIN Response - Consolidated - 26 July 2024 - PUBLIC(17069098.2).xlsx,2.8 Maintenance,14.0
ausnet_transmission,2023-24,transmission_lines_maintenance::conductors,0.0,numeric,114.46207713950636,numeric,114.46207713950636,numeric,AUD,nominal,6533.498306666666,numeric,2177.832768888889,numeric,km,matched_with_denominator,calculated,calculated,Ausnet Services (ET) 2023-24 - Category Analysis - RIN Response - Consolidated - 26 July 2024 - PUBLIC(17069098.2).xlsx,2.8 Maintenance,53,Ausnet Services (ET) 2023-24 - Category Analysis - RIN Response - Consolidated - 26 July 2024 - PUBLIC(17069098.2).xlsx,2.8 Maintenance,15.0
ausnet_transmission,2023-24,transmission_lines_maintenance::transmission_cables,124433.2806590153,numeric,6188.694593488294,numeric,130621.9752525036,numeric,AUD,nominal,8.542370333333333,numeric,17.084740666666665,numeric,km,matched_with_denominator,calculated,calculated,Ausnet Services (ET) 2023-24 - Category Analysis - RIN Response - Consolidated - 26 July 2024 - PUBLIC(17069098.2).xlsx,2.8 Maintenance,54,Ausnet Services (ET) 2023-24 - Category Analysis - RIN Response - Consolidated - 26 July 2024 - PUBLIC(17069098.2).xlsx,2.8 Maintenance,16.0
ausnet_transmission,2023-24,substations_equipment_property_maintenance::substation_switchbays,2622187.4477434964,numeric,3004854.5385221564,numeric,5627041.986265653,numeric,AUD,nominal,1058.0,numeric,2223.0,numeric,count,matched_with_denominator,calculated,calculated,Ausnet Services (ET) 2023-24 - Category Analysis - RIN Response - Consolidated - 26 July 2024 - PUBLIC(17069098.2).xlsx,2.8 Maintenance,55,Ausnet Services (ET) 2023-24 - Category Analysis - RIN Response - Consolidated - 26 July 2024 - PUBLIC(17069098.2).xlsx,2.8 Maintenance,17.0
ausnet_transmission,2023-24,substations_equipment_property_maintenance::substation_power_transformers,2060587.3099249564,numeric,1138987.2617007678,numeric,3199574.5716257244,numeric,AUD,nominal,161.0,numeric,1635.0,numeric,count,matched_with_denominator,calculated,calculated,Ausnet Services (ET) 2023-24 - Category Analysis - RIN Response - Consolidated - 26 July 2024 - PUBLIC(17069098.2).xlsx,2.8 Maintenance,56,Ausnet Services (ET) 2023-24 - Category Analysis - RIN Response - Consolidated - 26 July 2024 - PUBLIC(17069098.2).xlsx,2.8 Maintenance,18.0
ausnet_transmission,2023-24,substations_equipment_property_maintenance::substation_property,7873801.517888695,numeric,546453.2271714616,numeric,8420254.745060157,numeric,AUD,nominal,47.0,numeric,997.0,numeric,count,matched_with_denominator,calculated,calculated,Ausnet Services (ET) 2023-24 - Category Analysis - RIN Response - Consolidated - 26 July 2024 - PUBLIC(17069098.2).xlsx,2.8 Maintenance,57,Ausnet Services (ET) 2023-24 - Category Analysis - RIN Response - Consolidated - 26 July 2024 - PUBLIC(17069098.2).xlsx,2.8 Maintenance,19.0
ausnet_transmission,2023-24,scada_network_control_maintenance::scada_network_control,972460.0689325116,numeric,607190.9563218385,numeric,1579651.0252543502,numeric,AUD,nominal,19503.18169,numeric,9751.590844999995,numeric,count,matched_with_denominator,calculated,calculated,Ausnet Services (ET) 2023-24 - Category Analysis - RIN Response - Consolidated - 26 July 2024 - PUBLIC(17069098.2).xlsx,2.8 Maintenance,58,Ausnet Services (ET) 2023-24 - Category Analysis - RIN Response - Consolidated - 26 July 2024 - PUBLIC(17069098.2).xlsx,2.8 Maintenance,20.0
ausnet_transmission,2023-24,protection_systems_maintenance::protection_systems,1242040.8695045535,numeric,1011388.4081517302,numeric,2253429.277656284,numeric,AUD,nominal,5401.000000000001,numeric,3600.6666666666674,numeric,count,matched_with_denominator,calculated,calculated,Ausnet Services (ET) 2023-24 - Category Analysis - RIN Response - Consolidated - 26 July 2024 - PUBLIC(17069098.2).xlsx,2.8 Maintenance,59,Ausnet Services (ET) 2023-24 - Category Analysis - RIN Response - Consolidated - 26 July 2024 - PUBLIC(17069098.2).xlsx,2.8 Maintenance,21.0
transgrid,2013-14,transmission_lines_maintenance::transmission_towers,4549413.082222306,numeric,5236667.338758201,numeric,9786080.420980508,numeric,AUD,nominal,37650.0,numeric,28150.0,numeric,count,matched_with_denominator,calculated,calculated,Copy of D14-00150087(V02) - transgrid (t) 2013-14 - category analysis rin response - templates - consolidated - 31 october 2014 - public.xlsm,2.8 Maintenance,12,Copy of D14-00150087(V02) - transgrid (t) 2013-14 - category analysis rin response - templates - consolidated - 31 october 2014 - public.xlsm,2.8 Maintenance,12.0
transgrid,2013-14,transmission_lines_maintenance::transmission_tower_support_structures,0.0,numeric,0.0,numeric,0.0,numeric,AUD,nominal,0.0,numeric,0.0,numeric,count,matched_with_denominator,nonpositive_denominator,nonpositive_denominator,Copy of D14-00150087(V02) - transgrid (t) 2013-14 - category analysis rin response - templates - consolidated - 31 october 2014 - public.xlsm,2.8 Maintenance,13,Copy of D14-00150087(V02) - transgrid (t) 2013-14 - category analysis rin response - templates - consolidated - 31 october 2014 - public.xlsm,2.8 Maintenance,13.0
transgrid,2013-14,transmission_lines_maintenance::conductors,2611.3454210315067,numeric,614800.2147956536,numeric,617411.5602166851,numeric,AUD,nominal,11258.618,numeric,47.486,numeric,km,matched_with_denominator,calculated,calculated,Copy of D14-00150087(V02) - transgrid (t) 2013-14 - category analysis rin response - templates - consolidated - 31 october 2014 - public.xlsm,2.8 Maintenance,14,Copy of D14-00150087(V02) - transgrid (t) 2013-14 - category analysis rin response - templates - consolidated - 31 october 2014 - public.xlsm,2.8 Maintenance,14.0
transgrid,2013-14,transmission_lines_maintenance::transmission_cables,627023.2083342564,numeric,36357.63046855267,numeric,663380.8388028091,numeric,AUD,nominal,51.437,numeric,51.437,numeric,km,matched_with_denominator,calculated,calculated,Copy of D14-00150087(V02) - transgrid (t) 2013-14 - category analysis rin response - templates - consolidated - 31 october 2014 - public.xlsm,2.8 Maintenance,15,Copy of D14-00150087(V02) - transgrid (t) 2013-14 - category analysis rin response - templates - consolidated - 31 october 2014 - public.xlsm,2.8 Maintenance,15.0
transgrid,2013-14,substations_equipment_property_maintenance::substation_switchbays,3638414.0282975696,numeric,5284765.97032921,numeric,8923179.99862678,numeric,AUD,nominal,2338.0,numeric,552.0,numeric,count,matched_with_denominator,calculated,calculated,Copy of D14-00150087(V02) - transgrid (t) 2013-14 - category analysis rin response - templates - consolidated - 31 october 2014 - public.xlsm,2.8 Maintenance,16,Copy of D14-00150087(V02) - transgrid (t) 2013-14 - category analysis rin response - templates - consolidated - 31 october 2014 - public.xlsm,2.8 Maintenance,16.0
transgrid,2013-14,substations_equipment_property_maintenance::substation_power_transformers,1855483.7057306408,numeric,2125130.162618776,numeric,3980613.8683494166,numeric,AUD,nominal,223.0,numeric,206.0,numeric,count,matched_with_denominator,calculated,calculated,Copy of D14-00150087(V02) - transgrid (t) 2013-14 - category analysis rin response - templates - consolidated - 31 october 2014 - public.xlsm,2.8 Maintenance,17,Copy of D14-00150087(V02) - transgrid (t) 2013-14 - category analysis rin response - templates - consolidated - 31 october 2014 - public.xlsm,2.8 Maintenance,17.0
transgrid,2013-14,substations_equipment_property_maintenance::substation_property,5196232.112261111,numeric,10917712.38076268,numeric,16113944.49302379,numeric,AUD,nominal,93.0,numeric,92.0,numeric,count,matched_with_denominator,calculated,calculated,Copy of D14-00150087(V02) - transgrid (t) 2013-14 - category analysis rin response - templates - consolidated - 31 october 2014 - public.xlsm,2.8 Maintenance,18,Copy of D14-00150087(V02) - transgrid (t) 2013-14 - category analysis rin response - templates - consolidated - 31 october 2014 - public.xlsm,2.8 Maintenance,18.0
transgrid,2013-14,scada_network_control_maintenance::scada_network_control,743387.1182787794,numeric,79720.55028272796,numeric,823107.6685615074,numeric,AUD,nominal,1602.0,numeric,589.0,numeric,count,matched_with_denominator,calculated,calculated,Copy of D14-00150087(V02) - transgrid (t) 2013-14 - category analysis rin response - templates - consolidated - 31 october 2014 - public.xlsm,2.8 Maintenance,19,Copy of D14-00150087(V02) - transgrid (t) 2013-14 - category analysis rin response - templates - consolidated - 31 october 2014 - public.xlsm,2.8 Maintenance,19.0
transgrid,2013-14,protection_systems_maintenance::protection_systems,2382120.5603334703,numeric,1045846.9953498788,numeric,3427967.5556833493,numeric,AUD,nominal,5749.0,numeric,1538.0,numeric,count,matched_with_denominator,calculated,calculated,Copy of D14-00150087(V02) - transgrid (t) 2013-14 - category analysis rin response - templates - consolidated - 31 october 2014 - public.xlsm,2.8 Maintenance,20,Copy of D14-00150087(V02) - transgrid (t) 2013-14 - category analysis rin response - templates - consolidated - 31 october 2014 - public.xlsm,2.8 Maintenance,20.0
transgrid,2013-14,other_maintenance_activity::telecommunications_systems,1326164.4262373128,numeric,5405953.325201182,numeric,6732117.751438495,numeric,AUD,nominal,,,,,,no_descriptor_match,no_descriptor_match,no_descriptor_match,Copy of D14-00150087(V02) - transgrid (t) 2013-14 - category analysis rin response - templates - consolidated - 31 october 2014 - public.xlsm,2.8 Maintenance,21,,,
transgrid,2013-14,other_maintenance_activity::metering_systems,1036017.4247232812,numeric,445376.61959336535,numeric,1481394.0443166466,numeric,AUD,nominal,863.0,numeric,889.0,numeric,count,matched_with_denominator,calculated,calculated,Copy of D14-00150087(V02) - transgrid (t) 2013-14 - category analysis rin response - templates - consolidated - 31 october 2014 - public.xlsm,2.8 Maintenance,22,Copy of D14-00150087(V02) - transgrid (t) 2013-14 - category analysis rin response - templates - consolidated - 31 october 2014 - public.xlsm,2.8 Maintenance,22.0
transgrid,2013-14,other_maintenance_activity::transmission_lines_maintenance_access_tracks,841555.9081810125,numeric,2382230.208360804,numeric,3223786.1165418164,numeric,AUD,nominal,,,,,,no_descriptor_match,no_descriptor_match,no_descriptor_match,Copy of D14-00150087(V02) - transgrid (t) 2013-14 - category analysis rin response - templates - consolidated - 31 october 2014 - public.xlsm,2.8 Maintenance,23,,,
electranet,2015-16,transmission_lines_maintenance::transmission_towers,2009278.6005934,numeric,7210284.13744427,numeric,9219562.73803767,numeric,AUD,nominal,13.253,numeric,13.253,numeric,count,matched_with_denominator,calculated,calculated,Copy of D16 147530(V3)  ElectraNet 2015-16 - Category Analysis RIN Response - Public Version - 31 October 2016 - PUBLIC.xlsm,2.8 Maintenance,50,Copy of D16 147530(V3)  ElectraNet 2015-16 - Category Analysis RIN Response - Public Version - 31 October 2016 - PUBLIC.xlsm,2.8 Maintenance,12.0
electranet,2015-16,transmission_lines_maintenance::transmission_tower_support_structures,1001427.27027129,numeric,3378776.73421985,numeric,4380204.00449114,numeric,AUD,nominal,58.668,numeric,58.668,numeric,count,matched_with_denominator,calculated,calculated,Copy of D16 147530(V3)  ElectraNet 2015-16 - Category Analysis RIN Response - Public Version - 31 October 2016 - PUBLIC.xlsm,2.8 Maintenance,51,Copy of D16 147530(V3)  ElectraNet 2015-16 - Category Analysis RIN Response - Public Version - 31 October 2016 - PUBLIC.xlsm,2.8 Maintenance,13.0
electranet,2015-16,transmission_lines_maintenance::conductors,235864.239010056,numeric,1872118.88860968,numeric,2107983.127619736,numeric,AUD,nominal,5.497,numeric,5.497,numeric,km,matched_with_denominator,calculated,calculated,Copy of D16 147530(V3)  ElectraNet 2015-16 - Category Analysis RIN Response - Public Version - 31 October 2016 - PUBLIC.xlsm,2.8 Maintenance,52,Copy of D16 147530(V3)  ElectraNet 2015-16 - Category Analysis RIN Response - Public Version - 31 October 2016 - PUBLIC.xlsm,2.8 Maintenance,14.0
electranet,2015-16,transmission_lines_maintenance::transmission_cables,486821.910125254,numeric,122007.499726203,numeric,608829.409851457,numeric,AUD,nominal,0.027,numeric,0.027,numeric,km,matched_with_denominator,calculated,calculated,Copy of D16 147530(V3)  ElectraNet 2015-16 - Category Analysis RIN Response - Public Version - 31 October 2016 - PUBLIC.xlsm,2.8 Maintenance,53,Copy of D16 147530(V3)  ElectraNet 2015-16 - Category Analysis RIN Response - Public Version - 31 October 2016 - PUBLIC.xlsm,2.8 Maintenance,15.0
electranet,2015-16,substations_equipment_property_maintenance::substation_switchbays,2166651.9647527896,numeric,4253544.14582415,numeric,6420196.11057694,numeric,AUD,nominal,1.346,numeric,1.346,numeric,count,matched_with_denominator,calculated,calculated,Copy of D16 147530(V3)  ElectraNet 2015-16 - Category Analysis RIN Response - Public Version - 31 October 2016 - PUBLIC.xlsm,2.8 Maintenance,54,Copy of D16 147530(V3)  ElectraNet 2015-16 - Category Analysis RIN Response - Public Version - 31 October 2016 - PUBLIC.xlsm,2.8 Maintenance,16.0
electranet,2015-16,substations_equipment_property_maintenance::substation_power_transformers,976159.5582476768,numeric,2288707.53153679,numeric,3264867.0897844667,numeric,AUD,nominal,0.139,numeric,0.139,numeric,count,matched_with_denominator,calculated,calculated,Copy of D16 147530(V3)  ElectraNet 2015-16 - Category Analysis RIN Response - Public Version - 31 October 2016 - PUBLIC.xlsm,2.8 Maintenance,55,Copy of D16 147530(V3)  ElectraNet 2015-16 - Category Analysis RIN Response - Public Version - 31 October 2016 - PUBLIC.xlsm,2.8 Maintenance,17.0
electranet,2015-16,substations_equipment_property_maintenance::substation_property,3913646.76699953,numeric,4078865.88263906,numeric,7992512.649638589,numeric,AUD,nominal,0.077,numeric,0.077,numeric,count,matched_with_denominator,calculated,calculated,Copy of D16 147530(V3)  ElectraNet 2015-16 - Category Analysis RIN Response - Public Version - 31 October 2016 - PUBLIC.xlsm,2.8 Maintenance,56,Copy of D16 147530(V3)  ElectraNet 2015-16 - Category Analysis RIN Response - Public Version - 31 October 2016 - PUBLIC.xlsm,2.8 Maintenance,18.0
electranet,2015-16,scada_network_control_maintenance::scada_network_control,1760423.29,numeric,270048.56,numeric,2030471.85,numeric,AUD,nominal,120.0,numeric,120.0,numeric,count,matched_with_denominator,calculated,calculated,Copy of D16 147530(V3)  ElectraNet 2015-16 - Category Analysis RIN Response - Public Version - 31 October 2016 - PUBLIC.xlsm,2.8 Maintenance,57,Copy of D16 147530(V3)  ElectraNet 2015-16 - Category Analysis RIN Response - Public Version - 31 October 2016 - PUBLIC.xlsm,2.8 Maintenance,19.0
electranet,2015-16,protection_systems_maintenance::protection_systems,2048701.83,numeric,974846.04,numeric,3023547.87,numeric,AUD,nominal,1362.0,numeric,1362.0,numeric,count,matched_with_denominator,calculated,calculated,Copy of D16 147530(V3)  ElectraNet 2015-16 - Category Analysis RIN Response - Public Version - 31 October 2016 - PUBLIC.xlsm,2.8 Maintenance,58,Copy of D16 147530(V3)  ElectraNet 2015-16 - Category Analysis RIN Response - Public Version - 31 October 2016 - PUBLIC.xlsm,2.8 Maintenance,20.0
electranet,2015-16,other_maintenance_activity::right_of_way_maintenance,1872730.18,numeric,130082.8,numeric,2002812.98,numeric,AUD,nominal,,,,,,no_descriptor_match,no_descriptor_match,no_descriptor_match,Copy of D16 147530(V3)  ElectraNet 2015-16 - Category Analysis RIN Response - Public Version - 31 October 2016 - PUBLIC.xlsm,2.8 Maintenance,59,,,
electranet,2016-17,transmission_lines_maintenance::transmission_towers,1562206.7935996205,numeric,9570469.938571462,numeric,11132676.732171085,numeric,AUD,nominal,13.257,numeric,13.257,numeric,count,matched_with_denominator,calculated,calculated,Copy of D17 153782  ElectraNet 2016-17 - Category Analysis RIN - Template - 31 October 2017 - PUBLIC.xlsm,2.8 Maintenance,50,Copy of D17 153782  ElectraNet 2016-17 - Category Analysis RIN - Template - 31 October 2017 - PUBLIC.xlsm,2.8 Maintenance,12.0
electranet,2016-17,transmission_lines_maintenance::transmission_tower_support_structures,1454450.0905011678,numeric,3463140.6388111305,numeric,4917590.729312299,numeric,AUD,nominal,58.956,numeric,58.956,numeric,count,matched_with_denominator,calculated,calculated,Copy of D17 153782  ElectraNet 2016-17 - Category Analysis RIN - Template - 31 October 2017 - PUBLIC.xlsm,2.8 Maintenance,51,Copy of D17 153782  ElectraNet 2016-17 - Category Analysis RIN - Template - 31 October 2017 - PUBLIC.xlsm,2.8 Maintenance,13.0
electranet,2016-17,transmission_lines_maintenance::conductors,453582.3827922948,numeric,1816430.6389303133,numeric,2270013.021722608,numeric,AUD,nominal,5.49237,numeric,5.49237,numeric,km,matched_with_denominator,calculated,calculated,Copy of D17 153782  ElectraNet 2016-17 - Category Analysis RIN - Template - 31 October 2017 - PUBLIC.xlsm,2.8 Maintenance,52,Copy of D17 153782  ElectraNet 2016-17 - Category Analysis RIN - Template - 31 October 2017 - PUBLIC.xlsm,2.8 Maintenance,14.0
electranet,2016-17,transmission_lines_maintenance::transmission_cables,461082.6331069165,numeric,17138.983687092703,numeric,478221.6167940092,numeric,AUD,nominal,0.027,numeric,0.027,numeric,km,matched_with_denominator,calculated,calculated,Copy of D17 153782  ElectraNet 2016-17 - Category Analysis RIN - Template - 31 October 2017 - PUBLIC.xlsm,2.8 Maintenance,53,Copy of D17 153782  ElectraNet 2016-17 - Category Analysis RIN - Template - 31 October 2017 - PUBLIC.xlsm,2.8 Maintenance,15.0
electranet,2016-17,substations_equipment_property_maintenance::substation_switchbays,1695642.8516198865,numeric,3019848.5343423737,numeric,4715491.38596226,numeric,AUD,nominal,1.467,numeric,1.467,numeric,count,matched_with_denominator,calculated,calculated,Copy of D17 153782  ElectraNet 2016-17 - Category Analysis RIN - Template - 31 October 2017 - PUBLIC.xlsm,2.8 Maintenance,54,Copy of D17 153782  ElectraNet 2016-17 - Category Analysis RIN - Template - 31 October 2017 - PUBLIC.xlsm,2.8 Maintenance,16.0
electranet,2016-17,substations_equipment_property_maintenance::substation_power_transformers,786941.5309154363,numeric,1660064.3025820693,numeric,2447005.8334975056,numeric,AUD,nominal,0.139,numeric,0.139,numeric,count,matched_with_denominator,calculated,calculated,Copy of D17 153782  ElectraNet 2016-17 - Category Analysis RIN - Template - 31 October 2017 - PUBLIC.xlsm,2.8 Maintenance,55,Copy of D17 153782  ElectraNet 2016-17 - Category Analysis RIN - Template - 31 October 2017 - PUBLIC.xlsm,2.8 Maintenance,17.0
electranet,2016-17,substations_equipment_property_maintenance::substation_property,3418355.207464677,numeric,3360762.4830755573,numeric,6779117.690540234,numeric,AUD,nominal,0.078,numeric,0.078,numeric,count,matched_with_denominator,calculated,calculated,Copy of D17 153782  ElectraNet 2016-17 - Category Analysis RIN - Template - 31 October 2017 - PUBLIC.xlsm,2.8 Maintenance,56,Copy of D17 153782  ElectraNet 2016-17 - Category Analysis RIN - Template - 31 October 2017 - PUBLIC.xlsm,2.8 Maintenance,18.0
electranet,2016-17,scada_network_control_maintenance::scada_network_control,2099512.68,numeric,488261.72,numeric,2587774.4000000004,numeric,AUD,nominal,121.0,numeric,121.0,numeric,count,matched_with_denominator,calculated,calculated,Copy of D17 153782  ElectraNet 2016-17 - Category Analysis RIN - Template - 31 October 2017 - PUBLIC.xlsm,2.8 Maintenance,57,Copy of D17 153782  ElectraNet 2016-17 - Category Analysis RIN - Template - 31 October 2017 - PUBLIC.xlsm,2.8 Maintenance,19.0
electranet,2016-17,protection_systems_maintenance::protection_systems,2384134.49,numeric,1236963.26,numeric,3621097.75,numeric,AUD,nominal,1391.0,numeric,1391.0,numeric,count,matched_with_denominator,calculated,calculated,Copy of D17 153782  ElectraNet 2016-17 - Category Analysis RIN - Template - 31 October 2017 - PUBLIC.xlsm,2.8 Maintenance,58,Copy of D17 153782  ElectraNet 2016-17 - Category Analysis RIN - Template - 31 October 2017 - PUBLIC.xlsm,2.8 Maintenance,20.0
electranet,2016-17,other_maintenance_activity::right_of_way_maintenance,1945579.0,numeric,93318.94,numeric,2038897.94,numeric,AUD,nominal,4536.0,numeric,4536.0,numeric,km,matched_with_denominator,calculated,calculated,Copy of D17 153782  ElectraNet 2016-17 - Category Analysis RIN - Template - 31 October 2017 - PUBLIC.xlsm,2.8 Maintenance,59,Copy of D17 153782  ElectraNet 2016-17 - Category Analysis RIN - Template - 31 October 2017 - PUBLIC.xlsm,2.8 Maintenance,21.0
transgrid,2017-18,transmission_lines_maintenance::transmission_towers,4177862.10514913,numeric,5675314.13182753,numeric,9853176.23697666,numeric,AUD,nominal,37419.0,numeric,7911.0,numeric,count,matched_with_denominator,calculated,calculated,DORIS - D18-158142 Transgrid 2017-18 - Category Analysis RIN - Templates - Public.XLSM,2.8 Maintenance,50,DORIS - D18-158142 Transgrid 2017-18 - Category Analysis RIN - Templates - Public.XLSM,2.8 Maintenance,12.0
transgrid,2017-18,transmission_lines_maintenance::transmission_tower_support_structures,,blank,,blank,,blank,AUD,nominal,0.0,numeric,0.0,numeric,count,matched_with_denominator,nonpositive_denominator,nonpositive_denominator,DORIS - D18-158142 Transgrid 2017-18 - Category Analysis RIN - Templates - Public.XLSM,2.8 Maintenance,51,DORIS - D18-158142 Transgrid 2017-18 - Category Analysis RIN - Templates - Public.XLSM,2.8 Maintenance,13.0
transgrid,2017-18,transmission_lines_maintenance::conductors,28748.3889688488,numeric,343931.623777213,numeric,372680.0127460618,numeric,AUD,nominal,11295.173239571512,numeric,7595.382300091351,numeric,km,matched_with_denominator,calculated,calculated,DORIS - D18-158142 Transgrid 2017-18 - Category Analysis RIN - Templates - Public.XLSM,2.8 Maintenance,52,DORIS - D18-158142 Transgrid 2017-18 - Category Analysis RIN - Templates - Public.XLSM,2.8 Maintenance,14.0
transgrid,2017-18,transmission_lines_maintenance::transmission_cables,662774.294686661,numeric,689718.708652011,numeric,1352493.003338672,numeric,AUD,nominal,66.317,numeric,66.317,numeric,km,matched_with_denominator,calculated,calculated,DORIS - D18-158142 Transgrid 2017-18 - Category Analysis RIN - Templates - Public.XLSM,2.8 Maintenance,53,DORIS - D18-158142 Transgrid 2017-18 - Category Analysis RIN - Templates - Public.XLSM,2.8 Maintenance,15.0
transgrid,2017-18,substations_equipment_property_maintenance::substation_switchbays,1173863.00427586,numeric,3283259.88303203,numeric,4457122.88730789,numeric,AUD,nominal,2284.0,numeric,434.0,numeric,count,matched_with_denominator,calculated,calculated,DORIS - D18-158142 Transgrid 2017-18 - Category Analysis RIN - Templates - Public.XLSM,2.8 Maintenance,54,DORIS - D18-158142 Transgrid 2017-18 - Category Analysis RIN - Templates - Public.XLSM,2.8 Maintenance,16.0
transgrid,2017-18,substations_equipment_property_maintenance::substation_power_transformers,545966.136139566,numeric,798383.317680584,numeric,1344349.45382015,numeric,AUD,nominal,217.0,numeric,207.0,numeric,count,matched_with_denominator,calculated,calculated,DORIS - D18-158142 Transgrid 2017-18 - Category Analysis RIN - Templates - Public.XLSM,2.8 Maintenance,55,DORIS - D18-158142 Transgrid 2017-18 - Category Analysis RIN - Templates - Public.XLSM,2.8 Maintenance,17.0
transgrid,2017-18,substations_equipment_property_maintenance::substation_property,2469935.40054315,numeric,8052590.83557238,numeric,10522526.23611553,numeric,AUD,nominal,94.0,numeric,92.0,numeric,count,matched_with_denominator,calculated,calculated,DORIS - D18-158142 Transgrid 2017-18 - Category Analysis RIN - Templates - Public.XLSM,2.8 Maintenance,56,DORIS - D18-158142 Transgrid 2017-18 - Category Analysis RIN - Templates - Public.XLSM,2.8 Maintenance,18.0
transgrid,2017-18,scada_network_control_maintenance::scada_network_control,136809.594954812,numeric,331027.741679467,numeric,467837.336634279,numeric,AUD,nominal,1961.0,numeric,98.0,numeric,count,matched_with_denominator,calculated,calculated,DORIS - D18-158142 Transgrid 2017-18 - Category Analysis RIN - Templates - Public.XLSM,2.8 Maintenance,57,DORIS - D18-158142 Transgrid 2017-18 - Category Analysis RIN - Templates - Public.XLSM,2.8 Maintenance,19.0
transgrid,2017-18,protection_systems_maintenance::protection_systems,735456.972983647,numeric,1380826.43590891,numeric,2116283.408892557,numeric,AUD,nominal,3183.0,numeric,1343.0,numeric,count,matched_with_denominator,calculated,calculated,DORIS - D18-158142 Transgrid 2017-18 - Category Analysis RIN - Templates - Public.XLSM,2.8 Maintenance,58,DORIS - D18-158142 Transgrid 2017-18 - Category Analysis RIN - Templates - Public.XLSM,2.8 Maintenance,20.0
transgrid,2017-18,other_maintenance_activity::metering,482089.686120312,numeric,43819.1956546995,numeric,525908.8817750115,numeric,AUD,nominal,837.0,numeric,519.0,numeric,count,matched_with_denominator,calculated,calculated,DORIS - D18-158142 Transgrid 2017-18 - Category Analysis RIN - Templates - Public.XLSM,2.8 Maintenance,59,DORIS - D18-158142 Transgrid 2017-18 - Category Analysis RIN - Templates - Public.XLSM,2.8 Maintenance,21.0
transgrid,2017-18,other_maintenance_activity::communications,298879.942721164,numeric,2993641.89730328,numeric,3292521.840024444,numeric,AUD,nominal,1918.0,numeric,1352.0,numeric,count,matched_with_denominator,calculated,calculated,DORIS - D18-158142 Transgrid 2017-18 - Category Analysis RIN - Templates - Public.XLSM,2.8 Maintenance,60,DORIS - D18-158142 Transgrid 2017-18 - Category Analysis RIN - Templates - Public.XLSM,2.8 Maintenance,22.0
electranet,2017-18,transmission_lines_maintenance::transmission_towers,2515164.371675874,numeric,5874736.413742936,numeric,8389900.78541881,numeric,AUD,nominal,13290.0,numeric,13290.0,numeric,count,matched_with_denominator,calculated,calculated,DORIS - D18-158267 ElectraNet 2017-18 - Category Analysis RIN - Template - Public.XLSM,2.8 Maintenance,50,DORIS - D18-158267 ElectraNet 2017-18 - Category Analysis RIN - Template - Public.XLSM,2.8 Maintenance,12.0
electranet,2017-18,transmission_lines_maintenance::transmission_tower_support_structures,1649465.6972125955,numeric,2271658.247320669,numeric,3921123.944533264,numeric,AUD,nominal,62202.0,numeric,62202.0,numeric,count,matched_with_denominator,calculated,calculated,DORIS - D18-158267 ElectraNet 2017-18 - Category Analysis RIN - Template - Public.XLSM,2.8 Maintenance,51,DORIS - D18-158267 ElectraNet 2017-18 - Category Analysis RIN - Template - Public.XLSM,2.8 Maintenance,13.0
electranet,2017-18,transmission_lines_maintenance::conductors,626458.6092627628,numeric,1302510.387721392,numeric,1928968.996984155,numeric,AUD,nominal,5494.97,numeric,5494.97,numeric,km,matched_with_denominator,calculated,calculated,DORIS - D18-158267 ElectraNet 2017-18 - Category Analysis RIN - Template - Public.XLSM,2.8 Maintenance,52,DORIS - D18-158267 ElectraNet 2017-18 - Category Analysis RIN - Template - Public.XLSM,2.8 Maintenance,14.0
electranet,2017-18,transmission_lines_maintenance::transmission_cables,235938.32184876784,numeric,199164.2612150009,numeric,435102.5830637688,numeric,AUD,nominal,27.0,numeric,27.0,numeric,km,matched_with_denominator,calculated,calculated,DORIS - D18-158267 ElectraNet 2017-18 - Category Analysis RIN - Template - Public.XLSM,2.8 Maintenance,53,DORIS - D18-158267 ElectraNet 2017-18 - Category Analysis RIN - Template - Public.XLSM,2.8 Maintenance,15.0
electranet,2017-18,substations_equipment_property_maintenance::substation_switchbays,2225441.713219717,numeric,5400925.2048059385,numeric,7626366.918025656,numeric,AUD,nominal,1604.0,numeric,1604.0,numeric,count,matched_with_denominator,calculated,calculated,DORIS - D18-158267 ElectraNet 2017-18 - Category Analysis RIN - Template - Public.XLSM,2.8 Maintenance,54,DORIS - D18-158267 ElectraNet 2017-18 - Category Analysis RIN - Template - Public.XLSM,2.8 Maintenance,16.0
electranet,2017-18,substations_equipment_property_maintenance::substation_power_transformers,1043835.1014564371,numeric,2813243.165154318,numeric,3857078.266610755,numeric,AUD,nominal,138.0,numeric,138.0,numeric,count,matched_with_denominator,calculated,calculated,DORIS - D18-158267 ElectraNet 2017-18 - Category Analysis RIN - Template - Public.XLSM,2.8 Maintenance,55,DORIS - D18-158267 ElectraNet 2017-18 - Category Analysis RIN - Template - Public.XLSM,2.8 Maintenance,17.0
electranet,2017-18,substations_equipment_property_maintenance::substation_property,4309324.585323845,numeric,3834776.610039743,numeric,8144101.195363589,numeric,AUD,nominal,78.0,numeric,78.0,numeric,count,matched_with_denominator,calculated,calculated,DORIS - D18-158267 ElectraNet 2017-18 - Category Analysis RIN - Template - Public.XLSM,2.8 Maintenance,56,DORIS - D18-158267 ElectraNet 2017-18 - Category Analysis RIN - Template - Public.XLSM,2.8 Maintenance,18.0
electranet,2017-18,scada_network_control_maintenance::scada_network_control,2215616.06,numeric,663537.9099999999,numeric,2879153.97,numeric,AUD,nominal,119.0,numeric,119.0,numeric,count,matched_with_denominator,calculated,calculated,DORIS - D18-158267 ElectraNet 2017-18 - Category Analysis RIN - Template - Public.XLSM,2.8 Maintenance,57,DORIS - D18-158267 ElectraNet 2017-18 - Category Analysis RIN - Template - Public.XLSM,2.8 Maintenance,19.0
electranet,2017-18,protection_systems_maintenance::protection_systems,2344982.17,numeric,1429107.9,numeric,3774090.07,numeric,AUD,nominal,1437.0,numeric,1437.0,numeric,count,matched_with_denominator,calculated,calculated,DORIS - D18-158267 ElectraNet 2017-18 - Category Analysis RIN - Template - Public.XLSM,2.8 Maintenance,58,DORIS - D18-158267 ElectraNet 2017-18 - Category Analysis RIN - Template - Public.XLSM,2.8 Maintenance,20.0
electranet,2017-18,other_maintenance_activity::right_of_way_maintenance,1868309.06,numeric,134253.11,numeric,2002562.17,numeric,AUD,nominal,,,,,,no_descriptor_match,no_descriptor_match,no_descriptor_match,DORIS - D18-158267 ElectraNet 2017-18 - Category Analysis RIN - Template - Public.XLSM,2.8 Maintenance,60,,,
electranet,2018-19,transmission_lines_maintenance::transmission_towers,994076.2956654348,numeric,6880611.581712978,numeric,7874687.8773784125,numeric,AUD,nominal,13215.0,numeric,13215.0,numeric,count,matched_with_denominator,calculated,calculated,ElectraNet 2018-19 - Category Analysis - RIN Response - Consolidated - 31 October 2019 - PUBLIC D19-175655.xlsx,2.8 Maintenance,50,ElectraNet 2018-19 - Category Analysis - RIN Response - Consolidated - 31 October 2019 - PUBLIC D19-175655.xlsx,2.8 Maintenance,12.0
electranet,2018-19,transmission_lines_maintenance::transmission_tower_support_structures,1617614.6741036212,numeric,4969409.495663943,numeric,6587024.169767564,numeric,AUD,nominal,58352.0,numeric,58352.0,numeric,count,matched_with_denominator,calculated,calculated,ElectraNet 2018-19 - Category Analysis - RIN Response - Consolidated - 31 October 2019 - PUBLIC D19-175655.xlsx,2.8 Maintenance,51,ElectraNet 2018-19 - Category Analysis - RIN Response - Consolidated - 31 October 2019 - PUBLIC D19-175655.xlsx,2.8 Maintenance,13.0
electranet,2018-19,transmission_lines_maintenance::conductors,454836.78895756346,numeric,715449.2474741903,numeric,1170286.0364317538,numeric,AUD,nominal,5485.47,numeric,5485.47,numeric,km,matched_with_denominator,calculated,calculated,ElectraNet 2018-19 - Category Analysis - RIN Response - Consolidated - 31 October 2019 - PUBLIC D19-175655.xlsx,2.8 Maintenance,52,ElectraNet 2018-19 - Category Analysis - RIN Response - Consolidated - 31 October 2019 - PUBLIC D19-175655.xlsx,2.8 Maintenance,14.0
electranet,2018-19,transmission_lines_maintenance::transmission_cables,225361.7712733812,numeric,65255.13514888802,numeric,290616.9064222692,numeric,AUD,nominal,27.0,numeric,27.0,numeric,km,matched_with_denominator,calculated,calculated,ElectraNet 2018-19 - Category Analysis - RIN Response - Consolidated - 31 October 2019 - PUBLIC D19-175655.xlsx,2.8 Maintenance,53,ElectraNet 2018-19 - Category Analysis - RIN Response - Consolidated - 31 October 2019 - PUBLIC D19-175655.xlsx,2.8 Maintenance,15.0
electranet,2018-19,substations_equipment_property_maintenance::substation_switchbays,1602748.123932074,numeric,3474023.1777615887,numeric,5076771.301693663,numeric,AUD,nominal,1612.0,numeric,1612.0,numeric,count,matched_with_denominator,calculated,calculated,ElectraNet 2018-19 - Category Analysis - RIN Response - Consolidated - 31 October 2019 - PUBLIC D19-175655.xlsx,2.8 Maintenance,54,ElectraNet 2018-19 - Category Analysis - RIN Response - Consolidated - 31 October 2019 - PUBLIC D19-175655.xlsx,2.8 Maintenance,16.0
electranet,2018-19,substations_equipment_property_maintenance::substation_power_transformers,1347494.2205976425,numeric,2278718.925214412,numeric,3626213.145812055,numeric,AUD,nominal,137.0,numeric,137.0,numeric,count,matched_with_denominator,calculated,calculated,ElectraNet 2018-19 - Category Analysis - RIN Response - Consolidated - 31 October 2019 - PUBLIC D19-175655.xlsx,2.8 Maintenance,55,ElectraNet 2018-19 - Category Analysis - RIN Response - Consolidated - 31 October 2019 - PUBLIC D19-175655.xlsx,2.8 Maintenance,17.0
electranet,2018-19,substations_equipment_property_maintenance::substation_property,3945482.535470284,numeric,3214370.187024,numeric,7159852.722494284,numeric,AUD,nominal,78.0,numeric,78.0,numeric,count,matched_with_denominator,calculated,calculated,ElectraNet 2018-19 - Category Analysis - RIN Response - Consolidated - 31 October 2019 - PUBLIC D19-175655.xlsx,2.8 Maintenance,56,ElectraNet 2018-19 - Category Analysis - RIN Response - Consolidated - 31 October 2019 - PUBLIC D19-175655.xlsx,2.8 Maintenance,18.0
electranet,2018-19,scada_network_control_maintenance::scada_network_control,2457409.29,numeric,426543.22,numeric,2883952.51,numeric,AUD,nominal,120.0,numeric,120.0,numeric,count,matched_with_denominator,calculated,calculated,ElectraNet 2018-19 - Category Analysis - RIN Response - Consolidated - 31 October 2019 - PUBLIC D19-175655.xlsx,2.8 Maintenance,57,ElectraNet 2018-19 - Category Analysis - RIN Response - Consolidated - 31 October 2019 - PUBLIC D19-175655.xlsx,2.8 Maintenance,19.0
electranet,2018-19,protection_systems_maintenance::protection_systems,2914166.19,numeric,1297531.01,numeric,4211697.2,numeric,AUD,nominal,1436.0,numeric,1436.0,numeric,count,matched_with_denominator,calculated,calculated,ElectraNet 2018-19 - Category Analysis - RIN Response - Consolidated - 31 October 2019 - PUBLIC D19-175655.xlsx,2.8 Maintenance,58,ElectraNet 2018-19 - Category Analysis - RIN Response - Consolidated - 31 October 2019 - PUBLIC D19-175655.xlsx,2.8 Maintenance,20.0
electranet,2018-19,other_maintenance_activity::right_of_way_maintenance,2105455.32,numeric,79228.40000000001,numeric,2184683.72,numeric,AUD,nominal,4526.0,numeric,4526.0,numeric,km,matched_with_denominator,calculated,calculated,ElectraNet 2018-19 - Category Analysis - RIN Response - Consolidated - 31 October 2019 - PUBLIC D19-175655.xlsx,2.8 Maintenance,59,ElectraNet 2018-19 - Category Analysis - RIN Response - Consolidated - 31 October 2019 - PUBLIC D19-175655.xlsx,2.8 Maintenance,21.0
electranet,2019-20,transmission_lines_maintenance::transmission_towers,1306314.492090787,numeric,7634433.802887562,numeric,8940748.294978349,numeric,AUD,nominal,13250.0,numeric,13250.0,numeric,count,matched_with_denominator,calculated,calculated,ElectraNet 2019-20 - Category Analysis - RIN Response - Consolidated - 30 October 2020 - PUBLIC (#11672792).xlsx,2.8 Maintenance,50,ElectraNet 2019-20 - Category Analysis - RIN Response - Consolidated - 30 October 2020 - PUBLIC (#11672792).xlsx,2.8 Maintenance,12.0
electranet,2019-20,transmission_lines_maintenance::transmission_tower_support_structures,1221250.0540978282,numeric,2210627.9938008096,numeric,3431878.047898638,numeric,AUD,nominal,58393.0,numeric,58393.0,numeric,count,matched_with_denominator,calculated,calculated,ElectraNet 2019-20 - Category Analysis - RIN Response - Consolidated - 30 October 2020 - PUBLIC (#11672792).xlsx,2.8 Maintenance,51,ElectraNet 2019-20 - Category Analysis - RIN Response - Consolidated - 30 October 2020 - PUBLIC (#11672792).xlsx,2.8 Maintenance,13.0
electranet,2019-20,transmission_lines_maintenance::conductors,580093.7756964684,numeric,1659713.375585338,numeric,2239807.151281806,numeric,AUD,nominal,5492.5,numeric,5492.5,numeric,km,matched_with_denominator,calculated,calculated,ElectraNet 2019-20 - Category Analysis - RIN Response - Consolidated - 30 October 2020 - PUBLIC (#11672792).xlsx,2.8 Maintenance,52,ElectraNet 2019-20 - Category Analysis - RIN Response - Consolidated - 30 October 2020 - PUBLIC (#11672792).xlsx,2.8 Maintenance,14.0
electranet,2019-20,transmission_lines_maintenance::transmission_cables,485863.2781149152,numeric,88104.47772629201,numeric,573967.7558412072,numeric,AUD,nominal,0.027,numeric,0.027,numeric,km,matched_with_denominator,calculated,calculated,ElectraNet 2019-20 - Category Analysis - RIN Response - Consolidated - 30 October 2020 - PUBLIC (#11672792).xlsx,2.8 Maintenance,53,ElectraNet 2019-20 - Category Analysis - RIN Response - Consolidated - 30 October 2020 - PUBLIC (#11672792).xlsx,2.8 Maintenance,15.0
electranet,2019-20,substations_equipment_property_maintenance::substation_switchbays,1888640.52782214,numeric,4090691.8162128897,numeric,5979332.344035029,numeric,AUD,nominal,1622.0,numeric,1622.0,numeric,count,matched_with_denominator,calculated,calculated,ElectraNet 2019-20 - Category Analysis - RIN Response - Consolidated - 30 October 2020 - PUBLIC (#11672792).xlsx,2.8 Maintenance,54,ElectraNet 2019-20 - Category Analysis - RIN Response - Consolidated - 30 October 2020 - PUBLIC (#11672792).xlsx,2.8 Maintenance,16.0
electranet,2019-20,substations_equipment_property_maintenance::substation_power_transformers,1948530.9068821475,numeric,2032661.1106778383,numeric,3981192.0175599856,numeric,AUD,nominal,143.0,numeric,143.0,numeric,count,matched_with_denominator,calculated,calculated,ElectraNet 2019-20 - Category Analysis - RIN Response - Consolidated - 30 October 2020 - PUBLIC (#11672792).xlsx,2.8 Maintenance,55,ElectraNet 2019-20 - Category Analysis - RIN Response - Consolidated - 30 October 2020 - PUBLIC (#11672792).xlsx,2.8 Maintenance,17.0
electranet,2019-20,substations_equipment_property_maintenance::substation_property,3324972.615295713,numeric,2338028.973109273,numeric,5663001.588404985,numeric,AUD,nominal,78.0,numeric,78.0,numeric,count,matched_with_denominator,calculated,calculated,ElectraNet 2019-20 - Category Analysis - RIN Response - Consolidated - 30 October 2020 - PUBLIC (#11672792).xlsx,2.8 Maintenance,56,ElectraNet 2019-20 - Category Analysis - RIN Response - Consolidated - 30 October 2020 - PUBLIC (#11672792).xlsx,2.8 Maintenance,18.0
electranet,2019-20,scada_network_control_maintenance::scada_network_control,2494035.13,numeric,373045.42,numeric,2867080.55,numeric,AUD,nominal,118.0,numeric,118.0,numeric,count,matched_with_denominator,calculated,calculated,ElectraNet 2019-20 - Category Analysis - RIN Response - Consolidated - 30 October 2020 - PUBLIC (#11672792).xlsx,2.8 Maintenance,57,ElectraNet 2019-20 - Category Analysis - RIN Response - Consolidated - 30 October 2020 - PUBLIC (#11672792).xlsx,2.8 Maintenance,19.0
electranet,2019-20,protection_systems_maintenance::protection_systems,2815939.23,numeric,1518224.6800000002,numeric,4334163.91,numeric,AUD,nominal,1485.0,numeric,1485.0,numeric,count,matched_with_denominator,calculated,calculated,ElectraNet 2019-20 - Category Analysis - RIN Response - Consolidated - 30 October 2020 - PUBLIC (#11672792).xlsx,2.8 Maintenance,58,ElectraNet 2019-20 - Category Analysis - RIN Response - Consolidated - 30 October 2020 - PUBLIC (#11672792).xlsx,2.8 Maintenance,20.0
electranet,2019-20,other_maintenance_activity::right_of_way_maintenance,1871316.77,numeric,81869.91,numeric,1953186.68,numeric,AUD,nominal,4531.0,numeric,4531.0,numeric,km,matched_with_denominator,calculated,calculated,ElectraNet 2019-20 - Category Analysis - RIN Response - Consolidated - 30 October 2020 - PUBLIC (#11672792).xlsx,2.8 Maintenance,59,ElectraNet 2019-20 - Category Analysis - RIN Response - Consolidated - 30 October 2020 - PUBLIC (#11672792).xlsx,2.8 Maintenance,21.0
electranet,2020-21,transmission_lines_maintenance::transmission_towers,1890651.4158296047,numeric,10223752.684535133,numeric,12114404.100364735,numeric,AUD,nominal,13193.0,numeric,13193.0,numeric,count,matched_with_denominator,calculated,calculated,ElectraNet 2020-21 - Category Analysis - RIN Response - Consolidated - 29 October 2021 - PUBLIC(13029806.1).xlsx,2.8 Maintenance,50,ElectraNet 2020-21 - Category Analysis - RIN Response - Consolidated - 29 October 2021 - PUBLIC(13029806.1).xlsx,2.8 Maintenance,12.0
electranet,2020-21,transmission_lines_maintenance::transmission_tower_support_structures,1664545.2593475608,numeric,4143620.5711191744,numeric,5808165.830466735,numeric,AUD,nominal,58944.0,numeric,58944.0,numeric,count,matched_with_denominator,calculated,calculated,ElectraNet 2020-21 - Category Analysis - RIN Response - Consolidated - 29 October 2021 - PUBLIC(13029806.1).xlsx,2.8 Maintenance,51,ElectraNet 2020-21 - Category Analysis - RIN Response - Consolidated - 29 October 2021 - PUBLIC(13029806.1).xlsx,2.8 Maintenance,13.0
electranet,2020-21,transmission_lines_maintenance::conductors,790658.9981900913,numeric,1466989.7790456675,numeric,2257648.777235759,numeric,AUD,nominal,5488.7,numeric,5488.7,numeric,km,matched_with_denominator,calculated,calculated,ElectraNet 2020-21 - Category Analysis - RIN Response - Consolidated - 29 October 2021 - PUBLIC(13029806.1).xlsx,2.8 Maintenance,52,ElectraNet 2020-21 - Category Analysis - RIN Response - Consolidated - 29 October 2021 - PUBLIC(13029806.1).xlsx,2.8 Maintenance,14.0
electranet,2020-21,transmission_lines_maintenance::transmission_cables,310539.2466327427,numeric,27014.465300026004,numeric,337553.7119327687,numeric,AUD,nominal,27.0,numeric,27.0,numeric,km,matched_with_denominator,calculated,calculated,ElectraNet 2020-21 - Category Analysis - RIN Response - Consolidated - 29 October 2021 - PUBLIC(13029806.1).xlsx,2.8 Maintenance,53,ElectraNet 2020-21 - Category Analysis - RIN Response - Consolidated - 29 October 2021 - PUBLIC(13029806.1).xlsx,2.8 Maintenance,15.0
electranet,2020-21,substations_equipment_property_maintenance::substation_switchbays,1438457.796307,numeric,2527285.1375062955,numeric,3965742.9338132953,numeric,AUD,nominal,1708.0,numeric,1708.0,numeric,count,matched_with_denominator,calculated,calculated,ElectraNet 2020-21 - Category Analysis - RIN Response - Consolidated - 29 October 2021 - PUBLIC(13029806.1).xlsx,2.8 Maintenance,54,ElectraNet 2020-21 - Category Analysis - RIN Response - Consolidated - 29 October 2021 - PUBLIC(13029806.1).xlsx,2.8 Maintenance,16.0
electranet,2020-21,substations_equipment_property_maintenance::substation_power_transformers,1221508.1411058966,numeric,1422903.2202991194,numeric,2644411.361405016,numeric,AUD,nominal,146.0,numeric,146.0,numeric,count,matched_with_denominator,calculated,calculated,ElectraNet 2020-21 - Category Analysis - RIN Response - Consolidated - 29 October 2021 - PUBLIC(13029806.1).xlsx,2.8 Maintenance,55,ElectraNet 2020-21 - Category Analysis - RIN Response - Consolidated - 29 October 2021 - PUBLIC(13029806.1).xlsx,2.8 Maintenance,17.0
electranet,2020-21,substations_equipment_property_maintenance::substation_property,4146428.322587103,numeric,2853874.1921945843,numeric,7000302.514781687,numeric,AUD,nominal,78.0,numeric,78.0,numeric,count,matched_with_denominator,calculated,calculated,ElectraNet 2020-21 - Category Analysis - RIN Response - Consolidated - 29 October 2021 - PUBLIC(13029806.1).xlsx,2.8 Maintenance,56,ElectraNet 2020-21 - Category Analysis - RIN Response - Consolidated - 29 October 2021 - PUBLIC(13029806.1).xlsx,2.8 Maintenance,18.0
electranet,2020-21,scada_network_control_maintenance::scada_network_control,2556270.58,numeric,475418.71,numeric,3031689.29,numeric,AUD,nominal,118.0,numeric,118.0,numeric,count,matched_with_denominator,calculated,calculated,ElectraNet 2020-21 - Category Analysis - RIN Response - Consolidated - 29 October 2021 - PUBLIC(13029806.1).xlsx,2.8 Maintenance,57,ElectraNet 2020-21 - Category Analysis - RIN Response - Consolidated - 29 October 2021 - PUBLIC(13029806.1).xlsx,2.8 Maintenance,19.0
electranet,2020-21,protection_systems_maintenance::protection_systems,3506322.86,numeric,924542.26,numeric,4430865.12,numeric,AUD,nominal,1521.0,numeric,1521.0,numeric,count,matched_with_denominator,calculated,calculated,ElectraNet 2020-21 - Category Analysis - RIN Response - Consolidated - 29 October 2021 - PUBLIC(13029806.1).xlsx,2.8 Maintenance,58,ElectraNet 2020-21 - Category Analysis - RIN Response - Consolidated - 29 October 2021 - PUBLIC(13029806.1).xlsx,2.8 Maintenance,20.0
electranet,2020-21,other_maintenance_activity::right_of_way_maintenance,1839752.33,numeric,21893.81,numeric,1861646.14,numeric,AUD,nominal,4527.0,numeric,4527.0,numeric,km,matched_with_denominator,calculated,calculated,ElectraNet 2020-21 - Category Analysis - RIN Response - Consolidated - 29 October 2021 - PUBLIC(13029806.1).xlsx,2.8 Maintenance,59,ElectraNet 2020-21 - Category Analysis - RIN Response - Consolidated - 29 October 2021 - PUBLIC(13029806.1).xlsx,2.8 Maintenance,21.0
electranet,2021-22,transmission_lines_maintenance::transmission_towers,2102402.584960452,numeric,9617378.912861472,numeric,11719781.497821923,numeric,AUD,nominal,13189.0,numeric,13189.0,numeric,count,matched_with_denominator,calculated,calculated,ElectraNet 2021-22 - Category Analysis - RIN response - 28 October 2022 - PUBLIC(14582813.1).xlsx,2.8 Maintenance,50,ElectraNet 2021-22 - Category Analysis - RIN response - 28 October 2022 - PUBLIC(14582813.1).xlsx,2.8 Maintenance,12.0
electranet,2021-22,transmission_lines_maintenance::transmission_tower_support_structures,2277728.3955203183,numeric,4634378.8961385945,numeric,6912107.291658913,numeric,AUD,nominal,59311.0,numeric,59311.0,numeric,count,matched_with_denominator,calculated,calculated,ElectraNet 2021-22 - Category Analysis - RIN response - 28 October 2022 - PUBLIC(14582813.1).xlsx,2.8 Maintenance,51,ElectraNet 2021-22 - Category Analysis - RIN response - 28 October 2022 - PUBLIC(14582813.1).xlsx,2.8 Maintenance,13.0
electranet,2021-22,transmission_lines_maintenance::conductors,763962.189711647,numeric,1646226.6831063677,numeric,2410188.8728180146,numeric,AUD,nominal,5491.0,numeric,5491.0,numeric,km,matched_with_denominator,calculated,calculated,ElectraNet 2021-22 - Category Analysis - RIN response - 28 October 2022 - PUBLIC(14582813.1).xlsx,2.8 Maintenance,52,ElectraNet 2021-22 - Category Analysis - RIN response - 28 October 2022 - PUBLIC(14582813.1).xlsx,2.8 Maintenance,14.0
electranet,2021-22,transmission_lines_maintenance::transmission_cables,491840.0898075842,numeric,127331.90789356537,numeric,619171.9977011496,numeric,AUD,nominal,27.0,numeric,27.0,numeric,km,matched_with_denominator,calculated,calculated,ElectraNet 2021-22 - Category Analysis - RIN response - 28 October 2022 - PUBLIC(14582813.1).xlsx,2.8 Maintenance,53,ElectraNet 2021-22 - Category Analysis - RIN response - 28 October 2022 - PUBLIC(14582813.1).xlsx,2.8 Maintenance,15.0
electranet,2021-22,substations_equipment_property_maintenance::substation_switchbays,1961154.72945586,numeric,3318750.009396065,numeric,5279904.738851925,numeric,AUD,nominal,1738.0,numeric,1738.0,numeric,count,matched_with_denominator,calculated,calculated,ElectraNet 2021-22 - Category Analysis - RIN response - 28 October 2022 - PUBLIC(14582813.1).xlsx,2.8 Maintenance,54,ElectraNet 2021-22 - Category Analysis - RIN response - 28 October 2022 - PUBLIC(14582813.1).xlsx,2.8 Maintenance,16.0
electranet,2021-22,substations_equipment_property_maintenance::substation_power_transformers,1398698.9040549411,numeric,1894248.5666541047,numeric,3292947.4707090463,numeric,AUD,nominal,146.0,numeric,146.0,numeric,count,matched_with_denominator,calculated,calculated,ElectraNet 2021-22 - Category Analysis - RIN response - 28 October 2022 - PUBLIC(14582813.1).xlsx,2.8 Maintenance,55,ElectraNet 2021-22 - Category Analysis - RIN response - 28 October 2022 - PUBLIC(14582813.1).xlsx,2.8 Maintenance,17.0
electranet,2021-22,substations_equipment_property_maintenance::substation_property,4128043.4164891983,numeric,2756676.6339498297,numeric,6884720.050439028,numeric,AUD,nominal,77.0,numeric,77.0,numeric,count,matched_with_denominator,calculated,calculated,ElectraNet 2021-22 - Category Analysis - RIN response - 28 October 2022 - PUBLIC(14582813.1).xlsx,2.8 Maintenance,56,ElectraNet 2021-22 - Category Analysis - RIN response - 28 October 2022 - PUBLIC(14582813.1).xlsx,2.8 Maintenance,18.0
electranet,2021-22,scada_network_control_maintenance::scada_network_control,2100562.57,numeric,401125.57,numeric,2501688.14,numeric,AUD,nominal,118.0,numeric,118.0,numeric,count,matched_with_denominator,calculated,calculated,ElectraNet 2021-22 - Category Analysis - RIN response - 28 October 2022 - PUBLIC(14582813.1).xlsx,2.8 Maintenance,57,ElectraNet 2021-22 - Category Analysis - RIN response - 28 October 2022 - PUBLIC(14582813.1).xlsx,2.8 Maintenance,19.0
electranet,2021-22,protection_systems_maintenance::protection_systems,1876020.25,numeric,1217297.63,numeric,3093317.88,numeric,AUD,nominal,1545.0,numeric,1545.0,numeric,count,matched_with_denominator,calculated,calculated,ElectraNet 2021-22 - Category Analysis - RIN response - 28 October 2022 - PUBLIC(14582813.1).xlsx,2.8 Maintenance,58,ElectraNet 2021-22 - Category Analysis - RIN response - 28 October 2022 - PUBLIC(14582813.1).xlsx,2.8 Maintenance,20.0
electranet,2021-22,other_maintenance_activity::right_of_way_maintenance,2135124.26,numeric,8129.22,numeric,2143253.48,numeric,AUD,nominal,4509.8,numeric,4509.8,numeric,km,matched_with_denominator,calculated,calculated,ElectraNet 2021-22 - Category Analysis - RIN response - 28 October 2022 - PUBLIC(14582813.1).xlsx,2.8 Maintenance,59,ElectraNet 2021-22 - Category Analysis - RIN response - 28 October 2022 - PUBLIC(14582813.1).xlsx,2.8 Maintenance,21.0
electranet,2022-23,transmission_lines_maintenance::transmission_towers,2086788.114197012,numeric,6313330.739415282,numeric,8400118.853612294,numeric,AUD,nominal,13699.0,numeric,13699.0,numeric,count,matched_with_denominator,calculated,calculated,ElectraNet 2022-23 - Category analysis - RIN responses - Consolidated - 27 October 2023 - PUBLIC(15999621.1).xlsx,2.8 Maintenance,50,ElectraNet 2022-23 - Category analysis - RIN responses - Consolidated - 27 October 2023 - PUBLIC(15999621.1).xlsx,2.8 Maintenance,12.0
electranet,2022-23,transmission_lines_maintenance::transmission_tower_support_structures,2260811.786069148,numeric,3042239.1597737274,numeric,5303050.945842875,numeric,AUD,nominal,61006.0,numeric,61006.0,numeric,count,matched_with_denominator,calculated,calculated,ElectraNet 2022-23 - Category analysis - RIN responses - Consolidated - 27 October 2023 - PUBLIC(15999621.1).xlsx,2.8 Maintenance,51,ElectraNet 2022-23 - Category analysis - RIN responses - Consolidated - 27 October 2023 - PUBLIC(15999621.1).xlsx,2.8 Maintenance,13.0
electranet,2022-23,transmission_lines_maintenance::conductors,758288.2691405069,numeric,1080665.9087334217,numeric,1838954.1778739288,numeric,AUD,nominal,6014.67,numeric,6014.67,numeric,km,matched_with_denominator,calculated,calculated,ElectraNet 2022-23 - Category analysis - RIN responses - Consolidated - 27 October 2023 - PUBLIC(15999621.1).xlsx,2.8 Maintenance,52,ElectraNet 2022-23 - Category analysis - RIN responses - Consolidated - 27 October 2023 - PUBLIC(15999621.1).xlsx,2.8 Maintenance,14.0
electranet,2022-23,transmission_lines_maintenance::transmission_cables,488187.2105933341,numeric,83587.0620775676,numeric,571774.2726709017,numeric,AUD,nominal,27.0,numeric,27.0,numeric,km,matched_with_denominator,calculated,calculated,ElectraNet 2022-23 - Category analysis - RIN responses - Consolidated - 27 October 2023 - PUBLIC(15999621.1).xlsx,2.8 Maintenance,53,ElectraNet 2022-23 - Category analysis - RIN responses - Consolidated - 27 October 2023 - PUBLIC(15999621.1).xlsx,2.8 Maintenance,15.0
electranet,2022-23,substations_equipment_property_maintenance::substation_switchbays,2318569.3939992194,numeric,4639045.744318289,numeric,6957615.138317509,numeric,AUD,nominal,1761.0,numeric,1761.0,numeric,count,matched_with_denominator,calculated,calculated,ElectraNet 2022-23 - Category analysis - RIN responses - Consolidated - 27 October 2023 - PUBLIC(15999621.1).xlsx,2.8 Maintenance,54,ElectraNet 2022-23 - Category analysis - RIN responses - Consolidated - 27 October 2023 - PUBLIC(15999621.1).xlsx,2.8 Maintenance,16.0
electranet,2022-23,substations_equipment_property_maintenance::substation_power_transformers,1653607.6535184102,numeric,2647836.000584108,numeric,4301443.654102518,numeric,AUD,nominal,147.0,numeric,147.0,numeric,count,matched_with_denominator,calculated,calculated,ElectraNet 2022-23 - Category analysis - RIN responses - Consolidated - 27 October 2023 - PUBLIC(15999621.1).xlsx,2.8 Maintenance,55,ElectraNet 2022-23 - Category analysis - RIN responses - Consolidated - 27 October 2023 - PUBLIC(15999621.1).xlsx,2.8 Maintenance,17.0
electranet,2022-23,substations_equipment_property_maintenance::substation_property,4880367.15248237,numeric,3853363.155097604,numeric,8733730.307579974,numeric,AUD,nominal,77.0,numeric,77.0,numeric,count,matched_with_denominator,calculated,calculated,ElectraNet 2022-23 - Category analysis - RIN responses - Consolidated - 27 October 2023 - PUBLIC(15999621.1).xlsx,2.8 Maintenance,56,ElectraNet 2022-23 - Category analysis - RIN responses - Consolidated - 27 October 2023 - PUBLIC(15999621.1).xlsx,2.8 Maintenance,18.0
electranet,2022-23,scada_network_control_maintenance::scada_network_control,2177166.05,numeric,393802.51,numeric,2570968.56,numeric,AUD,nominal,122.0,numeric,122.0,numeric,count,matched_with_denominator,calculated,calculated,ElectraNet 2022-23 - Category analysis - RIN responses - Consolidated - 27 October 2023 - PUBLIC(15999621.1).xlsx,2.8 Maintenance,57,ElectraNet 2022-23 - Category analysis - RIN responses - Consolidated - 27 October 2023 - PUBLIC(15999621.1).xlsx,2.8 Maintenance,19.0
electranet,2022-23,protection_systems_maintenance::protection_systems,1596668.57,numeric,947198.82,numeric,2543867.39,numeric,AUD,nominal,1624.0,numeric,1624.0,numeric,count,matched_with_denominator,calculated,calculated,ElectraNet 2022-23 - Category analysis - RIN responses - Consolidated - 27 October 2023 - PUBLIC(15999621.1).xlsx,2.8 Maintenance,58,ElectraNet 2022-23 - Category analysis - RIN responses - Consolidated - 27 October 2023 - PUBLIC(15999621.1).xlsx,2.8 Maintenance,20.0
electranet,2022-23,other_maintenance_activity::right_of_way_maintenance,2141473.6,numeric,138541.58,numeric,2280015.18,numeric,AUD,nominal,4773.2,numeric,4773.2,numeric,km,matched_with_denominator,calculated,calculated,ElectraNet 2022-23 - Category analysis - RIN responses - Consolidated - 27 October 2023 - PUBLIC(15999621.1).xlsx,2.8 Maintenance,59,ElectraNet 2022-23 - Category analysis - RIN responses - Consolidated - 27 October 2023 - PUBLIC(15999621.1).xlsx,2.8 Maintenance,21.0
electranet,2023-24,transmission_lines_maintenance::transmission_towers,1852435.8423364663,numeric,8762016.110286703,numeric,10614451.95262317,numeric,AUD,nominal,13578.0,numeric,13578.0,numeric,count,matched_with_denominator,calculated,calculated,ElectraNet 2023-24 - Category Analysis - RIN response - Consolidated - 31 October 2024 - PUBLIC(17494700.2).xlsx,2.8 Maintenance,51,ElectraNet 2023-24 - Category Analysis - RIN response - Consolidated - 31 October 2024 - PUBLIC(17494700.2).xlsx,2.8 Maintenance,13.0
electranet,2023-24,transmission_lines_maintenance::transmission_tower_support_structures,2006916.158281236,numeric,4222200.551424189,numeric,6229116.7097054245,numeric,AUD,nominal,63115.0,numeric,63115.0,numeric,count,matched_with_denominator,calculated,calculated,ElectraNet 2023-24 - Category Analysis - RIN response - Consolidated - 31 October 2024 - PUBLIC(17494700.2).xlsx,2.8 Maintenance,52,ElectraNet 2023-24 - Category Analysis - RIN response - Consolidated - 31 October 2024 - PUBLIC(17494700.2).xlsx,2.8 Maintenance,14.0
electranet,2023-24,transmission_lines_maintenance::conductors,673130.3283849072,numeric,1499812.4592212995,numeric,2172942.7876062067,numeric,AUD,nominal,6211.59,numeric,6211.59,numeric,km,matched_with_denominator,calculated,calculated,ElectraNet 2023-24 - Category Analysis - RIN response - Consolidated - 31 October 2024 - PUBLIC(17494700.2).xlsx,2.8 Maintenance,53,ElectraNet 2023-24 - Category Analysis - RIN response - Consolidated - 31 October 2024 - PUBLIC(17494700.2).xlsx,2.8 Maintenance,15.0
electranet,2023-24,transmission_lines_maintenance::transmission_cables,433362.39099739055,numeric,116007.09906780736,numeric,549369.4900651979,numeric,AUD,nominal,27.0,numeric,27.0,numeric,km,matched_with_denominator,calculated,calculated,ElectraNet 2023-24 - Category Analysis - RIN response - Consolidated - 31 October 2024 - PUBLIC(17494700.2).xlsx,2.8 Maintenance,54,ElectraNet 2023-24 - Category Analysis - RIN response - Consolidated - 31 October 2024 - PUBLIC(17494700.2).xlsx,2.8 Maintenance,16.0
electranet,2023-24,substations_equipment_property_maintenance::substation_switchbays,3299895.3405746147,numeric,3687023.345319078,numeric,6986918.685893692,numeric,AUD,nominal,1835.0,numeric,1835.0,numeric,count,matched_with_denominator,calculated,calculated,ElectraNet 2023-24 - Category Analysis - RIN response - Consolidated - 31 October 2024 - PUBLIC(17494700.2).xlsx,2.8 Maintenance,55,ElectraNet 2023-24 - Category Analysis - RIN response - Consolidated - 31 October 2024 - PUBLIC(17494700.2).xlsx,2.8 Maintenance,17.0
electranet,2023-24,substations_equipment_property_maintenance::substation_power_transformers,2353490.995398588,numeric,2104448.5626568296,numeric,4457939.558055418,numeric,AUD,nominal,152.0,numeric,152.0,numeric,count,matched_with_denominator,calculated,calculated,ElectraNet 2023-24 - Category Analysis - RIN response - Consolidated - 31 October 2024 - PUBLIC(17494700.2).xlsx,2.8 Maintenance,56,ElectraNet 2023-24 - Category Analysis - RIN response - Consolidated - 31 October 2024 - PUBLIC(17494700.2).xlsx,2.8 Maintenance,18.0
electranet,2023-24,substations_equipment_property_maintenance::substation_property,6945964.554026798,numeric,3062578.102024092,numeric,10008542.65605089,numeric,AUD,nominal,78.0,numeric,78.0,numeric,count,matched_with_denominator,calculated,calculated,ElectraNet 2023-24 - Category Analysis - RIN response - Consolidated - 31 October 2024 - PUBLIC(17494700.2).xlsx,2.8 Maintenance,57,ElectraNet 2023-24 - Category Analysis - RIN response - Consolidated - 31 October 2024 - PUBLIC(17494700.2).xlsx,2.8 Maintenance,19.0
electranet,2023-24,scada_network_control_maintenance::scada_network_control,2549910.02,numeric,336826.49,numeric,2886736.51,numeric,AUD,nominal,126.0,numeric,126.0,numeric,count,matched_with_denominator,calculated,calculated,ElectraNet 2023-24 - Category Analysis - RIN response - Consolidated - 31 October 2024 - PUBLIC(17494700.2).xlsx,2.8 Maintenance,58,ElectraNet 2023-24 - Category Analysis - RIN response - Consolidated - 31 October 2024 - PUBLIC(17494700.2).xlsx,2.8 Maintenance,20.0
electranet,2023-24,protection_systems_maintenance::protection_systems,2537317.66,numeric,1442503.0,numeric,3979820.66,numeric,AUD,nominal,1678.0,numeric,1678.0,numeric,count,matched_with_denominator,calculated,calculated,ElectraNet 2023-24 - Category Analysis - RIN response - Consolidated - 31 October 2024 - PUBLIC(17494700.2).xlsx,2.8 Maintenance,59,ElectraNet 2023-24 - Category Analysis - RIN response - Consolidated - 31 October 2024 - PUBLIC(17494700.2).xlsx,2.8 Maintenance,21.0
electranet,2023-24,other_maintenance_activity::right_of_way_maintenance,2538162.97,numeric,454160.12,numeric,2992323.0900000003,numeric,AUD,nominal,4765.72,numeric,4765.72,numeric,km,matched_with_denominator,calculated,calculated,ElectraNet 2023-24 - Category Analysis - RIN response - Consolidated - 31 October 2024 - PUBLIC(17494700.2).xlsx,2.8 Maintenance,60,ElectraNet 2023-24 - Category Analysis - RIN response - Consolidated - 31 October 2024 - PUBLIC(17494700.2).xlsx,2.8 Maintenance,22.0
powerlink,2019-20,transmission_lines_maintenance::transmission_towers,2376620.659999985,numeric,14983101.174011009,numeric,17359721.834010992,numeric,AUD,nominal,23537.0,numeric,23537.0,numeric,count,matched_with_denominator,calculated,calculated,Powerlink 2019-20 - Category Analysis - RIN Response - Consolidated - 23 October 2020 - PUBLIC (11647526.2).xlsx,2.8 Maintenance,50,Powerlink 2019-20 - Category Analysis - RIN Response - Consolidated - 23 October 2020 - PUBLIC (11647526.2).xlsx,2.8 Maintenance,12.0
powerlink,2019-20,transmission_lines_maintenance::transmission_tower_support_structures,88218.03999999994,numeric,19370093.371213,numeric,19458311.411213,numeric,AUD,nominal,23537.0,numeric,23537.0,numeric,count,matched_with_denominator,calculated,calculated,Powerlink 2019-20 - Category Analysis - RIN Response - Consolidated - 23 October 2020 - PUBLIC (11647526.2).xlsx,2.8 Maintenance,51,Powerlink 2019-20 - Category Analysis - RIN Response - Consolidated - 23 October 2020 - PUBLIC (11647526.2).xlsx,2.8 Maintenance,13.0
powerlink,2019-20,transmission_lines_maintenance::conductors,0.0,numeric,1559812.789007,numeric,1559812.789007,numeric,AUD,nominal,9627.0,numeric,9627.0,numeric,km,matched_with_denominator,calculated,calculated,Powerlink 2019-20 - Category Analysis - RIN Response - Consolidated - 23 October 2020 - PUBLIC (11647526.2).xlsx,2.8 Maintenance,52,Powerlink 2019-20 - Category Analysis - RIN Response - Consolidated - 23 October 2020 - PUBLIC (11647526.2).xlsx,2.8 Maintenance,14.0
powerlink,2019-20,transmission_lines_maintenance::transmission_cables,197608.52999999968,numeric,21571.145769,numeric,219179.67576899967,numeric,AUD,nominal,20.24,numeric,20.24,numeric,km,matched_with_denominator,calculated,calculated,Powerlink 2019-20 - Category Analysis - RIN Response - Consolidated - 23 October 2020 - PUBLIC (11647526.2).xlsx,2.8 Maintenance,53,Powerlink 2019-20 - Category Analysis - RIN Response - Consolidated - 23 October 2020 - PUBLIC (11647526.2).xlsx,2.8 Maintenance,15.0
powerlink,2019-20,substations_equipment_property_maintenance::substation_switchbays,4999689.087999999,numeric,16307044.6702,numeric,21306733.7582,numeric,AUD,nominal,1485.0,numeric,1485.0,numeric,count,matched_with_denominator,calculated,calculated,Powerlink 2019-20 - Category Analysis - RIN Response - Consolidated - 23 October 2020 - PUBLIC (11647526.2).xlsx,2.8 Maintenance,54,Powerlink 2019-20 - Category Analysis - RIN Response - Consolidated - 23 October 2020 - PUBLIC (11647526.2).xlsx,2.8 Maintenance,16.0
powerlink,2019-20,substations_equipment_property_maintenance::substation_power_transformers,838326.0470000012,numeric,2940998.0169,numeric,3779324.063900001,numeric,AUD,nominal,201.0,numeric,201.0,numeric,count,matched_with_denominator,calculated,calculated,Powerlink 2019-20 - Category Analysis - RIN Response - Consolidated - 23 October 2020 - PUBLIC (11647526.2).xlsx,2.8 Maintenance,55,Powerlink 2019-20 - Category Analysis - RIN Response - Consolidated - 23 October 2020 - PUBLIC (11647526.2).xlsx,2.8 Maintenance,17.0
powerlink,2019-20,substations_equipment_property_maintenance::substation_property,1808051.1550000007,numeric,3877379.3628999954,numeric,5685430.517899996,numeric,AUD,nominal,127.0,numeric,127.0,numeric,count,matched_with_denominator,calculated,calculated,Powerlink 2019-20 - Category Analysis - RIN Response - Consolidated - 23 October 2020 - PUBLIC (11647526.2).xlsx,2.8 Maintenance,56,Powerlink 2019-20 - Category Analysis - RIN Response - Consolidated - 23 October 2020 - PUBLIC (11647526.2).xlsx,2.8 Maintenance,18.0
powerlink,2019-20,scada_network_control_maintenance::scada_network_control,1501305.39,numeric,5836485.929999993,numeric,7337791.319999993,numeric,AUD,nominal,5998.0,numeric,5998.0,numeric,count,matched_with_denominator,calculated,calculated,Powerlink 2019-20 - Category Analysis - RIN Response - Consolidated - 23 October 2020 - PUBLIC (11647526.2).xlsx,2.8 Maintenance,57,Powerlink 2019-20 - Category Analysis - RIN Response - Consolidated - 23 October 2020 - PUBLIC (11647526.2).xlsx,2.8 Maintenance,19.0
powerlink,2019-20,protection_systems_maintenance::protection_systems,959895.430000004,numeric,3579947.360000004,numeric,4539842.790000008,numeric,AUD,nominal,5027.0,numeric,5027.0,numeric,count,matched_with_denominator,calculated,calculated,Powerlink 2019-20 - Category Analysis - RIN Response - Consolidated - 23 October 2020 - PUBLIC (11647526.2).xlsx,2.8 Maintenance,58,Powerlink 2019-20 - Category Analysis - RIN Response - Consolidated - 23 October 2020 - PUBLIC (11647526.2).xlsx,2.8 Maintenance,20.0
powerlink,2019-20,other_maintenance_activity::transmission_tower_support_structures,,blank,,blank,,blank,AUD,nominal,168000.0,numeric,1433.0,numeric,count,matched_with_denominator,missing_numerators,missing_numerators,Powerlink 2019-20 - Category Analysis - RIN Response - Consolidated - 23 October 2020 - PUBLIC (11647526.2).xlsx,2.8 Maintenance,59,Powerlink 2019-20 - Category Analysis - RIN Response - Consolidated - 23 October 2020 - PUBLIC (11647526.2).xlsx,2.8 Maintenance,21.0
powerlink,2019-20,other_maintenance_activity::corridor_maintenance_non_vegetation,3587.020000000001,numeric,1649451.0500000017,numeric,1653038.0700000017,numeric,AUD,nominal,9634.0,numeric,1372.0,numeric,km,matched_with_denominator,calculated,calculated,Powerlink 2019-20 - Category Analysis - RIN Response - Consolidated - 23 October 2020 - PUBLIC (11647526.2).xlsx,2.8 Maintenance,60,Powerlink 2019-20 - Category Analysis - RIN Response - Consolidated - 23 October 2020 - PUBLIC (11647526.2).xlsx,2.8 Maintenance,22.0
powerlink,2020-21,transmission_lines_maintenance::transmission_towers,2840936.0000000144,numeric,7773311.210980312,numeric,10614247.210980326,numeric,AUD,nominal,23550.0,numeric,23550.0,numeric,count,matched_with_denominator,calculated,calculated,Powerlink 2020-21 - Category Analysis - RIN Response - Consolidated - 20 October 2021 - PUBLIC(12941266.1).xlsx,2.8 Maintenance,50,Powerlink 2020-21 - Category Analysis - RIN Response - Consolidated - 20 October 2021 - PUBLIC(12941266.1).xlsx,2.8 Maintenance,12.0
powerlink,2020-21,transmission_lines_maintenance::transmission_tower_support_structures,53017.60000000001,numeric,28950166.339016367,numeric,29003183.93901637,numeric,AUD,nominal,23550.0,numeric,23550.0,numeric,count,matched_with_denominator,calculated,calculated,Powerlink 2020-21 - Category Analysis - RIN Response - Consolidated - 20 October 2021 - PUBLIC(12941266.1).xlsx,2.8 Maintenance,51,Powerlink 2020-21 - Category Analysis - RIN Response - Consolidated - 20 October 2021 - PUBLIC(12941266.1).xlsx,2.8 Maintenance,13.0
powerlink,2020-21,transmission_lines_maintenance::conductors,0.0,numeric,723780.315138938,numeric,723780.315138938,numeric,AUD,nominal,9629.0,numeric,9629.0,numeric,km,matched_with_denominator,calculated,calculated,Powerlink 2020-21 - Category Analysis - RIN Response - Consolidated - 20 October 2021 - PUBLIC(12941266.1).xlsx,2.8 Maintenance,52,Powerlink 2020-21 - Category Analysis - RIN Response - Consolidated - 20 October 2021 - PUBLIC(12941266.1).xlsx,2.8 Maintenance,14.0
powerlink,2020-21,transmission_lines_maintenance::transmission_cables,220444.88000000032,numeric,8548250.232597137,numeric,8768695.112597138,numeric,AUD,nominal,20.24,numeric,20.24,numeric,km,matched_with_denominator,calculated,calculated,Powerlink 2020-21 - Category Analysis - RIN Response - Consolidated - 20 October 2021 - PUBLIC(12941266.1).xlsx,2.8 Maintenance,53,Powerlink 2020-21 - Category Analysis - RIN Response - Consolidated - 20 October 2021 - PUBLIC(12941266.1).xlsx,2.8 Maintenance,15.0
powerlink,2020-21,substations_equipment_property_maintenance::substation_switchbays,4583217.587999981,numeric,14741764.16341809,numeric,19324981.75141807,numeric,AUD,nominal,1482.0,numeric,1482.0,numeric,count,matched_with_denominator,calculated,calculated,Powerlink 2020-21 - Category Analysis - RIN Response - Consolidated - 20 October 2021 - PUBLIC(12941266.1).xlsx,2.8 Maintenance,54,Powerlink 2020-21 - Category Analysis - RIN Response - Consolidated - 20 October 2021 - PUBLIC(12941266.1).xlsx,2.8 Maintenance,16.0
powerlink,2020-21,substations_equipment_property_maintenance::substation_power_transformers,1544174.4169999992,numeric,3412554.139686628,numeric,4956728.556686627,numeric,AUD,nominal,201.0,numeric,201.0,numeric,count,matched_with_denominator,calculated,calculated,Powerlink 2020-21 - Category Analysis - RIN Response - Consolidated - 20 October 2021 - PUBLIC(12941266.1).xlsx,2.8 Maintenance,55,Powerlink 2020-21 - Category Analysis - RIN Response - Consolidated - 20 October 2021 - PUBLIC(12941266.1).xlsx,2.8 Maintenance,17.0
powerlink,2020-21,substations_equipment_property_maintenance::substation_property,1485737.9250000007,numeric,4014437.635355997,numeric,5500175.560355998,numeric,AUD,nominal,128.0,numeric,128.0,numeric,count,matched_with_denominator,calculated,calculated,Powerlink 2020-21 - Category Analysis - RIN Response - Consolidated - 20 October 2021 - PUBLIC(12941266.1).xlsx,2.8 Maintenance,56,Powerlink 2020-21 - Category Analysis - RIN Response - Consolidated - 20 October 2021 - PUBLIC(12941266.1).xlsx,2.8 Maintenance,18.0
powerlink,2020-21,scada_network_control_maintenance::scada_network_control,1119461.8300000003,numeric,5362255.67163142,numeric,6481717.50163142,numeric,AUD,nominal,6212.0,numeric,6212.0,numeric,count,matched_with_denominator,calculated,calculated,Powerlink 2020-21 - Category Analysis - RIN Response - Consolidated - 20 October 2021 - PUBLIC(12941266.1).xlsx,2.8 Maintenance,57,Powerlink 2020-21 - Category Analysis - RIN Response - Consolidated - 20 October 2021 - PUBLIC(12941266.1).xlsx,2.8 Maintenance,19.0
powerlink,2020-21,protection_systems_maintenance::protection_systems,979355.0199999982,numeric,2260944.212284656,numeric,3240299.232284654,numeric,AUD,nominal,5030.0,numeric,5030.0,numeric,count,matched_with_denominator,calculated,calculated,Powerlink 2020-21 - Category Analysis - RIN Response - Consolidated - 20 October 2021 - PUBLIC(12941266.1).xlsx,2.8 Maintenance,58,Powerlink 2020-21 - Category Analysis - RIN Response - Consolidated - 20 October 2021 - PUBLIC(12941266.1).xlsx,2.8 Maintenance,20.0
powerlink,2020-21,other_maintenance_activity::transmission_tower_support_structures,,blank,,blank,,blank,AUD,nominal,168500.0,numeric,1457000.0,numeric,count,matched_with_denominator,missing_numerators,missing_numerators,Powerlink 2020-21 - Category Analysis - RIN Response - Consolidated - 20 October 2021 - PUBLIC(12941266.1).xlsx,2.8 Maintenance,59,Powerlink 2020-21 - Category Analysis - RIN Response - Consolidated - 20 October 2021 - PUBLIC(12941266.1).xlsx,2.8 Maintenance,21.0
powerlink,2020-21,other_maintenance_activity::corridor_maintenance_non_vegetation,5554.47,numeric,397031.896290448,numeric,402586.366290448,numeric,AUD,nominal,9636.0,numeric,1363.0,numeric,km,matched_with_denominator,calculated,calculated,Powerlink 2020-21 - Category Analysis - RIN Response - Consolidated - 20 October 2021 - PUBLIC(12941266.1).xlsx,2.8 Maintenance,60,Powerlink 2020-21 - Category Analysis - RIN Response - Consolidated - 20 October 2021 - PUBLIC(12941266.1).xlsx,2.8 Maintenance,22.0
powerlink,2021-22,transmission_lines_maintenance::transmission_towers,2764277.1800000034,numeric,8197698.901035492,numeric,10961976.081035497,numeric,AUD,nominal,23551.0,numeric,23551.0,numeric,count,matched_with_denominator,calculated,calculated,Powerlink 2021-22 - Category analysis - Consolidated - 26 October 2022 - PUBLIC(14556313.1).xlsx,2.8 Maintenance,50,Powerlink 2021-22 - Category analysis - Consolidated - 26 October 2022 - PUBLIC(14556313.1).xlsx,2.8 Maintenance,12.0
powerlink,2021-22,transmission_lines_maintenance::transmission_tower_support_structures,113010.50999999997,numeric,22029787.14595901,numeric,22142797.65595901,numeric,AUD,nominal,23551.0,numeric,23551.0,numeric,count,matched_with_denominator,calculated,calculated,Powerlink 2021-22 - Category analysis - Consolidated - 26 October 2022 - PUBLIC(14556313.1).xlsx,2.8 Maintenance,51,Powerlink 2021-22 - Category analysis - Consolidated - 26 October 2022 - PUBLIC(14556313.1).xlsx,2.8 Maintenance,13.0
powerlink,2021-22,transmission_lines_maintenance::conductors,0.0,numeric,2062792.949312,numeric,2062792.949312,numeric,AUD,nominal,9629.0,numeric,9629.0,numeric,km,matched_with_denominator,calculated,calculated,Powerlink 2021-22 - Category analysis - Consolidated - 26 October 2022 - PUBLIC(14556313.1).xlsx,2.8 Maintenance,52,Powerlink 2021-22 - Category analysis - Consolidated - 26 October 2022 - PUBLIC(14556313.1).xlsx,2.8 Maintenance,14.0
powerlink,2021-22,transmission_lines_maintenance::transmission_cables,168717.9500000001,numeric,4360635.254556499,numeric,4529353.2045565,numeric,AUD,nominal,20.24,numeric,20.24,numeric,km,matched_with_denominator,calculated,calculated,Powerlink 2021-22 - Category analysis - Consolidated - 26 October 2022 - PUBLIC(14556313.1).xlsx,2.8 Maintenance,53,Powerlink 2021-22 - Category analysis - Consolidated - 26 October 2022 - PUBLIC(14556313.1).xlsx,2.8 Maintenance,15.0
powerlink,2021-22,substations_equipment_property_maintenance::substation_switchbays,5381286.541999959,numeric,16313889.729245998,numeric,21695176.27124596,numeric,AUD,nominal,1475.0,numeric,1475.0,numeric,count,matched_with_denominator,calculated,calculated,Powerlink 2021-22 - Category analysis - Consolidated - 26 October 2022 - PUBLIC(14556313.1).xlsx,2.8 Maintenance,54,Powerlink 2021-22 - Category analysis - Consolidated - 26 October 2022 - PUBLIC(14556313.1).xlsx,2.8 Maintenance,16.0
powerlink,2021-22,substations_equipment_property_maintenance::substation_power_transformers,1617482.9779999987,numeric,4652850.208344001,numeric,6270333.186344,numeric,AUD,nominal,197.0,numeric,197.0,numeric,count,matched_with_denominator,calculated,calculated,Powerlink 2021-22 - Category analysis - Consolidated - 26 October 2022 - PUBLIC(14556313.1).xlsx,2.8 Maintenance,55,Powerlink 2021-22 - Category analysis - Consolidated - 26 October 2022 - PUBLIC(14556313.1).xlsx,2.8 Maintenance,17.0
powerlink,2021-22,substations_equipment_property_maintenance::substation_property,1872858.7799999944,numeric,4688158.604650004,numeric,6561017.384649999,numeric,AUD,nominal,128.0,numeric,128.0,numeric,count,matched_with_denominator,calculated,calculated,Powerlink 2021-22 - Category analysis - Consolidated - 26 October 2022 - PUBLIC(14556313.1).xlsx,2.8 Maintenance,56,Powerlink 2021-22 - Category analysis - Consolidated - 26 October 2022 - PUBLIC(14556313.1).xlsx,2.8 Maintenance,18.0
powerlink,2021-22,scada_network_control_maintenance::scada_network_control,1370722.1599999988,numeric,4634534.143880008,numeric,6005256.303880006,numeric,AUD,nominal,6386.0,numeric,6386.0,numeric,count,matched_with_denominator,calculated,calculated,Powerlink 2021-22 - Category analysis - Consolidated - 26 October 2022 - PUBLIC(14556313.1).xlsx,2.8 Maintenance,57,Powerlink 2021-22 - Category analysis - Consolidated - 26 October 2022 - PUBLIC(14556313.1).xlsx,2.8 Maintenance,19.0
powerlink,2021-22,protection_systems_maintenance::protection_systems,855778.0000000028,numeric,2733477.7607744974,numeric,3589255.7607745,numeric,AUD,nominal,4967.0,numeric,4967.0,numeric,count,matched_with_denominator,calculated,calculated,Powerlink 2021-22 - Category analysis - Consolidated - 26 October 2022 - PUBLIC(14556313.1).xlsx,2.8 Maintenance,58,Powerlink 2021-22 - Category analysis - Consolidated - 26 October 2022 - PUBLIC(14556313.1).xlsx,2.8 Maintenance,20.0
powerlink,2021-22,other_maintenance_activity::transmission_tower_support_structures,,blank,,blank,,blank,AUD,nominal,168845.0,numeric,1480.0,numeric,count,matched_with_denominator,missing_numerators,missing_numerators,Powerlink 2021-22 - Category analysis - Consolidated - 26 October 2022 - PUBLIC(14556313.1).xlsx,2.8 Maintenance,59,Powerlink 2021-22 - Category analysis - Consolidated - 26 October 2022 - PUBLIC(14556313.1).xlsx,2.8 Maintenance,21.0
powerlink,2021-22,other_maintenance_activity::corridor_maintenance_non_vegetation,5411.980000000002,numeric,1821578.2222425,numeric,1826990.2022425,numeric,AUD,nominal,9636.0,numeric,1549.0,numeric,km,matched_with_denominator,calculated,calculated,Powerlink 2021-22 - Category analysis - Consolidated - 26 October 2022 - PUBLIC(14556313.1).xlsx,2.8 Maintenance,60,Powerlink 2021-22 - Category analysis - Consolidated - 26 October 2022 - PUBLIC(14556313.1).xlsx,2.8 Maintenance,22.0
powerlink,2022-23,transmission_lines_maintenance::transmission_towers,4337653.0,numeric,3537960.0,numeric,7875613.0,numeric,AUD,nominal,23599.0,numeric,23599.0,numeric,count,matched_with_denominator,calculated,calculated,Powerlink 2022-23 - Category Analysis - RIN Response - Consolidated - 27 October 2023 - PUBLIC(15996094.1).xlsx,2.8 Maintenance,51,Powerlink 2022-23 - Category Analysis - RIN Response - Consolidated - 27 October 2023 - PUBLIC(15996094.1).xlsx,2.8 Maintenance,13.0
powerlink,2022-23,transmission_lines_maintenance::transmission_tower_support_structures,120920.0,numeric,27945669.0,numeric,28066589.0,numeric,AUD,nominal,23599.0,numeric,23599.0,numeric,count,matched_with_denominator,calculated,calculated,Powerlink 2022-23 - Category Analysis - RIN Response - Consolidated - 27 October 2023 - PUBLIC(15996094.1).xlsx,2.8 Maintenance,52,Powerlink 2022-23 - Category Analysis - RIN Response - Consolidated - 27 October 2023 - PUBLIC(15996094.1).xlsx,2.8 Maintenance,14.0
powerlink,2022-23,transmission_lines_maintenance::conductors,0.0,numeric,547980.0,numeric,547980.0,numeric,AUD,nominal,9636.0,numeric,9636.0,numeric,km,matched_with_denominator,calculated,calculated,Powerlink 2022-23 - Category Analysis - RIN Response - Consolidated - 27 October 2023 - PUBLIC(15996094.1).xlsx,2.8 Maintenance,53,Powerlink 2022-23 - Category Analysis - RIN Response - Consolidated - 27 October 2023 - PUBLIC(15996094.1).xlsx,2.8 Maintenance,15.0
powerlink,2022-23,transmission_lines_maintenance::transmission_cables,230268.0,numeric,618509.0,numeric,848777.0,numeric,AUD,nominal,20.24,numeric,20.24,numeric,km,matched_with_denominator,calculated,calculated,Powerlink 2022-23 - Category Analysis - RIN Response - Consolidated - 27 October 2023 - PUBLIC(15996094.1).xlsx,2.8 Maintenance,54,Powerlink 2022-23 - Category Analysis - RIN Response - Consolidated - 27 October 2023 - PUBLIC(15996094.1).xlsx,2.8 Maintenance,16.0
powerlink,2022-23,substations_equipment_property_maintenance::substation_switchbays,6269276.0,numeric,18401672.0,numeric,24670948.0,numeric,AUD,nominal,1485.0,numeric,1485.0,numeric,count,matched_with_denominator,calculated,calculated,Powerlink 2022-23 - Category Analysis - RIN Response - Consolidated - 27 October 2023 - PUBLIC(15996094.1).xlsx,2.8 Maintenance,55,Powerlink 2022-23 - Category Analysis - RIN Response - Consolidated - 27 October 2023 - PUBLIC(15996094.1).xlsx,2.8 Maintenance,17.0
powerlink,2022-23,substations_equipment_property_maintenance::substation_power_transformers,1103131.0,numeric,3044185.0,numeric,4147316.0,numeric,AUD,nominal,199.0,numeric,199.0,numeric,count,matched_with_denominator,calculated,calculated,Powerlink 2022-23 - Category Analysis - RIN Response - Consolidated - 27 October 2023 - PUBLIC(15996094.1).xlsx,2.8 Maintenance,56,Powerlink 2022-23 - Category Analysis - RIN Response - Consolidated - 27 October 2023 - PUBLIC(15996094.1).xlsx,2.8 Maintenance,18.0
powerlink,2022-23,substations_equipment_property_maintenance::substation_property,2309614.0,numeric,9662588.0,numeric,11972202.0,numeric,AUD,nominal,129.0,numeric,129.0,numeric,count,matched_with_denominator,calculated,calculated,Powerlink 2022-23 - Category Analysis - RIN Response - Consolidated - 27 October 2023 - PUBLIC(15996094.1).xlsx,2.8 Maintenance,57,Powerlink 2022-23 - Category Analysis - RIN Response - Consolidated - 27 October 2023 - PUBLIC(15996094.1).xlsx,2.8 Maintenance,19.0
powerlink,2022-23,scada_network_control_maintenance::scada_network_control,1997879.0,numeric,5501340.0,numeric,7499219.0,numeric,AUD,nominal,6378.0,numeric,6378.0,numeric,count,matched_with_denominator,calculated,calculated,Powerlink 2022-23 - Category Analysis - RIN Response - Consolidated - 27 October 2023 - PUBLIC(15996094.1).xlsx,2.8 Maintenance,58,Powerlink 2022-23 - Category Analysis - RIN Response - Consolidated - 27 October 2023 - PUBLIC(15996094.1).xlsx,2.8 Maintenance,20.0
powerlink,2022-23,protection_systems_maintenance::protection_systems,910800.0,numeric,2052985.0,numeric,2963785.0,numeric,AUD,nominal,4901.0,numeric,4901.0,numeric,count,matched_with_denominator,calculated,calculated,Powerlink 2022-23 - Category Analysis - RIN Response - Consolidated - 27 October 2023 - PUBLIC(15996094.1).xlsx,2.8 Maintenance,59,Powerlink 2022-23 - Category Analysis - RIN Response - Consolidated - 27 October 2023 - PUBLIC(15996094.1).xlsx,2.8 Maintenance,21.0
powerlink,2022-23,other_maintenance_activity::transmission_tower_support_structures,,blank,,blank,,blank,AUD,nominal,168191.0,numeric,1470.0,numeric,count,matched_with_denominator,missing_numerators,missing_numerators,Powerlink 2022-23 - Category Analysis - RIN Response - Consolidated - 27 October 2023 - PUBLIC(15996094.1).xlsx,2.8 Maintenance,60,Powerlink 2022-23 - Category Analysis - RIN Response - Consolidated - 27 October 2023 - PUBLIC(15996094.1).xlsx,2.8 Maintenance,22.0
powerlink,2022-23,other_maintenance_activity::corridor_maintenance_non_vegetation,6149.0,numeric,3346936.0,numeric,3353085.0,numeric,AUD,nominal,9645.0,numeric,2789.0,numeric,km,matched_with_denominator,calculated,calculated,Powerlink 2022-23 - Category Analysis - RIN Response - Consolidated - 27 October 2023 - PUBLIC(15996094.1).xlsx,2.8 Maintenance,61,Powerlink 2022-23 - Category Analysis - RIN Response - Consolidated - 27 October 2023 - PUBLIC(15996094.1).xlsx,2.8 Maintenance,23.0
powerlink,2023-24,transmission_lines_maintenance::transmission_towers,4114442.461499992,numeric,4435768.91869999,numeric,8550211.380199982,numeric,AUD,nominal,23626.0,numeric,23626.0,numeric,count,matched_with_denominator,calculated,calculated,Powerlink 2023-24 - Category Analysis - RIN Response - Consolidated - 28 October 2024 - PUBLIC(17452408.1).xlsx,2.8 Maintenance,51,Powerlink 2023-24 - Category Analysis - RIN Response - Consolidated - 28 October 2024 - PUBLIC(17452408.1).xlsx,2.8 Maintenance,13.0
powerlink,2023-24,transmission_lines_maintenance::transmission_tower_support_structures,79674.74399999996,numeric,22351036.215200026,numeric,22430710.959200025,numeric,AUD,nominal,23626.0,numeric,23626.0,numeric,count,matched_with_denominator,calculated,calculated,Powerlink 2023-24 - Category Analysis - RIN Response - Consolidated - 28 October 2024 - PUBLIC(17452408.1).xlsx,2.8 Maintenance,52,Powerlink 2023-24 - Category Analysis - RIN Response - Consolidated - 28 October 2024 - PUBLIC(17452408.1).xlsx,2.8 Maintenance,14.0
powerlink,2023-24,transmission_lines_maintenance::conductors,0.0,numeric,251540.57,numeric,251540.57,numeric,AUD,nominal,9640.0,numeric,9640.0,numeric,km,matched_with_denominator,calculated,calculated,Powerlink 2023-24 - Category Analysis - RIN Response - Consolidated - 28 October 2024 - PUBLIC(17452408.1).xlsx,2.8 Maintenance,53,Powerlink 2023-24 - Category Analysis - RIN Response - Consolidated - 28 October 2024 - PUBLIC(17452408.1).xlsx,2.8 Maintenance,15.0
powerlink,2023-24,transmission_lines_maintenance::transmission_cables,237941.61000000063,numeric,654330.8800000005,numeric,892272.4900000012,numeric,AUD,nominal,20.24,numeric,20.24,numeric,km,matched_with_denominator,calculated,calculated,Powerlink 2023-24 - Category Analysis - RIN Response - Consolidated - 28 October 2024 - PUBLIC(17452408.1).xlsx,2.8 Maintenance,54,Powerlink 2023-24 - Category Analysis - RIN Response - Consolidated - 28 October 2024 - PUBLIC(17452408.1).xlsx,2.8 Maintenance,16.0
powerlink,2023-24,substations_equipment_property_maintenance::substation_switchbays,7085515.795999972,numeric,18768856.200699843,numeric,25854371.996699817,numeric,AUD,nominal,1493.0,numeric,1493.0,numeric,count,matched_with_denominator,calculated,calculated,Powerlink 2023-24 - Category Analysis - RIN Response - Consolidated - 28 October 2024 - PUBLIC(17452408.1).xlsx,2.8 Maintenance,55,Powerlink 2023-24 - Category Analysis - RIN Response - Consolidated - 28 October 2024 - PUBLIC(17452408.1).xlsx,2.8 Maintenance,17.0
powerlink,2023-24,substations_equipment_property_maintenance::substation_power_transformers,1442174.4496000016,numeric,5414100.97350001,numeric,6856275.423100011,numeric,AUD,nominal,197.0,numeric,197.0,numeric,count,matched_with_denominator,calculated,calculated,Powerlink 2023-24 - Category Analysis - RIN Response - Consolidated - 28 October 2024 - PUBLIC(17452408.1).xlsx,2.8 Maintenance,56,Powerlink 2023-24 - Category Analysis - RIN Response - Consolidated - 28 October 2024 - PUBLIC(17452408.1).xlsx,2.8 Maintenance,18.0
powerlink,2023-24,substations_equipment_property_maintenance::substation_property,2401594.0562000056,numeric,13231336.356500003,numeric,15632930.412700009,numeric,AUD,nominal,130.0,numeric,130.0,numeric,count,matched_with_denominator,calculated,calculated,Powerlink 2023-24 - Category Analysis - RIN Response - Consolidated - 28 October 2024 - PUBLIC(17452408.1).xlsx,2.8 Maintenance,57,Powerlink 2023-24 - Category Analysis - RIN Response - Consolidated - 28 October 2024 - PUBLIC(17452408.1).xlsx,2.8 Maintenance,19.0
powerlink,2023-24,scada_network_control_maintenance::scada_network_control,2082777.090400001,numeric,6187779.07829998,numeric,8270556.168699981,numeric,AUD,nominal,6303.0,numeric,6303.0,numeric,count,matched_with_denominator,calculated,calculated,Powerlink 2023-24 - Category Analysis - RIN Response - Consolidated - 28 October 2024 - PUBLIC(17452408.1).xlsx,2.8 Maintenance,58,Powerlink 2023-24 - Category Analysis - RIN Response - Consolidated - 28 October 2024 - PUBLIC(17452408.1).xlsx,2.8 Maintenance,20.0
powerlink,2023-24,protection_systems_maintenance::protection_systems,1039544.86,numeric,4336162.843799991,numeric,5375707.703799991,numeric,AUD,nominal,4879.0,numeric,4879.0,numeric,count,matched_with_denominator,calculated,calculated,Powerlink 2023-24 - Category Analysis - RIN Response - Consolidated - 28 October 2024 - PUBLIC(17452408.1).xlsx,2.8 Maintenance,59,Powerlink 2023-24 - Category Analysis - RIN Response - Consolidated - 28 October 2024 - PUBLIC(17452408.1).xlsx,2.8 Maintenance,21.0
powerlink,2023-24,other_maintenance_activity::transmission_tower_support_structures,,blank,,blank,,blank,AUD,nominal,168800.0,numeric,1489.0,numeric,count,matched_with_denominator,missing_numerators,missing_numerators,Powerlink 2023-24 - Category Analysis - RIN Response - Consolidated - 28 October 2024 - PUBLIC(17452408.1).xlsx,2.8 Maintenance,60,Powerlink 2023-24 - Category Analysis - RIN Response - Consolidated - 28 October 2024 - PUBLIC(17452408.1).xlsx,2.8 Maintenance,22.0
powerlink,2023-24,other_maintenance_activity::corridor_maintenance_non_vegetation,7676.85,numeric,3765969.496399998,numeric,3773646.3463999983,numeric,AUD,nominal,9648.0,numeric,3416.0,numeric,km,matched_with_denominator,calculated,calculated,Powerlink 2023-24 - Category Analysis - RIN Response - Consolidated - 28 October 2024 - PUBLIC(17452408.1).xlsx,2.8 Maintenance,61,Powerlink 2023-24 - Category Analysis - RIN Response - Consolidated - 28 October 2024 - PUBLIC(17452408.1).xlsx,2.8 Maintenance,23.0
transgrid,2018-19,transmission_lines_maintenance::transmission_towers,3356928.96208788,numeric,9814196.73244444,numeric,13171125.69453232,numeric,AUD,nominal,37276.0,numeric,7491.0,numeric,count,matched_with_denominator,calculated,calculated,Transgrid 2018-19 - Category Analysis - RIN Response - Consolidated - 31 October 2019 - PUBLIC D19-175594.XLSM.xlsx,2.8 Maintenance,50,Transgrid 2018-19 - Category Analysis - RIN Response - Consolidated - 31 October 2019 - PUBLIC D19-175594.XLSM.xlsx,2.8 Maintenance,12.0
transgrid,2018-19,transmission_lines_maintenance::transmission_tower_support_structures,,blank,,blank,,blank,AUD,nominal,,blank,,blank,count,matched_without_denominator,missing_denominator,missing_denominator,Transgrid 2018-19 - Category Analysis - RIN Response - Consolidated - 31 October 2019 - PUBLIC D19-175594.XLSM.xlsx,2.8 Maintenance,51,Transgrid 2018-19 - Category Analysis - RIN Response - Consolidated - 31 October 2019 - PUBLIC D19-175594.XLSM.xlsx,2.8 Maintenance,13.0
transgrid,2018-19,transmission_lines_maintenance::conductors,277910.239090828,numeric,403113.475856888,numeric,681023.714947716,numeric,AUD,nominal,11258.806083333331,numeric,6285.280250000001,numeric,km,matched_with_denominator,calculated,calculated,Transgrid 2018-19 - Category Analysis - RIN Response - Consolidated - 31 October 2019 - PUBLIC D19-175594.XLSM.xlsx,2.8 Maintenance,52,Transgrid 2018-19 - Category Analysis - RIN Response - Consolidated - 31 October 2019 - PUBLIC D19-175594.XLSM.xlsx,2.8 Maintenance,14.0
transgrid,2018-19,transmission_lines_maintenance::transmission_cables,596604.124865623,numeric,590501.571100314,numeric,1187105.6959659369,numeric,AUD,nominal,70.01499999999999,numeric,66.39799999999998,numeric,km,matched_with_denominator,calculated,calculated,Transgrid 2018-19 - Category Analysis - RIN Response - Consolidated - 31 October 2019 - PUBLIC D19-175594.XLSM.xlsx,2.8 Maintenance,53,Transgrid 2018-19 - Category Analysis - RIN Response - Consolidated - 31 October 2019 - PUBLIC D19-175594.XLSM.xlsx,2.8 Maintenance,15.0
transgrid,2018-19,substations_equipment_property_maintenance::substation_switchbays,2291589.81497789,numeric,3106949.03509366,numeric,5398538.850071549,numeric,AUD,nominal,2273.0,numeric,672.0,numeric,count,matched_with_denominator,calculated,calculated,Transgrid 2018-19 - Category Analysis - RIN Response - Consolidated - 31 October 2019 - PUBLIC D19-175594.XLSM.xlsx,2.8 Maintenance,54,Transgrid 2018-19 - Category Analysis - RIN Response - Consolidated - 31 October 2019 - PUBLIC D19-175594.XLSM.xlsx,2.8 Maintenance,16.0
transgrid,2018-19,substations_equipment_property_maintenance::substation_power_transformers,1355585.08240546,numeric,729491.981192129,numeric,2085077.063597589,numeric,AUD,nominal,218.0,numeric,210.0,numeric,count,matched_with_denominator,calculated,calculated,Transgrid 2018-19 - Category Analysis - RIN Response - Consolidated - 31 October 2019 - PUBLIC D19-175594.XLSM.xlsx,2.8 Maintenance,55,Transgrid 2018-19 - Category Analysis - RIN Response - Consolidated - 31 October 2019 - PUBLIC D19-175594.XLSM.xlsx,2.8 Maintenance,17.0
transgrid,2018-19,substations_equipment_property_maintenance::substation_property,2411056.21325687,numeric,6445688.08106201,numeric,8856744.294318879,numeric,AUD,nominal,94.0,numeric,94.0,numeric,count,matched_with_denominator,calculated,calculated,Transgrid 2018-19 - Category Analysis - RIN Response - Consolidated - 31 October 2019 - PUBLIC D19-175594.XLSM.xlsx,2.8 Maintenance,56,Transgrid 2018-19 - Category Analysis - RIN Response - Consolidated - 31 October 2019 - PUBLIC D19-175594.XLSM.xlsx,2.8 Maintenance,18.0
transgrid,2018-19,scada_network_control_maintenance::scada_network_control,56625.8462591599,numeric,354612.262380175,numeric,411238.1086393349,numeric,AUD,nominal,1887.0,numeric,160.0,numeric,count,matched_with_denominator,calculated,calculated,Transgrid 2018-19 - Category Analysis - RIN Response - Consolidated - 31 October 2019 - PUBLIC D19-175594.XLSM.xlsx,2.8 Maintenance,57,Transgrid 2018-19 - Category Analysis - RIN Response - Consolidated - 31 October 2019 - PUBLIC D19-175594.XLSM.xlsx,2.8 Maintenance,19.0
transgrid,2018-19,protection_systems_maintenance::protection_systems,633403.975845889,numeric,1009507.43181769,numeric,1642911.407663579,numeric,AUD,nominal,3125.0,numeric,1251.0,numeric,count,matched_with_denominator,calculated,calculated,Transgrid 2018-19 - Category Analysis - RIN Response - Consolidated - 31 October 2019 - PUBLIC D19-175594.XLSM.xlsx,2.8 Maintenance,58,Transgrid 2018-19 - Category Analysis - RIN Response - Consolidated - 31 October 2019 - PUBLIC D19-175594.XLSM.xlsx,2.8 Maintenance,20.0
transgrid,2018-19,other_maintenance_activity::metering,546802.826051476,numeric,250935.188744235,numeric,797738.0147957109,numeric,AUD,nominal,828.0,numeric,318.0,numeric,count,matched_with_denominator,calculated,calculated,Transgrid 2018-19 - Category Analysis - RIN Response - Consolidated - 31 October 2019 - PUBLIC D19-175594.XLSM.xlsx,2.8 Maintenance,59,Transgrid 2018-19 - Category Analysis - RIN Response - Consolidated - 31 October 2019 - PUBLIC D19-175594.XLSM.xlsx,2.8 Maintenance,21.0
transgrid,2018-19,other_maintenance_activity::communications,422078.79481913,numeric,3215328.28629985,numeric,3637407.08111898,numeric,AUD,nominal,1806.0,numeric,1257.0,numeric,count,matched_with_denominator,calculated,calculated,Transgrid 2018-19 - Category Analysis - RIN Response - Consolidated - 31 October 2019 - PUBLIC D19-175594.XLSM.xlsx,2.8 Maintenance,60,Transgrid 2018-19 - Category Analysis - RIN Response - Consolidated - 31 October 2019 - PUBLIC D19-175594.XLSM.xlsx,2.8 Maintenance,22.0
transgrid,2019-20,transmission_lines_maintenance::transmission_towers,7822629.0,numeric,5742999.0,numeric,13565628.0,numeric,AUD,nominal,37282.0,numeric,13784.0,numeric,count,matched_with_denominator,calculated,calculated,"TransGrid 2019-20 - Category Analysis - RIN Response - Consolidated - 30 October 2020 - PUBLIC (#11,665,158).xlsx",2.8 Maintenance,50,"TransGrid 2019-20 - Category Analysis - RIN Response - Consolidated - 30 October 2020 - PUBLIC (#11,665,158).xlsx",2.8 Maintenance,12.0
transgrid,2019-20,transmission_lines_maintenance::transmission_tower_support_structures,,blank,,blank,,blank,AUD,nominal,,blank,,blank,count,matched_without_denominator,missing_denominator,missing_denominator,"TransGrid 2019-20 - Category Analysis - RIN Response - Consolidated - 30 October 2020 - PUBLIC (#11,665,158).xlsx",2.8 Maintenance,51,"TransGrid 2019-20 - Category Analysis - RIN Response - Consolidated - 30 October 2020 - PUBLIC (#11,665,158).xlsx",2.8 Maintenance,13.0
transgrid,2019-20,transmission_lines_maintenance::conductors,256886.0,numeric,442186.0,numeric,699072.0,numeric,AUD,nominal,11262.39089,numeric,2050.748667,numeric,km,matched_with_denominator,calculated,calculated,"TransGrid 2019-20 - Category Analysis - RIN Response - Consolidated - 30 October 2020 - PUBLIC (#11,665,158).xlsx",2.8 Maintenance,52,"TransGrid 2019-20 - Category Analysis - RIN Response - Consolidated - 30 October 2020 - PUBLIC (#11,665,158).xlsx",2.8 Maintenance,14.0
transgrid,2019-20,transmission_lines_maintenance::transmission_cables,700597.0,numeric,349755.0,numeric,1050352.0,numeric,AUD,nominal,70.165,numeric,70.165,numeric,km,matched_with_denominator,calculated,calculated,"TransGrid 2019-20 - Category Analysis - RIN Response - Consolidated - 30 October 2020 - PUBLIC (#11,665,158).xlsx",2.8 Maintenance,53,"TransGrid 2019-20 - Category Analysis - RIN Response - Consolidated - 30 October 2020 - PUBLIC (#11,665,158).xlsx",2.8 Maintenance,15.0
transgrid,2019-20,substations_equipment_property_maintenance::substation_switchbays,2141113.0,numeric,2375999.0399311,numeric,4517112.0399311,numeric,AUD,nominal,2276.0,numeric,608.0,numeric,count,matched_with_denominator,calculated,calculated,"TransGrid 2019-20 - Category Analysis - RIN Response - Consolidated - 30 October 2020 - PUBLIC (#11,665,158).xlsx",2.8 Maintenance,54,"TransGrid 2019-20 - Category Analysis - RIN Response - Consolidated - 30 October 2020 - PUBLIC (#11,665,158).xlsx",2.8 Maintenance,16.0
transgrid,2019-20,substations_equipment_property_maintenance::substation_power_transformers,810521.0,numeric,517455.0,numeric,1327976.0,numeric,AUD,nominal,218.0,numeric,210.0,numeric,count,matched_with_denominator,calculated,calculated,"TransGrid 2019-20 - Category Analysis - RIN Response - Consolidated - 30 October 2020 - PUBLIC (#11,665,158).xlsx",2.8 Maintenance,55,"TransGrid 2019-20 - Category Analysis - RIN Response - Consolidated - 30 October 2020 - PUBLIC (#11,665,158).xlsx",2.8 Maintenance,17.0
transgrid,2019-20,substations_equipment_property_maintenance::substation_property,3251541.0,numeric,8476088.0,numeric,11727629.0,numeric,AUD,nominal,94.0,numeric,94.0,numeric,count,matched_with_denominator,calculated,calculated,"TransGrid 2019-20 - Category Analysis - RIN Response - Consolidated - 30 October 2020 - PUBLIC (#11,665,158).xlsx",2.8 Maintenance,56,"TransGrid 2019-20 - Category Analysis - RIN Response - Consolidated - 30 October 2020 - PUBLIC (#11,665,158).xlsx",2.8 Maintenance,18.0
transgrid,2019-20,scada_network_control_maintenance::scada_network_control,62913.0,numeric,662521.0,numeric,725434.0,numeric,AUD,nominal,1894.0,numeric,167.0,numeric,count,matched_with_denominator,calculated,calculated,"TransGrid 2019-20 - Category Analysis - RIN Response - Consolidated - 30 October 2020 - PUBLIC (#11,665,158).xlsx",2.8 Maintenance,57,"TransGrid 2019-20 - Category Analysis - RIN Response - Consolidated - 30 October 2020 - PUBLIC (#11,665,158).xlsx",2.8 Maintenance,19.0
transgrid,2019-20,protection_systems_maintenance::protection_systems,474680.0,numeric,617568.0,numeric,1092248.0,numeric,AUD,nominal,3148.0,numeric,778.0,numeric,count,matched_with_denominator,calculated,calculated,"TransGrid 2019-20 - Category Analysis - RIN Response - Consolidated - 30 October 2020 - PUBLIC (#11,665,158).xlsx",2.8 Maintenance,58,"TransGrid 2019-20 - Category Analysis - RIN Response - Consolidated - 30 October 2020 - PUBLIC (#11,665,158).xlsx",2.8 Maintenance,20.0
transgrid,2019-20,other_maintenance_activity::metering,496996.0,numeric,236808.0,numeric,733804.0,numeric,AUD,nominal,,,,,,no_descriptor_match,no_descriptor_match,no_descriptor_match,"TransGrid 2019-20 - Category Analysis - RIN Response - Consolidated - 30 October 2020 - PUBLIC (#11,665,158).xlsx",2.8 Maintenance,59,,,
transgrid,2019-20,other_maintenance_activity::communications,510652.0,numeric,2725499.0,numeric,3236151.0,numeric,AUD,nominal,1765.0,numeric,1035.0,numeric,count,matched_with_denominator,calculated,calculated,"TransGrid 2019-20 - Category Analysis - RIN Response - Consolidated - 30 October 2020 - PUBLIC (#11,665,158).xlsx",2.8 Maintenance,60,"TransGrid 2019-20 - Category Analysis - RIN Response - Consolidated - 30 October 2020 - PUBLIC (#11,665,158).xlsx",2.8 Maintenance,22.0
transgrid,2019-20,other_maintenance_activity::bushfire_remediation,,blank,8302044.0,numeric,,incomplete_components,AUD,nominal,,,,,,no_descriptor_match,no_descriptor_match,no_descriptor_match,"TransGrid 2019-20 - Category Analysis - RIN Response - Consolidated - 30 October 2020 - PUBLIC (#11,665,158).xlsx",2.8 Maintenance,61,,,
transgrid,2020-21,transmission_lines_maintenance::transmission_towers,5169028.0,numeric,5912289.0,numeric,11081317.0,numeric,AUD,nominal,37305.0,numeric,8340.0,numeric,count,matched_with_denominator,calculated,calculated,TransGrid 2020-21 - Category Analysis - RIN Response - Consolidated - 29 October 2021 - PUBLIC(13029988.1).xlsx,2.8 Maintenance,50,TransGrid 2020-21 - Category Analysis - RIN Response - Consolidated - 29 October 2021 - PUBLIC(13029988.1).xlsx,2.8 Maintenance,12.0
transgrid,2020-21,transmission_lines_maintenance::transmission_tower_support_structures,0.0,numeric,0.0,numeric,0.0,numeric,AUD,nominal,,blank,,blank,count,matched_without_denominator,missing_denominator,missing_denominator,TransGrid 2020-21 - Category Analysis - RIN Response - Consolidated - 29 October 2021 - PUBLIC(13029988.1).xlsx,2.8 Maintenance,51,TransGrid 2020-21 - Category Analysis - RIN Response - Consolidated - 29 October 2021 - PUBLIC(13029988.1).xlsx,2.8 Maintenance,13.0
transgrid,2020-21,transmission_lines_maintenance::conductors,505044.0,numeric,465658.0,numeric,970702.0,numeric,AUD,nominal,11241.0,numeric,9085.0,numeric,km,matched_with_denominator,calculated,calculated,TransGrid 2020-21 - Category Analysis - RIN Response - Consolidated - 29 October 2021 - PUBLIC(13029988.1).xlsx,2.8 Maintenance,52,TransGrid 2020-21 - Category Analysis - RIN Response - Consolidated - 29 October 2021 - PUBLIC(13029988.1).xlsx,2.8 Maintenance,14.0
transgrid,2020-21,transmission_lines_maintenance::transmission_cables,601551.0,numeric,351328.0,numeric,952879.0,numeric,AUD,nominal,70.165,numeric,70.165,numeric,km,matched_with_denominator,calculated,calculated,TransGrid 2020-21 - Category Analysis - RIN Response - Consolidated - 29 October 2021 - PUBLIC(13029988.1).xlsx,2.8 Maintenance,53,TransGrid 2020-21 - Category Analysis - RIN Response - Consolidated - 29 October 2021 - PUBLIC(13029988.1).xlsx,2.8 Maintenance,15.0
transgrid,2020-21,substations_equipment_property_maintenance::substation_switchbays,2102979.0,numeric,2746524.0,numeric,4849503.0,numeric,AUD,nominal,2282.0,numeric,581.0,numeric,count,matched_with_denominator,calculated,calculated,TransGrid 2020-21 - Category Analysis - RIN Response - Consolidated - 29 October 2021 - PUBLIC(13029988.1).xlsx,2.8 Maintenance,54,TransGrid 2020-21 - Category Analysis - RIN Response - Consolidated - 29 October 2021 - PUBLIC(13029988.1).xlsx,2.8 Maintenance,16.0
transgrid,2020-21,substations_equipment_property_maintenance::substation_power_transformers,1146164.0,numeric,606471.0,numeric,1752635.0,numeric,AUD,nominal,215.0,numeric,195.0,numeric,count,matched_with_denominator,calculated,calculated,TransGrid 2020-21 - Category Analysis - RIN Response - Consolidated - 29 October 2021 - PUBLIC(13029988.1).xlsx,2.8 Maintenance,55,TransGrid 2020-21 - Category Analysis - RIN Response - Consolidated - 29 October 2021 - PUBLIC(13029988.1).xlsx,2.8 Maintenance,17.0
transgrid,2020-21,substations_equipment_property_maintenance::substation_property,5218591.0,numeric,5672945.0,numeric,10891536.0,numeric,AUD,nominal,95.0,numeric,94.0,numeric,count,matched_with_denominator,calculated,calculated,TransGrid 2020-21 - Category Analysis - RIN Response - Consolidated - 29 October 2021 - PUBLIC(13029988.1).xlsx,2.8 Maintenance,56,TransGrid 2020-21 - Category Analysis - RIN Response - Consolidated - 29 October 2021 - PUBLIC(13029988.1).xlsx,2.8 Maintenance,18.0
transgrid,2020-21,scada_network_control_maintenance::scada_network_control,45777.0,numeric,567934.0,numeric,613711.0,numeric,AUD,nominal,1875.0,numeric,161.0,numeric,count,matched_with_denominator,calculated,calculated,TransGrid 2020-21 - Category Analysis - RIN Response - Consolidated - 29 October 2021 - PUBLIC(13029988.1).xlsx,2.8 Maintenance,57,TransGrid 2020-21 - Category Analysis - RIN Response - Consolidated - 29 October 2021 - PUBLIC(13029988.1).xlsx,2.8 Maintenance,19.0
transgrid,2020-21,protection_systems_maintenance::protection_systems,533046.0,numeric,520189.0,numeric,1053235.0,numeric,AUD,nominal,3158.0,numeric,640.0,numeric,count,matched_with_denominator,calculated,calculated,TransGrid 2020-21 - Category Analysis - RIN Response - Consolidated - 29 October 2021 - PUBLIC(13029988.1).xlsx,2.8 Maintenance,58,TransGrid 2020-21 - Category Analysis - RIN Response - Consolidated - 29 October 2021 - PUBLIC(13029988.1).xlsx,2.8 Maintenance,20.0
transgrid,2020-21,other_maintenance_activity::metering,300237.0,numeric,198491.0,numeric,498728.0,numeric,AUD,nominal,,,,,,no_descriptor_match,no_descriptor_match,no_descriptor_match,TransGrid 2020-21 - Category Analysis - RIN Response - Consolidated - 29 October 2021 - PUBLIC(13029988.1).xlsx,2.8 Maintenance,59,,,
transgrid,2020-21,other_maintenance_activity::communications,378559.0,numeric,2053836.0,numeric,2432395.0,numeric,AUD,nominal,1804.0,numeric,730.0,numeric,count,matched_with_denominator,calculated,calculated,TransGrid 2020-21 - Category Analysis - RIN Response - Consolidated - 29 October 2021 - PUBLIC(13029988.1).xlsx,2.8 Maintenance,60,TransGrid 2020-21 - Category Analysis - RIN Response - Consolidated - 29 October 2021 - PUBLIC(13029988.1).xlsx,2.8 Maintenance,22.0
transgrid,2020-21,other_maintenance_activity::bushfire_remediation,,blank,5298843.0,numeric,,incomplete_components,AUD,nominal,,,,,,no_descriptor_match,no_descriptor_match,no_descriptor_match,TransGrid 2020-21 - Category Analysis - RIN Response - Consolidated - 29 October 2021 - PUBLIC(13029988.1).xlsx,2.8 Maintenance,61,,,
transgrid,2021-22,transmission_lines_maintenance::transmission_towers,5564511.0,numeric,6996931.0,numeric,12561442.0,numeric,AUD,nominal,37315.0,numeric,12284.0,numeric,count,matched_with_denominator,calculated,calculated,Transgrid 2021-22 - Category Analysis - RIN Response - Consolidated - 31 October 2022 - PUBLIC(14550262.2).xlsx,2.8 Maintenance,50,Transgrid 2021-22 - Category Analysis - RIN Response - Consolidated - 31 October 2022 - PUBLIC(14550262.2).xlsx,2.8 Maintenance,12.0
transgrid,2021-22,transmission_lines_maintenance::transmission_tower_support_structures,0.0,numeric,0.0,numeric,0.0,numeric,AUD,nominal,,blank,,blank,count,matched_without_denominator,missing_denominator,missing_denominator,Transgrid 2021-22 - Category Analysis - RIN Response - Consolidated - 31 October 2022 - PUBLIC(14550262.2).xlsx,2.8 Maintenance,51,Transgrid 2021-22 - Category Analysis - RIN Response - Consolidated - 31 October 2022 - PUBLIC(14550262.2).xlsx,2.8 Maintenance,13.0
transgrid,2021-22,transmission_lines_maintenance::conductors,22226.0,numeric,570597.0,numeric,592823.0,numeric,AUD,nominal,11239.31,numeric,86.154,numeric,km,matched_with_denominator,calculated,calculated,Transgrid 2021-22 - Category Analysis - RIN Response - Consolidated - 31 October 2022 - PUBLIC(14550262.2).xlsx,2.8 Maintenance,52,Transgrid 2021-22 - Category Analysis - RIN Response - Consolidated - 31 October 2022 - PUBLIC(14550262.2).xlsx,2.8 Maintenance,14.0
transgrid,2021-22,transmission_lines_maintenance::transmission_cables,611848.0,numeric,195010.0,numeric,806858.0,numeric,AUD,nominal,90.785,numeric,90.785,numeric,km,matched_with_denominator,calculated,calculated,Transgrid 2021-22 - Category Analysis - RIN Response - Consolidated - 31 October 2022 - PUBLIC(14550262.2).xlsx,2.8 Maintenance,53,Transgrid 2021-22 - Category Analysis - RIN Response - Consolidated - 31 October 2022 - PUBLIC(14550262.2).xlsx,2.8 Maintenance,15.0
transgrid,2021-22,substations_equipment_property_maintenance::substation_switchbays,1679852.0,numeric,2193306.0,numeric,3873158.0,numeric,AUD,nominal,2325.0,numeric,494.0,numeric,count,matched_with_denominator,calculated,calculated,Transgrid 2021-22 - Category Analysis - RIN Response - Consolidated - 31 October 2022 - PUBLIC(14550262.2).xlsx,2.8 Maintenance,54,Transgrid 2021-22 - Category Analysis - RIN Response - Consolidated - 31 October 2022 - PUBLIC(14550262.2).xlsx,2.8 Maintenance,16.0
transgrid,2021-22,substations_equipment_property_maintenance::substation_power_transformers,830413.0,numeric,1103429.0,numeric,1933842.0,numeric,AUD,nominal,208.0,numeric,192.0,numeric,count,matched_with_denominator,calculated,calculated,Transgrid 2021-22 - Category Analysis - RIN Response - Consolidated - 31 October 2022 - PUBLIC(14550262.2).xlsx,2.8 Maintenance,55,Transgrid 2021-22 - Category Analysis - RIN Response - Consolidated - 31 October 2022 - PUBLIC(14550262.2).xlsx,2.8 Maintenance,17.0
transgrid,2021-22,substations_equipment_property_maintenance::substation_property,4824330.0,numeric,3296517.0,numeric,8120847.0,numeric,AUD,nominal,95.0,numeric,94.0,numeric,count,matched_with_denominator,calculated,calculated,Transgrid 2021-22 - Category Analysis - RIN Response - Consolidated - 31 October 2022 - PUBLIC(14550262.2).xlsx,2.8 Maintenance,56,Transgrid 2021-22 - Category Analysis - RIN Response - Consolidated - 31 October 2022 - PUBLIC(14550262.2).xlsx,2.8 Maintenance,18.0
transgrid,2021-22,scada_network_control_maintenance::scada_network_control,21459.0,numeric,439223.0,numeric,460682.0,numeric,AUD,nominal,1883.0,numeric,222.0,numeric,count,matched_with_denominator,calculated,calculated,Transgrid 2021-22 - Category Analysis - RIN Response - Consolidated - 31 October 2022 - PUBLIC(14550262.2).xlsx,2.8 Maintenance,57,Transgrid 2021-22 - Category Analysis - RIN Response - Consolidated - 31 October 2022 - PUBLIC(14550262.2).xlsx,2.8 Maintenance,19.0
transgrid,2021-22,protection_systems_maintenance::protection_systems,611785.0,numeric,962213.0,numeric,1573998.0,numeric,AUD,nominal,3227.0,numeric,767.0,numeric,count,matched_with_denominator,calculated,calculated,Transgrid 2021-22 - Category Analysis - RIN Response - Consolidated - 31 October 2022 - PUBLIC(14550262.2).xlsx,2.8 Maintenance,58,Transgrid 2021-22 - Category Analysis - RIN Response - Consolidated - 31 October 2022 - PUBLIC(14550262.2).xlsx,2.8 Maintenance,20.0
transgrid,2021-22,other_maintenance_activity::metering,748369.0,numeric,103307.0,numeric,851676.0,numeric,AUD,nominal,839.0,numeric,622.0,numeric,count,matched_with_denominator,calculated,calculated,Transgrid 2021-22 - Category Analysis - RIN Response - Consolidated - 31 October 2022 - PUBLIC(14550262.2).xlsx,2.8 Maintenance,59,Transgrid 2021-22 - Category Analysis - RIN Response - Consolidated - 31 October 2022 - PUBLIC(14550262.2).xlsx,2.8 Maintenance,21.0
transgrid,2021-22,other_maintenance_activity::communications,253942.0,numeric,1190259.0,numeric,1444201.0,numeric,AUD,nominal,1779.0,numeric,820.0,numeric,count,matched_with_denominator,calculated,calculated,Transgrid 2021-22 - Category Analysis - RIN Response - Consolidated - 31 October 2022 - PUBLIC(14550262.2).xlsx,2.8 Maintenance,60,Transgrid 2021-22 - Category Analysis - RIN Response - Consolidated - 31 October 2022 - PUBLIC(14550262.2).xlsx,2.8 Maintenance,22.0
transgrid,2021-22,other_maintenance_activity::bushfire_remediation,0.0,numeric,12022982.0,numeric,12022982.0,numeric,AUD,nominal,,blank,,blank,count,matched_without_denominator,missing_denominator,missing_denominator,Transgrid 2021-22 - Category Analysis - RIN Response - Consolidated - 31 October 2022 - PUBLIC(14550262.2).xlsx,2.8 Maintenance,61,Transgrid 2021-22 - Category Analysis - RIN Response - Consolidated - 31 October 2022 - PUBLIC(14550262.2).xlsx,2.8 Maintenance,23.0
transgrid,2022-23,transmission_lines_maintenance::transmission_towers,5452948.0,numeric,8181433.0,numeric,13634381.0,numeric,AUD,nominal,37308.0,numeric,9499.0,numeric,count,matched_with_denominator,calculated,calculated,Transgrid 2022-23 - Category analysis - RIN response - Consolidated - 31 October 2023 - PUBLIC(15993699.2).xlsx,2.8 Maintenance,51,Transgrid 2022-23 - Category analysis - RIN response - Consolidated - 31 October 2023 - PUBLIC(15993699.2).xlsx,2.8 Maintenance,13.0
transgrid,2022-23,transmission_lines_maintenance::transmission_tower_support_structures,,blank,,blank,,blank,AUD,nominal,,blank,,blank,count,matched_without_denominator,missing_denominator,missing_denominator,Transgrid 2022-23 - Category analysis - RIN response - Consolidated - 31 October 2023 - PUBLIC(15993699.2).xlsx,2.8 Maintenance,52,Transgrid 2022-23 - Category analysis - RIN response - Consolidated - 31 October 2023 - PUBLIC(15993699.2).xlsx,2.8 Maintenance,14.0
transgrid,2022-23,transmission_lines_maintenance::conductors,471823.0,numeric,603304.0,numeric,1075127.0,numeric,AUD,nominal,11233.24,numeric,3587.0,numeric,km,matched_with_denominator,calculated,calculated,Transgrid 2022-23 - Category analysis - RIN response - Consolidated - 31 October 2023 - PUBLIC(15993699.2).xlsx,2.8 Maintenance,53,Transgrid 2022-23 - Category analysis - RIN response - Consolidated - 31 October 2023 - PUBLIC(15993699.2).xlsx,2.8 Maintenance,15.0
transgrid,2022-23,transmission_lines_maintenance::transmission_cables,734356.0,numeric,418379.0,numeric,1152735.0,numeric,AUD,nominal,90.785,numeric,90.785,numeric,km,matched_with_denominator,calculated,calculated,Transgrid 2022-23 - Category analysis - RIN response - Consolidated - 31 October 2023 - PUBLIC(15993699.2).xlsx,2.8 Maintenance,54,Transgrid 2022-23 - Category analysis - RIN response - Consolidated - 31 October 2023 - PUBLIC(15993699.2).xlsx,2.8 Maintenance,16.0
transgrid,2022-23,substations_equipment_property_maintenance::substation_switchbays,1454533.0,numeric,2611448.0,numeric,4065981.0,numeric,AUD,nominal,2341.0,numeric,516.0,numeric,count,matched_with_denominator,calculated,calculated,Transgrid 2022-23 - Category analysis - RIN response - Consolidated - 31 October 2023 - PUBLIC(15993699.2).xlsx,2.8 Maintenance,55,Transgrid 2022-23 - Category analysis - RIN response - Consolidated - 31 October 2023 - PUBLIC(15993699.2).xlsx,2.8 Maintenance,17.0
transgrid,2022-23,substations_equipment_property_maintenance::substation_power_transformers,1560406.0,numeric,1464114.0,numeric,3024520.0,numeric,AUD,nominal,215.0,numeric,202.0,numeric,count,matched_with_denominator,calculated,calculated,Transgrid 2022-23 - Category analysis - RIN response - Consolidated - 31 October 2023 - PUBLIC(15993699.2).xlsx,2.8 Maintenance,56,Transgrid 2022-23 - Category analysis - RIN response - Consolidated - 31 October 2023 - PUBLIC(15993699.2).xlsx,2.8 Maintenance,18.0
transgrid,2022-23,substations_equipment_property_maintenance::substation_property,6165173.0,numeric,7152146.0,numeric,13317319.0,numeric,AUD,nominal,96.0,numeric,96.0,numeric,count,matched_with_denominator,calculated,calculated,Transgrid 2022-23 - Category analysis - RIN response - Consolidated - 31 October 2023 - PUBLIC(15993699.2).xlsx,2.8 Maintenance,57,Transgrid 2022-23 - Category analysis - RIN response - Consolidated - 31 October 2023 - PUBLIC(15993699.2).xlsx,2.8 Maintenance,19.0
transgrid,2022-23,scada_network_control_maintenance::scada_network_control,32712.0,numeric,510468.0,numeric,543180.0,numeric,AUD,nominal,1977.0,numeric,173.0,numeric,count,matched_with_denominator,calculated,calculated,Transgrid 2022-23 - Category analysis - RIN response - Consolidated - 31 October 2023 - PUBLIC(15993699.2).xlsx,2.8 Maintenance,58,Transgrid 2022-23 - Category analysis - RIN response - Consolidated - 31 October 2023 - PUBLIC(15993699.2).xlsx,2.8 Maintenance,20.0
transgrid,2022-23,protection_systems_maintenance::protection_systems,1150739.0,numeric,617753.0,numeric,1768492.0,numeric,AUD,nominal,3240.0,numeric,1021.0,numeric,count,matched_with_denominator,calculated,calculated,Transgrid 2022-23 - Category analysis - RIN response - Consolidated - 31 October 2023 - PUBLIC(15993699.2).xlsx,2.8 Maintenance,59,Transgrid 2022-23 - Category analysis - RIN response - Consolidated - 31 October 2023 - PUBLIC(15993699.2).xlsx,2.8 Maintenance,21.0
transgrid,2022-23,other_maintenance_activity::metering,499217.0,numeric,220259.0,numeric,719476.0,numeric,AUD,nominal,855.0,numeric,540.0,numeric,count,matched_with_denominator,calculated,calculated,Transgrid 2022-23 - Category analysis - RIN response - Consolidated - 31 October 2023 - PUBLIC(15993699.2).xlsx,2.8 Maintenance,60,Transgrid 2022-23 - Category analysis - RIN response - Consolidated - 31 October 2023 - PUBLIC(15993699.2).xlsx,2.8 Maintenance,22.0
transgrid,2022-23,other_maintenance_activity::communications,400286.0,numeric,1439324.0,numeric,1839610.0,numeric,AUD,nominal,1787.0,numeric,981.0,numeric,count,matched_with_denominator,calculated,calculated,Transgrid 2022-23 - Category analysis - RIN response - Consolidated - 31 October 2023 - PUBLIC(15993699.2).xlsx,2.8 Maintenance,61,Transgrid 2022-23 - Category analysis - RIN response - Consolidated - 31 October 2023 - PUBLIC(15993699.2).xlsx,2.8 Maintenance,23.0
transgrid,2022-23,other_maintenance_activity::bushfire_remediation,,blank,18157008.0,numeric,,incomplete_components,AUD,nominal,,,,,,no_descriptor_match,no_descriptor_match,no_descriptor_match,Transgrid 2022-23 - Category analysis - RIN response - Consolidated - 31 October 2023 - PUBLIC(15993699.2).xlsx,2.8 Maintenance,62,,,
transgrid,2023-24,transmission_lines_maintenance::transmission_towers,4904687.0,numeric,8339590.0,numeric,13244277.0,numeric,AUD,nominal,37310.0,numeric,11506.0,numeric,count,matched_with_denominator,calculated,calculated,Transgrid 2023-24 - Category Analysis - RIN Response - Consolidated - 31 October 2024 - PUBLIC(17496053.2).xlsx,2.8 Maintenance,51,Transgrid 2023-24 - Category Analysis - RIN Response - Consolidated - 31 October 2024 - PUBLIC(17496053.2).xlsx,2.8 Maintenance,13.0
transgrid,2023-24,transmission_lines_maintenance::transmission_tower_support_structures,,blank,,blank,,blank,AUD,nominal,,blank,,blank,count,matched_without_denominator,missing_denominator,missing_denominator,Transgrid 2023-24 - Category Analysis - RIN Response - Consolidated - 31 October 2024 - PUBLIC(17496053.2).xlsx,2.8 Maintenance,52,Transgrid 2023-24 - Category Analysis - RIN Response - Consolidated - 31 October 2024 - PUBLIC(17496053.2).xlsx,2.8 Maintenance,14.0
transgrid,2023-24,transmission_lines_maintenance::conductors,30327.0,numeric,697621.0,numeric,727948.0,numeric,AUD,nominal,11230.22,numeric,40.6,numeric,km,matched_with_denominator,calculated,calculated,Transgrid 2023-24 - Category Analysis - RIN Response - Consolidated - 31 October 2024 - PUBLIC(17496053.2).xlsx,2.8 Maintenance,53,Transgrid 2023-24 - Category Analysis - RIN Response - Consolidated - 31 October 2024 - PUBLIC(17496053.2).xlsx,2.8 Maintenance,15.0
transgrid,2023-24,transmission_lines_maintenance::transmission_cables,673999.0,numeric,221566.0,numeric,895565.0,numeric,AUD,nominal,90.785,numeric,90.785,numeric,km,matched_with_denominator,calculated,calculated,Transgrid 2023-24 - Category Analysis - RIN Response - Consolidated - 31 October 2024 - PUBLIC(17496053.2).xlsx,2.8 Maintenance,54,Transgrid 2023-24 - Category Analysis - RIN Response - Consolidated - 31 October 2024 - PUBLIC(17496053.2).xlsx,2.8 Maintenance,16.0
transgrid,2023-24,substations_equipment_property_maintenance::substation_switchbays,1443408.0,numeric,2857558.0,numeric,4300966.0,numeric,AUD,nominal,2350.0,numeric,252.0,numeric,count,matched_with_denominator,calculated,calculated,Transgrid 2023-24 - Category Analysis - RIN Response - Consolidated - 31 October 2024 - PUBLIC(17496053.2).xlsx,2.8 Maintenance,55,Transgrid 2023-24 - Category Analysis - RIN Response - Consolidated - 31 October 2024 - PUBLIC(17496053.2).xlsx,2.8 Maintenance,17.0
transgrid,2023-24,substations_equipment_property_maintenance::substation_power_transformers,1740202.0,numeric,1731508.0,numeric,3471710.0,numeric,AUD,nominal,215.0,numeric,206.0,numeric,count,matched_with_denominator,calculated,calculated,Transgrid 2023-24 - Category Analysis - RIN Response - Consolidated - 31 October 2024 - PUBLIC(17496053.2).xlsx,2.8 Maintenance,56,Transgrid 2023-24 - Category Analysis - RIN Response - Consolidated - 31 October 2024 - PUBLIC(17496053.2).xlsx,2.8 Maintenance,18.0
transgrid,2023-24,substations_equipment_property_maintenance::substation_property,6745046.0,numeric,4178675.0,numeric,10923721.0,numeric,AUD,nominal,96.0,numeric,95.0,numeric,count,matched_with_denominator,calculated,calculated,Transgrid 2023-24 - Category Analysis - RIN Response - Consolidated - 31 October 2024 - PUBLIC(17496053.2).xlsx,2.8 Maintenance,57,Transgrid 2023-24 - Category Analysis - RIN Response - Consolidated - 31 October 2024 - PUBLIC(17496053.2).xlsx,2.8 Maintenance,19.0
transgrid,2023-24,scada_network_control_maintenance::scada_network_control,244307.0,numeric,734891.0,numeric,979198.0,numeric,AUD,nominal,2046.0,numeric,196.0,numeric,count,matched_with_denominator,calculated,calculated,Transgrid 2023-24 - Category Analysis - RIN Response - Consolidated - 31 October 2024 - PUBLIC(17496053.2).xlsx,2.8 Maintenance,58,Transgrid 2023-24 - Category Analysis - RIN Response - Consolidated - 31 October 2024 - PUBLIC(17496053.2).xlsx,2.8 Maintenance,20.0
transgrid,2023-24,protection_systems_maintenance::protection_systems,981666.0,numeric,872758.0,numeric,1854424.0,numeric,AUD,nominal,3286.0,numeric,893.0,numeric,count,matched_with_denominator,calculated,calculated,Transgrid 2023-24 - Category Analysis - RIN Response - Consolidated - 31 October 2024 - PUBLIC(17496053.2).xlsx,2.8 Maintenance,59,Transgrid 2023-24 - Category Analysis - RIN Response - Consolidated - 31 October 2024 - PUBLIC(17496053.2).xlsx,2.8 Maintenance,21.0
transgrid,2023-24,other_maintenance_activity::metering,532963.0,numeric,224549.0,numeric,757512.0,numeric,AUD,nominal,838.0,numeric,639.0,numeric,count,matched_with_denominator,calculated,calculated,Transgrid 2023-24 - Category Analysis - RIN Response - Consolidated - 31 October 2024 - PUBLIC(17496053.2).xlsx,2.8 Maintenance,60,Transgrid 2023-24 - Category Analysis - RIN Response - Consolidated - 31 October 2024 - PUBLIC(17496053.2).xlsx,2.8 Maintenance,22.0
transgrid,2023-24,other_maintenance_activity::communications,345441.0,numeric,1626967.0,numeric,1972408.0,numeric,AUD,nominal,1790.0,numeric,974.0,numeric,count,matched_with_denominator,calculated,calculated,Transgrid 2023-24 - Category Analysis - RIN Response - Consolidated - 31 October 2024 - PUBLIC(17496053.2).xlsx,2.8 Maintenance,61,Transgrid 2023-24 - Category Analysis - RIN Response - Consolidated - 31 October 2024 - PUBLIC(17496053.2).xlsx,2.8 Maintenance,23.0
