reporting_period,maintenance_activity,maintenance_asset_subcategory,source_currency_unit,routine_maintenance_expenditure,non_routine_maintenance_expenditure,source_workbook,source_sheet,source_row,business,landing_page_url,source_page_url,metadata_match_status,maintenance_activity_resolved,activity_resolution_status,activity_anchor_source_row,row_classification,analytic_row_eligible,maintenance_activity_standard_id,maintenance_activity_standard,maintenance_asset_standard_id,maintenance_asset_standard,activity_mapping_status,asset_mapping_status,currency_standard,price_basis,currency_scale_factor,currency_unit_status,routine_maintenance_expenditure_standard,routine_maintenance_expenditure_status,non_routine_maintenance_expenditure_standard,non_routine_maintenance_expenditure_status,total_maintenance_expenditure_standard,total_maintenance_expenditure_status
2019-20,Transmission lines maintenance,Transmission towers,$0's,1090083.3939484735,879892.3296314386,AusNet (T) 2019-20 - Category Analysis - RIN Response - Consolidated - 28 July 2020 - PUBLIC(11429287.3).xlsx,2.8 Maintenance,50,AusNet Transmission,https://www.aer.gov.au/documents/ausnet-services-transmission-2019-20-category-analysis-rin-templates,https://www.aer.gov.au/search?search=AusNet+Transmission+2019%E2%80%9320&sort_by=relevance,validated_manifest_match,Transmission lines maintenance,submitted,50,meaningful,True,transmission_lines_maintenance,Transmission lines maintenance,transmission_towers,Transmission towers,mapped,mapped,AUD,nominal,1.0,standardized_source_unit,1090083.3939484735,numeric,879892.3296314386,numeric,1969975.723579912,numeric
2019-20,Transmission lines maintenance,Transmission tower support structures,$0's,171111.46188830375,108906.98127797247,AusNet (T) 2019-20 - Category Analysis - RIN Response - Consolidated - 28 July 2020 - PUBLIC(11429287.3).xlsx,2.8 Maintenance,51,AusNet Transmission,https://www.aer.gov.au/documents/ausnet-services-transmission-2019-20-category-analysis-rin-templates,https://www.aer.gov.au/search?search=AusNet+Transmission+2019%E2%80%9320&sort_by=relevance,validated_manifest_match,Transmission lines maintenance,submitted,51,meaningful,True,transmission_lines_maintenance,Transmission lines maintenance,transmission_tower_support_structures,Transmission tower support structures,mapped,mapped,AUD,nominal,1.0,standardized_source_unit,171111.46188830375,numeric,108906.98127797247,numeric,280018.4431662762,numeric
2019-20,Transmission lines maintenance,Conductors,$0's,950695.1511238446,467343.6657087683,AusNet (T) 2019-20 - Category Analysis - RIN Response - Consolidated - 28 July 2020 - PUBLIC(11429287.3).xlsx,2.8 Maintenance,52,AusNet Transmission,https://www.aer.gov.au/documents/ausnet-services-transmission-2019-20-category-analysis-rin-templates,https://www.aer.gov.au/search?search=AusNet+Transmission+2019%E2%80%9320&sort_by=relevance,validated_manifest_match,Transmission lines maintenance,submitted,52,meaningful,True,transmission_lines_maintenance,Transmission lines maintenance,conductors,Conductors,mapped,mapped,AUD,nominal,1.0,standardized_source_unit,950695.1511238446,numeric,467343.6657087683,numeric,1418038.8168326127,numeric
2019-20,Transmission lines maintenance,Transmission cables,$0's,123058.45782732213,24838.361656799232,AusNet (T) 2019-20 - Category Analysis - RIN Response - Consolidated - 28 July 2020 - PUBLIC(11429287.3).xlsx,2.8 Maintenance,53,AusNet Transmission,https://www.aer.gov.au/documents/ausnet-services-transmission-2019-20-category-analysis-rin-templates,https://www.aer.gov.au/search?search=AusNet+Transmission+2019%E2%80%9320&sort_by=relevance,validated_manifest_match,Transmission lines maintenance,submitted,53,meaningful,True,transmission_lines_maintenance,Transmission lines maintenance,transmission_cables,Transmission cables,mapped,mapped,AUD,nominal,1.0,standardized_source_unit,123058.45782732213,numeric,24838.361656799232,numeric,147896.81948412137,numeric
2019-20,Substations equipment & property maintenance,Substation switchbays (incl. Reactive plant),$0's,3323640.3497046656,1442763.4969652786,AusNet (T) 2019-20 - Category Analysis - RIN Response - Consolidated - 28 July 2020 - PUBLIC(11429287.3).xlsx,2.8 Maintenance,54,AusNet Transmission,https://www.aer.gov.au/documents/ausnet-services-transmission-2019-20-category-analysis-rin-templates,https://www.aer.gov.au/search?search=AusNet+Transmission+2019%E2%80%9320&sort_by=relevance,validated_manifest_match,Substations equipment & property maintenance,submitted,54,meaningful,True,substations_equipment_property_maintenance,Substations equipment & property maintenance,substation_switchbays,Substation switchbays (incl. Reactive plant),mapped,mapped,AUD,nominal,1.0,standardized_source_unit,3323640.3497046656,numeric,1442763.4969652786,numeric,4766403.846669944,numeric
2019-20,Substations equipment & property maintenance,Substation power transformers,$0's,1895242.4356921536,2780588.9873634623,AusNet (T) 2019-20 - Category Analysis - RIN Response - Consolidated - 28 July 2020 - PUBLIC(11429287.3).xlsx,2.8 Maintenance,55,AusNet Transmission,https://www.aer.gov.au/documents/ausnet-services-transmission-2019-20-category-analysis-rin-templates,https://www.aer.gov.au/search?search=AusNet+Transmission+2019%E2%80%9320&sort_by=relevance,validated_manifest_match,Substations equipment & property maintenance,submitted,55,meaningful,True,substations_equipment_property_maintenance,Substations equipment & property maintenance,substation_power_transformers,Substation power transformers,mapped,mapped,AUD,nominal,1.0,standardized_source_unit,1895242.4356921536,numeric,2780588.9873634623,numeric,4675831.423055616,numeric
2019-20,Substations equipment & property maintenance,Substation property,$0's,1219191.6282079946,1304413.8841710165,AusNet (T) 2019-20 - Category Analysis - RIN Response - Consolidated - 28 July 2020 - PUBLIC(11429287.3).xlsx,2.8 Maintenance,56,AusNet Transmission,https://www.aer.gov.au/documents/ausnet-services-transmission-2019-20-category-analysis-rin-templates,https://www.aer.gov.au/search?search=AusNet+Transmission+2019%E2%80%9320&sort_by=relevance,validated_manifest_match,Substations equipment & property maintenance,submitted,56,meaningful,True,substations_equipment_property_maintenance,Substations equipment & property maintenance,substation_property,Substation property,mapped,mapped,AUD,nominal,1.0,standardized_source_unit,1219191.6282079946,numeric,1304413.8841710165,numeric,2523605.512379011,numeric
2019-20,SCADA & network control maintenance,SCADA & network control maintenance,$0's,807662.7171930161,435284.9557497263,AusNet (T) 2019-20 - Category Analysis - RIN Response - Consolidated - 28 July 2020 - PUBLIC(11429287.3).xlsx,2.8 Maintenance,57,AusNet Transmission,https://www.aer.gov.au/documents/ausnet-services-transmission-2019-20-category-analysis-rin-templates,https://www.aer.gov.au/search?search=AusNet+Transmission+2019%E2%80%9320&sort_by=relevance,validated_manifest_match,SCADA & network control maintenance,submitted,57,meaningful,True,scada_network_control_maintenance,SCADA & network control maintenance,scada_network_control,SCADA & network control maintenance,mapped,mapped,AUD,nominal,1.0,standardized_source_unit,807662.7171930161,numeric,435284.9557497263,numeric,1242947.6729427422,numeric
2019-20,Protection systems maintenance,Protection systems maintenance,$0's,928996.7594142298,727385.8974755328,AusNet (T) 2019-20 - Category Analysis - RIN Response - Consolidated - 28 July 2020 - PUBLIC(11429287.3).xlsx,2.8 Maintenance,58,AusNet Transmission,https://www.aer.gov.au/documents/ausnet-services-transmission-2019-20-category-analysis-rin-templates,https://www.aer.gov.au/search?search=AusNet+Transmission+2019%E2%80%9320&sort_by=relevance,validated_manifest_match,Protection systems maintenance,submitted,58,meaningful,True,protection_systems_maintenance,Protection systems maintenance,protection_systems,Protection systems maintenance,mapped,mapped,AUD,nominal,1.0,standardized_source_unit,928996.7594142298,numeric,727385.8974755328,numeric,1656382.6568897627,numeric
2019-20,Other maintenance activity ,,$0's,,,AusNet (T) 2019-20 - Category Analysis - RIN Response - Consolidated - 28 July 2020 - PUBLIC(11429287.3).xlsx,2.8 Maintenance,59,AusNet Transmission,https://www.aer.gov.au/documents/ausnet-services-transmission-2019-20-category-analysis-rin-templates,https://www.aer.gov.au/search?search=AusNet+Transmission+2019%E2%80%9320&sort_by=relevance,validated_manifest_match,Other maintenance activity ,submitted,59,empty_template_row,False,,,,,not_applicable,not_applicable,,,,not_applicable,,blank,,blank,,blank
2020-21,Transmission lines maintenance,Transmission towers,$0's,805691.2766917964,938109.7639208642,AusNet (T) 2020-21 - Category Analysis - RIN Response - Consolidated - 29 July 2021 - PU(12595757.1).xlsx,2.8 Maintenance,50,AusNet Transmission,https://www.aer.gov.au/documents/ausnet-services-transmission-2020-21-category-analysis-rin-templates,https://www.aer.gov.au/authors/ausnet-services-t?page=4,validated_manifest_match,Transmission lines maintenance,submitted,50,meaningful,True,transmission_lines_maintenance,Transmission lines maintenance,transmission_towers,Transmission towers,mapped,mapped,AUD,nominal,1.0,standardized_source_unit,805691.2766917964,numeric,938109.7639208642,numeric,1743801.0406126606,numeric
2020-21,Transmission lines maintenance,Transmission tower support structures,$0's,249660.1924483811,104794.97872496456,AusNet (T) 2020-21 - Category Analysis - RIN Response - Consolidated - 29 July 2021 - PU(12595757.1).xlsx,2.8 Maintenance,51,AusNet Transmission,https://www.aer.gov.au/documents/ausnet-services-transmission-2020-21-category-analysis-rin-templates,https://www.aer.gov.au/authors/ausnet-services-t?page=4,validated_manifest_match,Transmission lines maintenance,submitted,51,meaningful,True,transmission_lines_maintenance,Transmission lines maintenance,transmission_tower_support_structures,Transmission tower support structures,mapped,mapped,AUD,nominal,1.0,standardized_source_unit,249660.1924483811,numeric,104794.97872496456,numeric,354455.17117334565,numeric
2020-21,Transmission lines maintenance,Conductors,$0's,1301577.8191408718,126928.4625234925,AusNet (T) 2020-21 - Category Analysis - RIN Response - Consolidated - 29 July 2021 - PU(12595757.1).xlsx,2.8 Maintenance,52,AusNet Transmission,https://www.aer.gov.au/documents/ausnet-services-transmission-2020-21-category-analysis-rin-templates,https://www.aer.gov.au/authors/ausnet-services-t?page=4,validated_manifest_match,Transmission lines maintenance,submitted,52,meaningful,True,transmission_lines_maintenance,Transmission lines maintenance,conductors,Conductors,mapped,mapped,AUD,nominal,1.0,standardized_source_unit,1301577.8191408718,numeric,126928.4625234925,numeric,1428506.2816643643,numeric
2020-21,Transmission lines maintenance,Transmission cables,$0's,7727.256762510452,35359.77096944002,AusNet (T) 2020-21 - Category Analysis - RIN Response - Consolidated - 29 July 2021 - PU(12595757.1).xlsx,2.8 Maintenance,53,AusNet Transmission,https://www.aer.gov.au/documents/ausnet-services-transmission-2020-21-category-analysis-rin-templates,https://www.aer.gov.au/authors/ausnet-services-t?page=4,validated_manifest_match,Transmission lines maintenance,submitted,53,meaningful,True,transmission_lines_maintenance,Transmission lines maintenance,transmission_cables,Transmission cables,mapped,mapped,AUD,nominal,1.0,standardized_source_unit,7727.256762510452,numeric,35359.77096944002,numeric,43087.02773195047,numeric
2020-21,Substations equipment & property maintenance,Substation switchbays (incl. Reactive plant),$0's,2718726.328680422,2782992.6607578387,AusNet (T) 2020-21 - Category Analysis - RIN Response - Consolidated - 29 July 2021 - PU(12595757.1).xlsx,2.8 Maintenance,54,AusNet Transmission,https://www.aer.gov.au/documents/ausnet-services-transmission-2020-21-category-analysis-rin-templates,https://www.aer.gov.au/authors/ausnet-services-t?page=4,validated_manifest_match,Substations equipment & property maintenance,submitted,54,meaningful,True,substations_equipment_property_maintenance,Substations equipment & property maintenance,substation_switchbays,Substation switchbays (incl. Reactive plant),mapped,mapped,AUD,nominal,1.0,standardized_source_unit,2718726.328680422,numeric,2782992.6607578387,numeric,5501718.989438261,numeric
2020-21,Substations equipment & property maintenance,Substation power transformers,$0's,1804333.001472167,2396225.946977211,AusNet (T) 2020-21 - Category Analysis - RIN Response - Consolidated - 29 July 2021 - PU(12595757.1).xlsx,2.8 Maintenance,55,AusNet Transmission,https://www.aer.gov.au/documents/ausnet-services-transmission-2020-21-category-analysis-rin-templates,https://www.aer.gov.au/authors/ausnet-services-t?page=4,validated_manifest_match,Substations equipment & property maintenance,submitted,55,meaningful,True,substations_equipment_property_maintenance,Substations equipment & property maintenance,substation_power_transformers,Substation power transformers,mapped,mapped,AUD,nominal,1.0,standardized_source_unit,1804333.001472167,numeric,2396225.946977211,numeric,4200558.948449378,numeric
2020-21,Substations equipment & property maintenance,Substation property,$0's,373523.9204519498,2917832.530940347,AusNet (T) 2020-21 - Category Analysis - RIN Response - Consolidated - 29 July 2021 - PU(12595757.1).xlsx,2.8 Maintenance,56,AusNet Transmission,https://www.aer.gov.au/documents/ausnet-services-transmission-2020-21-category-analysis-rin-templates,https://www.aer.gov.au/authors/ausnet-services-t?page=4,validated_manifest_match,Substations equipment & property maintenance,submitted,56,meaningful,True,substations_equipment_property_maintenance,Substations equipment & property maintenance,substation_property,Substation property,mapped,mapped,AUD,nominal,1.0,standardized_source_unit,373523.9204519498,numeric,2917832.530940347,numeric,3291356.4513922967,numeric
2020-21,SCADA & network control maintenance,SCADA & network control maintenance,$0's,494177.9992198432,602762.492704215,AusNet (T) 2020-21 - Category Analysis - RIN Response - Consolidated - 29 July 2021 - PU(12595757.1).xlsx,2.8 Maintenance,57,AusNet Transmission,https://www.aer.gov.au/documents/ausnet-services-transmission-2020-21-category-analysis-rin-templates,https://www.aer.gov.au/authors/ausnet-services-t?page=4,validated_manifest_match,SCADA & network control maintenance,submitted,57,meaningful,True,scada_network_control_maintenance,SCADA & network control maintenance,scada_network_control,SCADA & network control maintenance,mapped,mapped,AUD,nominal,1.0,standardized_source_unit,494177.9992198432,numeric,602762.492704215,numeric,1096940.4919240582,numeric
2020-21,Protection systems maintenance,Protection systems maintenance,$0's,610452.9461243512,1055964.482481628,AusNet (T) 2020-21 - Category Analysis - RIN Response - Consolidated - 29 July 2021 - PU(12595757.1).xlsx,2.8 Maintenance,58,AusNet Transmission,https://www.aer.gov.au/documents/ausnet-services-transmission-2020-21-category-analysis-rin-templates,https://www.aer.gov.au/authors/ausnet-services-t?page=4,validated_manifest_match,Protection systems maintenance,submitted,58,meaningful,True,protection_systems_maintenance,Protection systems maintenance,protection_systems,Protection systems maintenance,mapped,mapped,AUD,nominal,1.0,standardized_source_unit,610452.9461243512,numeric,1055964.482481628,numeric,1666417.4286059793,numeric
2020-21,Other maintenance activity ,,$0's,,,AusNet (T) 2020-21 - Category Analysis - RIN Response - Consolidated - 29 July 2021 - PU(12595757.1).xlsx,2.8 Maintenance,59,AusNet Transmission,https://www.aer.gov.au/documents/ausnet-services-transmission-2020-21-category-analysis-rin-templates,https://www.aer.gov.au/authors/ausnet-services-t?page=4,validated_manifest_match,Other maintenance activity ,submitted,59,empty_template_row,False,,,,,not_applicable,not_applicable,,,,not_applicable,,blank,,blank,,blank
2021-22,Transmission lines maintenance,Transmission towers,$0's,1151669.7852612073,177756.19650105145,AusNet (T) 2021-22 - Category Analysis - RIN Response - Consolidated - 28 July 2022 - PUBLIC(14205738.1).xlsx,2.8 Maintenance,50,AusNet Transmission,https://www.aer.gov.au/documents/ausnet-services-transmission-2021-22-category-analysis-rin-templates,https://www.aer.gov.au/authors/ausnet-services-t?page=4,validated_manifest_match,Transmission lines maintenance,submitted,50,meaningful,True,transmission_lines_maintenance,Transmission lines maintenance,transmission_towers,Transmission towers,mapped,mapped,AUD,nominal,1.0,standardized_source_unit,1151669.7852612073,numeric,177756.19650105145,numeric,1329425.9817622588,numeric
2021-22,Transmission lines maintenance,Transmission tower support structures,$0's,282416.586784404,23167.900443144543,AusNet (T) 2021-22 - Category Analysis - RIN Response - Consolidated - 28 July 2022 - PUBLIC(14205738.1).xlsx,2.8 Maintenance,51,AusNet Transmission,https://www.aer.gov.au/documents/ausnet-services-transmission-2021-22-category-analysis-rin-templates,https://www.aer.gov.au/authors/ausnet-services-t?page=4,validated_manifest_match,Transmission lines maintenance,submitted,51,meaningful,True,transmission_lines_maintenance,Transmission lines maintenance,transmission_tower_support_structures,Transmission tower support structures,mapped,mapped,AUD,nominal,1.0,standardized_source_unit,282416.586784404,numeric,23167.900443144543,numeric,305584.48722754855,numeric
2021-22,Transmission lines maintenance,Conductors,$0's,984155.484102794,5306.700985895725,AusNet (T) 2021-22 - Category Analysis - RIN Response - Consolidated - 28 July 2022 - PUBLIC(14205738.1).xlsx,2.8 Maintenance,52,AusNet Transmission,https://www.aer.gov.au/documents/ausnet-services-transmission-2021-22-category-analysis-rin-templates,https://www.aer.gov.au/authors/ausnet-services-t?page=4,validated_manifest_match,Transmission lines maintenance,submitted,52,meaningful,True,transmission_lines_maintenance,Transmission lines maintenance,conductors,Conductors,mapped,mapped,AUD,nominal,1.0,standardized_source_unit,984155.484102794,numeric,5306.700985895725,numeric,989462.1850886897,numeric
2021-22,Transmission lines maintenance,Transmission cables,$0's,0.0,3339.4102755443664,AusNet (T) 2021-22 - Category Analysis - RIN Response - Consolidated - 28 July 2022 - PUBLIC(14205738.1).xlsx,2.8 Maintenance,53,AusNet Transmission,https://www.aer.gov.au/documents/ausnet-services-transmission-2021-22-category-analysis-rin-templates,https://www.aer.gov.au/authors/ausnet-services-t?page=4,validated_manifest_match,Transmission lines maintenance,submitted,53,meaningful,True,transmission_lines_maintenance,Transmission lines maintenance,transmission_cables,Transmission cables,mapped,mapped,AUD,nominal,1.0,standardized_source_unit,0.0,numeric,3339.4102755443664,numeric,3339.4102755443664,numeric
2021-22,Substations equipment & property maintenance,Substation switchbays (incl. Reactive plant),$0's,4635055.651136602,6708283.324724818,AusNet (T) 2021-22 - Category Analysis - RIN Response - Consolidated - 28 July 2022 - PUBLIC(14205738.1).xlsx,2.8 Maintenance,54,AusNet Transmission,https://www.aer.gov.au/documents/ausnet-services-transmission-2021-22-category-analysis-rin-templates,https://www.aer.gov.au/authors/ausnet-services-t?page=4,validated_manifest_match,Substations equipment & property maintenance,submitted,54,meaningful,True,substations_equipment_property_maintenance,Substations equipment & property maintenance,substation_switchbays,Substation switchbays (incl. Reactive plant),mapped,mapped,AUD,nominal,1.0,standardized_source_unit,4635055.651136602,numeric,6708283.324724818,numeric,11343338.975861419,numeric
2021-22,Substations equipment & property maintenance,Substation power transformers,$0's,1167823.426612792,2158755.4960138574,AusNet (T) 2021-22 - Category Analysis - RIN Response - Consolidated - 28 July 2022 - PUBLIC(14205738.1).xlsx,2.8 Maintenance,55,AusNet Transmission,https://www.aer.gov.au/documents/ausnet-services-transmission-2021-22-category-analysis-rin-templates,https://www.aer.gov.au/authors/ausnet-services-t?page=4,validated_manifest_match,Substations equipment & property maintenance,submitted,55,meaningful,True,substations_equipment_property_maintenance,Substations equipment & property maintenance,substation_power_transformers,Substation power transformers,mapped,mapped,AUD,nominal,1.0,standardized_source_unit,1167823.426612792,numeric,2158755.4960138574,numeric,3326578.9226266495,numeric
2021-22,Substations equipment & property maintenance,Substation property,$0's,908839.0131524244,3291536.11676183,AusNet (T) 2021-22 - Category Analysis - RIN Response - Consolidated - 28 July 2022 - PUBLIC(14205738.1).xlsx,2.8 Maintenance,56,AusNet Transmission,https://www.aer.gov.au/documents/ausnet-services-transmission-2021-22-category-analysis-rin-templates,https://www.aer.gov.au/authors/ausnet-services-t?page=4,validated_manifest_match,Substations equipment & property maintenance,submitted,56,meaningful,True,substations_equipment_property_maintenance,Substations equipment & property maintenance,substation_property,Substation property,mapped,mapped,AUD,nominal,1.0,standardized_source_unit,908839.0131524244,numeric,3291536.11676183,numeric,4200375.129914255,numeric
2021-22,SCADA & network control maintenance,SCADA & network control maintenance,$0's,514547.98277334135,186549.55619921075,AusNet (T) 2021-22 - Category Analysis - RIN Response - Consolidated - 28 July 2022 - PUBLIC(14205738.1).xlsx,2.8 Maintenance,57,AusNet Transmission,https://www.aer.gov.au/documents/ausnet-services-transmission-2021-22-category-analysis-rin-templates,https://www.aer.gov.au/authors/ausnet-services-t?page=4,validated_manifest_match,SCADA & network control maintenance,submitted,57,meaningful,True,scada_network_control_maintenance,SCADA & network control maintenance,scada_network_control,SCADA & network control maintenance,mapped,mapped,AUD,nominal,1.0,standardized_source_unit,514547.98277334135,numeric,186549.55619921075,numeric,701097.5389725522,numeric
2021-22,Protection systems maintenance,Protection systems maintenance,$0's,761087.580176445,228260.2580946501,AusNet (T) 2021-22 - Category Analysis - RIN Response - Consolidated - 28 July 2022 - PUBLIC(14205738.1).xlsx,2.8 Maintenance,58,AusNet Transmission,https://www.aer.gov.au/documents/ausnet-services-transmission-2021-22-category-analysis-rin-templates,https://www.aer.gov.au/authors/ausnet-services-t?page=4,validated_manifest_match,Protection systems maintenance,submitted,58,meaningful,True,protection_systems_maintenance,Protection systems maintenance,protection_systems,Protection systems maintenance,mapped,mapped,AUD,nominal,1.0,standardized_source_unit,761087.580176445,numeric,228260.2580946501,numeric,989347.8382710951,numeric
2021-22,Other maintenance activity ,,$0's,,,AusNet (T) 2021-22 - Category Analysis - RIN Response - Consolidated - 28 July 2022 - PUBLIC(14205738.1).xlsx,2.8 Maintenance,59,AusNet Transmission,https://www.aer.gov.au/documents/ausnet-services-transmission-2021-22-category-analysis-rin-templates,https://www.aer.gov.au/authors/ausnet-services-t?page=4,validated_manifest_match,Other maintenance activity ,submitted,59,empty_template_row,False,,,,,not_applicable,not_applicable,,,,not_applicable,,blank,,blank,,blank
2022-23,Transmission lines maintenance,Transmission towers,$0's,303350.63676480687,186151.8396739064,Ausnet Services (ET) 2022-23 - Category Analysis - RIN Response - Consolidated - 28 July 2023 - PUBLIC(15600825.1).xlsx,2.8 Maintenance,50,AusNet Transmission,https://www.aer.gov.au/documents/ausnet-services-transmission-2022-23-category-analysis-rin-templates,https://www.aer.gov.au/authors/ausnet-services-t?page=4,validated_manifest_match,Transmission lines maintenance,submitted,50,meaningful,True,transmission_lines_maintenance,Transmission lines maintenance,transmission_towers,Transmission towers,mapped,mapped,AUD,nominal,1.0,standardized_source_unit,303350.63676480687,numeric,186151.8396739064,numeric,489502.47643871326,numeric
2022-23,Transmission lines maintenance,Transmission tower support structures,$0's,431111.2623950912,31542.373881132124,Ausnet Services (ET) 2022-23 - Category Analysis - RIN Response - Consolidated - 28 July 2023 - PUBLIC(15600825.1).xlsx,2.8 Maintenance,51,AusNet Transmission,https://www.aer.gov.au/documents/ausnet-services-transmission-2022-23-category-analysis-rin-templates,https://www.aer.gov.au/authors/ausnet-services-t?page=4,validated_manifest_match,Transmission lines maintenance,submitted,51,meaningful,True,transmission_lines_maintenance,Transmission lines maintenance,transmission_tower_support_structures,Transmission tower support structures,mapped,mapped,AUD,nominal,1.0,standardized_source_unit,431111.2623950912,numeric,31542.373881132124,numeric,462653.6362762233,numeric
2022-23,Transmission lines maintenance,Conductors,$0's,649550.3322267368,11125.308224171336,Ausnet Services (ET) 2022-23 - Category Analysis - RIN Response - Consolidated - 28 July 2023 - PUBLIC(15600825.1).xlsx,2.8 Maintenance,52,AusNet Transmission,https://www.aer.gov.au/documents/ausnet-services-transmission-2022-23-category-analysis-rin-templates,https://www.aer.gov.au/authors/ausnet-services-t?page=4,validated_manifest_match,Transmission lines maintenance,submitted,52,meaningful,True,transmission_lines_maintenance,Transmission lines maintenance,conductors,Conductors,mapped,mapped,AUD,nominal,1.0,standardized_source_unit,649550.3322267368,numeric,11125.308224171336,numeric,660675.6404509081,numeric
2022-23,Transmission lines maintenance,Transmission cables,$0's,2811.911978976268,5973.351785336195,Ausnet Services (ET) 2022-23 - Category Analysis - RIN Response - Consolidated - 28 July 2023 - PUBLIC(15600825.1).xlsx,2.8 Maintenance,53,AusNet Transmission,https://www.aer.gov.au/documents/ausnet-services-transmission-2022-23-category-analysis-rin-templates,https://www.aer.gov.au/authors/ausnet-services-t?page=4,validated_manifest_match,Transmission lines maintenance,submitted,53,meaningful,True,transmission_lines_maintenance,Transmission lines maintenance,transmission_cables,Transmission cables,mapped,mapped,AUD,nominal,1.0,standardized_source_unit,2811.911978976268,numeric,5973.351785336195,numeric,8785.263764312462,numeric
2022-23,Substations equipment & property maintenance,Substation switchbays (incl. Reactive plant),$0's,5181950.527072666,8463584.843790919,Ausnet Services (ET) 2022-23 - Category Analysis - RIN Response - Consolidated - 28 July 2023 - PUBLIC(15600825.1).xlsx,2.8 Maintenance,54,AusNet Transmission,https://www.aer.gov.au/documents/ausnet-services-transmission-2022-23-category-analysis-rin-templates,https://www.aer.gov.au/authors/ausnet-services-t?page=4,validated_manifest_match,Substations equipment & property maintenance,submitted,54,meaningful,True,substations_equipment_property_maintenance,Substations equipment & property maintenance,substation_switchbays,Substation switchbays (incl. Reactive plant),mapped,mapped,AUD,nominal,1.0,standardized_source_unit,5181950.527072666,numeric,8463584.843790919,numeric,13645535.370863585,numeric
2022-23,Substations equipment & property maintenance,Substation power transformers,$0's,1032729.1031327124,873400.8477039216,Ausnet Services (ET) 2022-23 - Category Analysis - RIN Response - Consolidated - 28 July 2023 - PUBLIC(15600825.1).xlsx,2.8 Maintenance,55,AusNet Transmission,https://www.aer.gov.au/documents/ausnet-services-transmission-2022-23-category-analysis-rin-templates,https://www.aer.gov.au/authors/ausnet-services-t?page=4,validated_manifest_match,Substations equipment & property maintenance,submitted,55,meaningful,True,substations_equipment_property_maintenance,Substations equipment & property maintenance,substation_power_transformers,Substation power transformers,mapped,mapped,AUD,nominal,1.0,standardized_source_unit,1032729.1031327124,numeric,873400.8477039216,numeric,1906129.950836634,numeric
2022-23,Substations equipment & property maintenance,Substation property,$0's,451981.2991740275,891420.6670553482,Ausnet Services (ET) 2022-23 - Category Analysis - RIN Response - Consolidated - 28 July 2023 - PUBLIC(15600825.1).xlsx,2.8 Maintenance,56,AusNet Transmission,https://www.aer.gov.au/documents/ausnet-services-transmission-2022-23-category-analysis-rin-templates,https://www.aer.gov.au/authors/ausnet-services-t?page=4,validated_manifest_match,Substations equipment & property maintenance,submitted,56,meaningful,True,substations_equipment_property_maintenance,Substations equipment & property maintenance,substation_property,Substation property,mapped,mapped,AUD,nominal,1.0,standardized_source_unit,451981.2991740275,numeric,891420.6670553482,numeric,1343401.9662293757,numeric
2022-23,SCADA & network control maintenance,SCADA & network control maintenance,$0's,620701.7028938896,153568.09177399485,Ausnet Services (ET) 2022-23 - Category Analysis - RIN Response - Consolidated - 28 July 2023 - PUBLIC(15600825.1).xlsx,2.8 Maintenance,57,AusNet Transmission,https://www.aer.gov.au/documents/ausnet-services-transmission-2022-23-category-analysis-rin-templates,https://www.aer.gov.au/authors/ausnet-services-t?page=4,validated_manifest_match,SCADA & network control maintenance,submitted,57,meaningful,True,scada_network_control_maintenance,SCADA & network control maintenance,scada_network_control,SCADA & network control maintenance,mapped,mapped,AUD,nominal,1.0,standardized_source_unit,620701.7028938896,numeric,153568.09177399485,numeric,774269.7946678845,numeric
2022-23,Protection systems maintenance,Protection systems maintenance,$0's,651916.9743609835,1040363.146111124,Ausnet Services (ET) 2022-23 - Category Analysis - RIN Response - Consolidated - 28 July 2023 - PUBLIC(15600825.1).xlsx,2.8 Maintenance,58,AusNet Transmission,https://www.aer.gov.au/documents/ausnet-services-transmission-2022-23-category-analysis-rin-templates,https://www.aer.gov.au/authors/ausnet-services-t?page=4,validated_manifest_match,Protection systems maintenance,submitted,58,meaningful,True,protection_systems_maintenance,Protection systems maintenance,protection_systems,Protection systems maintenance,mapped,mapped,AUD,nominal,1.0,standardized_source_unit,651916.9743609835,numeric,1040363.146111124,numeric,1692280.1204721075,numeric
2022-23,Other maintenance activity ,,$0's,,,Ausnet Services (ET) 2022-23 - Category Analysis - RIN Response - Consolidated - 28 July 2023 - PUBLIC(15600825.1).xlsx,2.8 Maintenance,59,AusNet Transmission,https://www.aer.gov.au/documents/ausnet-services-transmission-2022-23-category-analysis-rin-templates,https://www.aer.gov.au/authors/ausnet-services-t?page=4,validated_manifest_match,Other maintenance activity ,submitted,59,empty_template_row,False,,,,,not_applicable,not_applicable,,,,not_applicable,,blank,,blank,,blank
2023-24,Transmission lines maintenance,Transmission towers,$,767347.1720707123,2259402.663702387,Ausnet Services (ET) 2023-24 - Category Analysis - RIN Response - Consolidated - 26 July 2024 - PUBLIC(17069098.2).xlsx,2.8 Maintenance,51,AusNet Transmission,https://www.aer.gov.au/documents/ausnet-services-transmission-2023-24-category-analysis-rin-templates,https://www.aer.gov.au/authors/ausnet-services-t?page=4,validated_manifest_match,Transmission lines maintenance,submitted,51,meaningful,True,transmission_lines_maintenance,Transmission lines maintenance,transmission_towers,Transmission towers,mapped,mapped,AUD,nominal,1.0,standardized_source_unit,767347.1720707123,numeric,2259402.663702387,numeric,3026749.835773099,numeric
2023-24,Transmission lines maintenance,Transmission tower support structures,$,221107.543276072,29938.77775902904,Ausnet Services (ET) 2023-24 - Category Analysis - RIN Response - Consolidated - 26 July 2024 - PUBLIC(17069098.2).xlsx,2.8 Maintenance,52,AusNet Transmission,https://www.aer.gov.au/documents/ausnet-services-transmission-2023-24-category-analysis-rin-templates,https://www.aer.gov.au/authors/ausnet-services-t?page=4,validated_manifest_match,Transmission lines maintenance,submitted,52,meaningful,True,transmission_lines_maintenance,Transmission lines maintenance,transmission_tower_support_structures,Transmission tower support structures,mapped,mapped,AUD,nominal,1.0,standardized_source_unit,221107.543276072,numeric,29938.77775902904,numeric,251046.32103510105,numeric
2023-24,Transmission lines maintenance,Conductors,$,0.0,114.46207713950636,Ausnet Services (ET) 2023-24 - Category Analysis - RIN Response - Consolidated - 26 July 2024 - PUBLIC(17069098.2).xlsx,2.8 Maintenance,53,AusNet Transmission,https://www.aer.gov.au/documents/ausnet-services-transmission-2023-24-category-analysis-rin-templates,https://www.aer.gov.au/authors/ausnet-services-t?page=4,validated_manifest_match,Transmission lines maintenance,submitted,53,meaningful,True,transmission_lines_maintenance,Transmission lines maintenance,conductors,Conductors,mapped,mapped,AUD,nominal,1.0,standardized_source_unit,0.0,numeric,114.46207713950636,numeric,114.46207713950636,numeric
2023-24,Transmission lines maintenance,Transmission cables,$,124433.2806590153,6188.694593488294,Ausnet Services (ET) 2023-24 - Category Analysis - RIN Response - Consolidated - 26 July 2024 - PUBLIC(17069098.2).xlsx,2.8 Maintenance,54,AusNet Transmission,https://www.aer.gov.au/documents/ausnet-services-transmission-2023-24-category-analysis-rin-templates,https://www.aer.gov.au/authors/ausnet-services-t?page=4,validated_manifest_match,Transmission lines maintenance,submitted,54,meaningful,True,transmission_lines_maintenance,Transmission lines maintenance,transmission_cables,Transmission cables,mapped,mapped,AUD,nominal,1.0,standardized_source_unit,124433.2806590153,numeric,6188.694593488294,numeric,130621.9752525036,numeric
2023-24,Substations equipment & property maintenance,Substation switchbays (incl. Reactive plant),$,2622187.4477434964,3004854.5385221564,Ausnet Services (ET) 2023-24 - Category Analysis - RIN Response - Consolidated - 26 July 2024 - PUBLIC(17069098.2).xlsx,2.8 Maintenance,55,AusNet Transmission,https://www.aer.gov.au/documents/ausnet-services-transmission-2023-24-category-analysis-rin-templates,https://www.aer.gov.au/authors/ausnet-services-t?page=4,validated_manifest_match,Substations equipment & property maintenance,submitted,55,meaningful,True,substations_equipment_property_maintenance,Substations equipment & property maintenance,substation_switchbays,Substation switchbays (incl. Reactive plant),mapped,mapped,AUD,nominal,1.0,standardized_source_unit,2622187.4477434964,numeric,3004854.5385221564,numeric,5627041.986265653,numeric
2023-24,Substations equipment & property maintenance,Substation power transformers,$,2060587.3099249564,1138987.2617007678,Ausnet Services (ET) 2023-24 - Category Analysis - RIN Response - Consolidated - 26 July 2024 - PUBLIC(17069098.2).xlsx,2.8 Maintenance,56,AusNet Transmission,https://www.aer.gov.au/documents/ausnet-services-transmission-2023-24-category-analysis-rin-templates,https://www.aer.gov.au/authors/ausnet-services-t?page=4,validated_manifest_match,Substations equipment & property maintenance,submitted,56,meaningful,True,substations_equipment_property_maintenance,Substations equipment & property maintenance,substation_power_transformers,Substation power transformers,mapped,mapped,AUD,nominal,1.0,standardized_source_unit,2060587.3099249564,numeric,1138987.2617007678,numeric,3199574.5716257244,numeric
2023-24,Substations equipment & property maintenance,Substation property,$,7873801.517888695,546453.2271714616,Ausnet Services (ET) 2023-24 - Category Analysis - RIN Response - Consolidated - 26 July 2024 - PUBLIC(17069098.2).xlsx,2.8 Maintenance,57,AusNet Transmission,https://www.aer.gov.au/documents/ausnet-services-transmission-2023-24-category-analysis-rin-templates,https://www.aer.gov.au/authors/ausnet-services-t?page=4,validated_manifest_match,Substations equipment & property maintenance,submitted,57,meaningful,True,substations_equipment_property_maintenance,Substations equipment & property maintenance,substation_property,Substation property,mapped,mapped,AUD,nominal,1.0,standardized_source_unit,7873801.517888695,numeric,546453.2271714616,numeric,8420254.745060157,numeric
2023-24,SCADA & network control maintenance,SCADA & network control maintenance,$,972460.0689325116,607190.9563218385,Ausnet Services (ET) 2023-24 - Category Analysis - RIN Response - Consolidated - 26 July 2024 - PUBLIC(17069098.2).xlsx,2.8 Maintenance,58,AusNet Transmission,https://www.aer.gov.au/documents/ausnet-services-transmission-2023-24-category-analysis-rin-templates,https://www.aer.gov.au/authors/ausnet-services-t?page=4,validated_manifest_match,SCADA & network control maintenance,submitted,58,meaningful,True,scada_network_control_maintenance,SCADA & network control maintenance,scada_network_control,SCADA & network control maintenance,mapped,mapped,AUD,nominal,1.0,standardized_source_unit,972460.0689325116,numeric,607190.9563218385,numeric,1579651.0252543502,numeric
2023-24,Protection systems maintenance,Protection systems maintenance,$,1242040.8695045535,1011388.4081517302,Ausnet Services (ET) 2023-24 - Category Analysis - RIN Response - Consolidated - 26 July 2024 - PUBLIC(17069098.2).xlsx,2.8 Maintenance,59,AusNet Transmission,https://www.aer.gov.au/documents/ausnet-services-transmission-2023-24-category-analysis-rin-templates,https://www.aer.gov.au/authors/ausnet-services-t?page=4,validated_manifest_match,Protection systems maintenance,submitted,59,meaningful,True,protection_systems_maintenance,Protection systems maintenance,protection_systems,Protection systems maintenance,mapped,mapped,AUD,nominal,1.0,standardized_source_unit,1242040.8695045535,numeric,1011388.4081517302,numeric,2253429.2776562837,numeric
2023-24,Other maintenance activity ,,$,,,Ausnet Services (ET) 2023-24 - Category Analysis - RIN Response - Consolidated - 26 July 2024 - PUBLIC(17069098.2).xlsx,2.8 Maintenance,60,AusNet Transmission,https://www.aer.gov.au/documents/ausnet-services-transmission-2023-24-category-analysis-rin-templates,https://www.aer.gov.au/authors/ausnet-services-t?page=4,validated_manifest_match,Other maintenance activity ,submitted,60,empty_template_row,False,,,,,not_applicable,not_applicable,,,,not_applicable,,blank,,blank,,blank
2013-14,Transmission lines maintenance,Transmission towers,$000's,4549.413082222306,5236.667338758201,Copy of D14-00150087(V02) - transgrid (t) 2013-14 - category analysis rin response - templates - consolidated - 31 october 2014 - public.xlsm,2.8 Maintenance,12,Transgrid,https://www.aer.gov.au/documents/transgrid-transmission-2013-14-category-analysis-rin-templates,https://www.aer.gov.au/authors/transgrid-t?page=3,validated_manifest_match,Transmission lines maintenance,submitted,12,meaningful,True,transmission_lines_maintenance,Transmission lines maintenance,transmission_towers,Transmission towers,mapped,mapped,AUD,nominal,1000.0,standardized_source_unit,4549413.082222306,numeric,5236667.338758201,numeric,9786080.420980508,numeric
2013-14,Transmission lines maintenance,Transmission tower support structures,$000's,0.0,0.0,Copy of D14-00150087(V02) - transgrid (t) 2013-14 - category analysis rin response - templates - consolidated - 31 october 2014 - public.xlsm,2.8 Maintenance,13,Transgrid,https://www.aer.gov.au/documents/transgrid-transmission-2013-14-category-analysis-rin-templates,https://www.aer.gov.au/authors/transgrid-t?page=3,validated_manifest_match,Transmission lines maintenance,submitted,13,meaningful,True,transmission_lines_maintenance,Transmission lines maintenance,transmission_tower_support_structures,Transmission tower support structures,mapped,mapped,AUD,nominal,1000.0,standardized_source_unit,0.0,numeric,0.0,numeric,0.0,numeric
2013-14,Transmission lines maintenance,Conductors,$000's,2.6113454210315066,614.8002147956536,Copy of D14-00150087(V02) - transgrid (t) 2013-14 - category analysis rin response - templates - consolidated - 31 october 2014 - public.xlsm,2.8 Maintenance,14,Transgrid,https://www.aer.gov.au/documents/transgrid-transmission-2013-14-category-analysis-rin-templates,https://www.aer.gov.au/authors/transgrid-t?page=3,validated_manifest_match,Transmission lines maintenance,submitted,14,meaningful,True,transmission_lines_maintenance,Transmission lines maintenance,conductors,Conductors,mapped,mapped,AUD,nominal,1000.0,standardized_source_unit,2611.3454210315067,numeric,614800.2147956536,numeric,617411.5602166851,numeric
2013-14,Transmission lines maintenance,Transmission cables,$000's,627.0232083342564,36.35763046855267,Copy of D14-00150087(V02) - transgrid (t) 2013-14 - category analysis rin response - templates - consolidated - 31 october 2014 - public.xlsm,2.8 Maintenance,15,Transgrid,https://www.aer.gov.au/documents/transgrid-transmission-2013-14-category-analysis-rin-templates,https://www.aer.gov.au/authors/transgrid-t?page=3,validated_manifest_match,Transmission lines maintenance,submitted,15,meaningful,True,transmission_lines_maintenance,Transmission lines maintenance,transmission_cables,Transmission cables,mapped,mapped,AUD,nominal,1000.0,standardized_source_unit,627023.2083342564,numeric,36357.63046855267,numeric,663380.8388028091,numeric
2013-14,Substations equipment & property maintenance,Substation switchbays (incl. Reactive plant),$000's,3638.4140282975695,5284.76597032921,Copy of D14-00150087(V02) - transgrid (t) 2013-14 - category analysis rin response - templates - consolidated - 31 october 2014 - public.xlsm,2.8 Maintenance,16,Transgrid,https://www.aer.gov.au/documents/transgrid-transmission-2013-14-category-analysis-rin-templates,https://www.aer.gov.au/authors/transgrid-t?page=3,validated_manifest_match,Substations equipment & property maintenance,submitted,16,meaningful,True,substations_equipment_property_maintenance,Substations equipment & property maintenance,substation_switchbays,Substation switchbays (incl. Reactive plant),mapped,mapped,AUD,nominal,1000.0,standardized_source_unit,3638414.0282975696,numeric,5284765.97032921,numeric,8923179.99862678,numeric
2013-14,Substations equipment & property maintenance,Substation power transformers,$000's,1855.4837057306408,2125.130162618776,Copy of D14-00150087(V02) - transgrid (t) 2013-14 - category analysis rin response - templates - consolidated - 31 october 2014 - public.xlsm,2.8 Maintenance,17,Transgrid,https://www.aer.gov.au/documents/transgrid-transmission-2013-14-category-analysis-rin-templates,https://www.aer.gov.au/authors/transgrid-t?page=3,validated_manifest_match,Substations equipment & property maintenance,submitted,17,meaningful,True,substations_equipment_property_maintenance,Substations equipment & property maintenance,substation_power_transformers,Substation power transformers,mapped,mapped,AUD,nominal,1000.0,standardized_source_unit,1855483.7057306408,numeric,2125130.162618776,numeric,3980613.8683494166,numeric
2013-14,Substations equipment & property maintenance,Substation property,$000's,5196.232112261111,10917.71238076268,Copy of D14-00150087(V02) - transgrid (t) 2013-14 - category analysis rin response - templates - consolidated - 31 october 2014 - public.xlsm,2.8 Maintenance,18,Transgrid,https://www.aer.gov.au/documents/transgrid-transmission-2013-14-category-analysis-rin-templates,https://www.aer.gov.au/authors/transgrid-t?page=3,validated_manifest_match,Substations equipment & property maintenance,submitted,18,meaningful,True,substations_equipment_property_maintenance,Substations equipment & property maintenance,substation_property,Substation property,mapped,mapped,AUD,nominal,1000.0,standardized_source_unit,5196232.112261111,numeric,10917712.38076268,numeric,16113944.49302379,numeric
2013-14,SCADA & network control maintenance,SCADA & network control maintenance,$000's,743.3871182787794,79.72055028272796,Copy of D14-00150087(V02) - transgrid (t) 2013-14 - category analysis rin response - templates - consolidated - 31 october 2014 - public.xlsm,2.8 Maintenance,19,Transgrid,https://www.aer.gov.au/documents/transgrid-transmission-2013-14-category-analysis-rin-templates,https://www.aer.gov.au/authors/transgrid-t?page=3,validated_manifest_match,SCADA & network control maintenance,submitted,19,meaningful,True,scada_network_control_maintenance,SCADA & network control maintenance,scada_network_control,SCADA & network control maintenance,mapped,mapped,AUD,nominal,1000.0,standardized_source_unit,743387.1182787794,numeric,79720.55028272796,numeric,823107.6685615074,numeric
2013-14,Protection systems maintenance,Protection systems maintenance,$000's,2382.12056033347,1045.8469953498789,Copy of D14-00150087(V02) - transgrid (t) 2013-14 - category analysis rin response - templates - consolidated - 31 october 2014 - public.xlsm,2.8 Maintenance,20,Transgrid,https://www.aer.gov.au/documents/transgrid-transmission-2013-14-category-analysis-rin-templates,https://www.aer.gov.au/authors/transgrid-t?page=3,validated_manifest_match,Protection systems maintenance,submitted,20,meaningful,True,protection_systems_maintenance,Protection systems maintenance,protection_systems,Protection systems maintenance,mapped,mapped,AUD,nominal,1000.0,standardized_source_unit,2382120.5603334703,numeric,1045846.9953498789,numeric,3427967.5556833493,numeric
2013-14,Other maintenance activity ,TELECOMMUNICATIONS SYSTEMS,$000's,1326.164426237313,5405.9533252011815,Copy of D14-00150087(V02) - transgrid (t) 2013-14 - category analysis rin response - templates - consolidated - 31 october 2014 - public.xlsm,2.8 Maintenance,21,Transgrid,https://www.aer.gov.au/documents/transgrid-transmission-2013-14-category-analysis-rin-templates,https://www.aer.gov.au/authors/transgrid-t?page=3,validated_manifest_match,Other maintenance activity ,submitted,21,meaningful,True,other_maintenance_activity,Other maintenance activity,telecommunications_systems,Telecommunications Systems,mapped,mapped,AUD,nominal,1000.0,standardized_source_unit,1326164.4262373128,numeric,5405953.325201182,numeric,6732117.751438495,numeric
2013-14,,METERING SYSTEMS,$000's,1036.0174247232812,445.3766195933654,Copy of D14-00150087(V02) - transgrid (t) 2013-14 - category analysis rin response - templates - consolidated - 31 october 2014 - public.xlsm,2.8 Maintenance,22,Transgrid,https://www.aer.gov.au/documents/transgrid-transmission-2013-14-category-analysis-rin-templates,https://www.aer.gov.au/authors/transgrid-t?page=3,validated_manifest_match,Other maintenance activity ,continued_group_label,21,meaningful,True,other_maintenance_activity,Other maintenance activity,metering_systems,Metering Systems,mapped,mapped,AUD,nominal,1000.0,standardized_source_unit,1036017.4247232813,numeric,445376.61959336535,numeric,1481394.0443166466,numeric
2013-14,,TRANSMISSION LINES MAINTENANCE ACCESS TRACKS,$000's,841.5559081810125,2382.2302083608038,Copy of D14-00150087(V02) - transgrid (t) 2013-14 - category analysis rin response - templates - consolidated - 31 october 2014 - public.xlsm,2.8 Maintenance,23,Transgrid,https://www.aer.gov.au/documents/transgrid-transmission-2013-14-category-analysis-rin-templates,https://www.aer.gov.au/authors/transgrid-t?page=3,validated_manifest_match,Other maintenance activity ,continued_group_label,21,meaningful,True,other_maintenance_activity,Other maintenance activity,transmission_lines_maintenance_access_tracks,Transmission lines maintenance access tracks,mapped,mapped,AUD,nominal,1000.0,standardized_source_unit,841555.9081810125,numeric,2382230.208360804,numeric,3223786.1165418164,numeric
2015-16,Transmission lines maintenance,Transmission towers,$0's,2009278.6005934,7210284.13744427,Copy of D16 147530(V3)  ElectraNet 2015-16 - Category Analysis RIN Response - Public Version - 31 October 2016 - PUBLIC.xlsm,2.8 Maintenance,50,ElectraNet,https://www.aer.gov.au/documents/electranet-2015-16-category-analysis-rin-templates,https://www.aer.gov.au/authors/electranet?page=11,validated_manifest_match,Transmission lines maintenance,submitted,50,meaningful,True,transmission_lines_maintenance,Transmission lines maintenance,transmission_towers,Transmission towers,mapped,mapped,AUD,nominal,1.0,standardized_source_unit,2009278.6005934,numeric,7210284.13744427,numeric,9219562.73803767,numeric
2015-16,Transmission lines maintenance,Transmission tower support structures,$0's,1001427.27027129,3378776.73421985,Copy of D16 147530(V3)  ElectraNet 2015-16 - Category Analysis RIN Response - Public Version - 31 October 2016 - PUBLIC.xlsm,2.8 Maintenance,51,ElectraNet,https://www.aer.gov.au/documents/electranet-2015-16-category-analysis-rin-templates,https://www.aer.gov.au/authors/electranet?page=11,validated_manifest_match,Transmission lines maintenance,submitted,51,meaningful,True,transmission_lines_maintenance,Transmission lines maintenance,transmission_tower_support_structures,Transmission tower support structures,mapped,mapped,AUD,nominal,1.0,standardized_source_unit,1001427.27027129,numeric,3378776.73421985,numeric,4380204.00449114,numeric
2015-16,Transmission lines maintenance,Conductors,$0's,235864.239010056,1872118.88860968,Copy of D16 147530(V3)  ElectraNet 2015-16 - Category Analysis RIN Response - Public Version - 31 October 2016 - PUBLIC.xlsm,2.8 Maintenance,52,ElectraNet,https://www.aer.gov.au/documents/electranet-2015-16-category-analysis-rin-templates,https://www.aer.gov.au/authors/electranet?page=11,validated_manifest_match,Transmission lines maintenance,submitted,52,meaningful,True,transmission_lines_maintenance,Transmission lines maintenance,conductors,Conductors,mapped,mapped,AUD,nominal,1.0,standardized_source_unit,235864.239010056,numeric,1872118.88860968,numeric,2107983.127619736,numeric
2015-16,Transmission lines maintenance,Transmission cables,$0's,486821.910125254,122007.499726203,Copy of D16 147530(V3)  ElectraNet 2015-16 - Category Analysis RIN Response - Public Version - 31 October 2016 - PUBLIC.xlsm,2.8 Maintenance,53,ElectraNet,https://www.aer.gov.au/documents/electranet-2015-16-category-analysis-rin-templates,https://www.aer.gov.au/authors/electranet?page=11,validated_manifest_match,Transmission lines maintenance,submitted,53,meaningful,True,transmission_lines_maintenance,Transmission lines maintenance,transmission_cables,Transmission cables,mapped,mapped,AUD,nominal,1.0,standardized_source_unit,486821.910125254,numeric,122007.499726203,numeric,608829.409851457,numeric
2015-16,Substations equipment & property maintenance,Substation switchbays (incl. Reactive plant),$0's,2166651.9647527896,4253544.14582415,Copy of D16 147530(V3)  ElectraNet 2015-16 - Category Analysis RIN Response - Public Version - 31 October 2016 - PUBLIC.xlsm,2.8 Maintenance,54,ElectraNet,https://www.aer.gov.au/documents/electranet-2015-16-category-analysis-rin-templates,https://www.aer.gov.au/authors/electranet?page=11,validated_manifest_match,Substations equipment & property maintenance,submitted,54,meaningful,True,substations_equipment_property_maintenance,Substations equipment & property maintenance,substation_switchbays,Substation switchbays (incl. Reactive plant),mapped,mapped,AUD,nominal,1.0,standardized_source_unit,2166651.9647527896,numeric,4253544.14582415,numeric,6420196.11057694,numeric
2015-16,Substations equipment & property maintenance,Substation power transformers,$0's,976159.5582476768,2288707.53153679,Copy of D16 147530(V3)  ElectraNet 2015-16 - Category Analysis RIN Response - Public Version - 31 October 2016 - PUBLIC.xlsm,2.8 Maintenance,55,ElectraNet,https://www.aer.gov.au/documents/electranet-2015-16-category-analysis-rin-templates,https://www.aer.gov.au/authors/electranet?page=11,validated_manifest_match,Substations equipment & property maintenance,submitted,55,meaningful,True,substations_equipment_property_maintenance,Substations equipment & property maintenance,substation_power_transformers,Substation power transformers,mapped,mapped,AUD,nominal,1.0,standardized_source_unit,976159.5582476768,numeric,2288707.53153679,numeric,3264867.0897844667,numeric
2015-16,Substations equipment & property maintenance,Substation property,$0's,3913646.76699953,4078865.88263906,Copy of D16 147530(V3)  ElectraNet 2015-16 - Category Analysis RIN Response - Public Version - 31 October 2016 - PUBLIC.xlsm,2.8 Maintenance,56,ElectraNet,https://www.aer.gov.au/documents/electranet-2015-16-category-analysis-rin-templates,https://www.aer.gov.au/authors/electranet?page=11,validated_manifest_match,Substations equipment & property maintenance,submitted,56,meaningful,True,substations_equipment_property_maintenance,Substations equipment & property maintenance,substation_property,Substation property,mapped,mapped,AUD,nominal,1.0,standardized_source_unit,3913646.76699953,numeric,4078865.88263906,numeric,7992512.6496385895,numeric
2015-16,SCADA & network control maintenance,SCADA & network control maintenance,$0's,1760423.29,270048.56,Copy of D16 147530(V3)  ElectraNet 2015-16 - Category Analysis RIN Response - Public Version - 31 October 2016 - PUBLIC.xlsm,2.8 Maintenance,57,ElectraNet,https://www.aer.gov.au/documents/electranet-2015-16-category-analysis-rin-templates,https://www.aer.gov.au/authors/electranet?page=11,validated_manifest_match,SCADA & network control maintenance,submitted,57,meaningful,True,scada_network_control_maintenance,SCADA & network control maintenance,scada_network_control,SCADA & network control maintenance,mapped,mapped,AUD,nominal,1.0,standardized_source_unit,1760423.29,numeric,270048.56,numeric,2030471.85,numeric
2015-16,Protection systems maintenance,Protection systems maintenance,$0's,2048701.83,974846.04,Copy of D16 147530(V3)  ElectraNet 2015-16 - Category Analysis RIN Response - Public Version - 31 October 2016 - PUBLIC.xlsm,2.8 Maintenance,58,ElectraNet,https://www.aer.gov.au/documents/electranet-2015-16-category-analysis-rin-templates,https://www.aer.gov.au/authors/electranet?page=11,validated_manifest_match,Protection systems maintenance,submitted,58,meaningful,True,protection_systems_maintenance,Protection systems maintenance,protection_systems,Protection systems maintenance,mapped,mapped,AUD,nominal,1.0,standardized_source_unit,2048701.83,numeric,974846.04,numeric,3023547.87,numeric
2015-16,Other maintenance activity ,Row Maintenance ,$0's,1872730.18,130082.8,Copy of D16 147530(V3)  ElectraNet 2015-16 - Category Analysis RIN Response - Public Version - 31 October 2016 - PUBLIC.xlsm,2.8 Maintenance,59,ElectraNet,https://www.aer.gov.au/documents/electranet-2015-16-category-analysis-rin-templates,https://www.aer.gov.au/authors/electranet?page=11,validated_manifest_match,Other maintenance activity ,submitted,59,meaningful,True,other_maintenance_activity,Other maintenance activity,right_of_way_maintenance,Right of way (ROW) maintenance,mapped,mapped,AUD,nominal,1.0,standardized_source_unit,1872730.18,numeric,130082.8,numeric,2002812.98,numeric
2016-17,Transmission lines maintenance,Transmission towers,$0's,1562206.7935996205,9570469.938571462,Copy of D17 153782  ElectraNet 2016-17 - Category Analysis RIN - Template - 31 October 2017 - PUBLIC.xlsm,2.8 Maintenance,50,ElectraNet,https://www.aer.gov.au/documents/electranet-2016-17-category-analysis-rin-templates,https://www.aer.gov.au/authors/electranet?page=14,validated_manifest_match,Transmission lines maintenance,submitted,50,meaningful,True,transmission_lines_maintenance,Transmission lines maintenance,transmission_towers,Transmission towers,mapped,mapped,AUD,nominal,1.0,standardized_source_unit,1562206.7935996205,numeric,9570469.938571462,numeric,11132676.732171083,numeric
2016-17,Transmission lines maintenance,Transmission tower support structures,$0's,1454450.0905011678,3463140.6388111305,Copy of D17 153782  ElectraNet 2016-17 - Category Analysis RIN - Template - 31 October 2017 - PUBLIC.xlsm,2.8 Maintenance,51,ElectraNet,https://www.aer.gov.au/documents/electranet-2016-17-category-analysis-rin-templates,https://www.aer.gov.au/authors/electranet?page=14,validated_manifest_match,Transmission lines maintenance,submitted,51,meaningful,True,transmission_lines_maintenance,Transmission lines maintenance,transmission_tower_support_structures,Transmission tower support structures,mapped,mapped,AUD,nominal,1.0,standardized_source_unit,1454450.0905011678,numeric,3463140.6388111305,numeric,4917590.729312299,numeric
2016-17,Transmission lines maintenance,Conductors,$0's,453582.3827922948,1816430.6389303133,Copy of D17 153782  ElectraNet 2016-17 - Category Analysis RIN - Template - 31 October 2017 - PUBLIC.xlsm,2.8 Maintenance,52,ElectraNet,https://www.aer.gov.au/documents/electranet-2016-17-category-analysis-rin-templates,https://www.aer.gov.au/authors/electranet?page=14,validated_manifest_match,Transmission lines maintenance,submitted,52,meaningful,True,transmission_lines_maintenance,Transmission lines maintenance,conductors,Conductors,mapped,mapped,AUD,nominal,1.0,standardized_source_unit,453582.3827922948,numeric,1816430.6389303133,numeric,2270013.0217226082,numeric
2016-17,Transmission lines maintenance,Transmission cables,$0's,461082.6331069165,17138.983687092703,Copy of D17 153782  ElectraNet 2016-17 - Category Analysis RIN - Template - 31 October 2017 - PUBLIC.xlsm,2.8 Maintenance,53,ElectraNet,https://www.aer.gov.au/documents/electranet-2016-17-category-analysis-rin-templates,https://www.aer.gov.au/authors/electranet?page=14,validated_manifest_match,Transmission lines maintenance,submitted,53,meaningful,True,transmission_lines_maintenance,Transmission lines maintenance,transmission_cables,Transmission cables,mapped,mapped,AUD,nominal,1.0,standardized_source_unit,461082.6331069165,numeric,17138.983687092703,numeric,478221.6167940092,numeric
2016-17,Substations equipment & property maintenance,Substation switchbays (incl. Reactive plant),$0's,1695642.8516198865,3019848.5343423737,Copy of D17 153782  ElectraNet 2016-17 - Category Analysis RIN - Template - 31 October 2017 - PUBLIC.xlsm,2.8 Maintenance,54,ElectraNet,https://www.aer.gov.au/documents/electranet-2016-17-category-analysis-rin-templates,https://www.aer.gov.au/authors/electranet?page=14,validated_manifest_match,Substations equipment & property maintenance,submitted,54,meaningful,True,substations_equipment_property_maintenance,Substations equipment & property maintenance,substation_switchbays,Substation switchbays (incl. Reactive plant),mapped,mapped,AUD,nominal,1.0,standardized_source_unit,1695642.8516198865,numeric,3019848.5343423737,numeric,4715491.38596226,numeric
2016-17,Substations equipment & property maintenance,Substation power transformers,$0's,786941.5309154363,1660064.3025820693,Copy of D17 153782  ElectraNet 2016-17 - Category Analysis RIN - Template - 31 October 2017 - PUBLIC.xlsm,2.8 Maintenance,55,ElectraNet,https://www.aer.gov.au/documents/electranet-2016-17-category-analysis-rin-templates,https://www.aer.gov.au/authors/electranet?page=14,validated_manifest_match,Substations equipment & property maintenance,submitted,55,meaningful,True,substations_equipment_property_maintenance,Substations equipment & property maintenance,substation_power_transformers,Substation power transformers,mapped,mapped,AUD,nominal,1.0,standardized_source_unit,786941.5309154363,numeric,1660064.3025820693,numeric,2447005.8334975056,numeric
2016-17,Substations equipment & property maintenance,Substation property,$0's,3418355.207464677,3360762.4830755573,Copy of D17 153782  ElectraNet 2016-17 - Category Analysis RIN - Template - 31 October 2017 - PUBLIC.xlsm,2.8 Maintenance,56,ElectraNet,https://www.aer.gov.au/documents/electranet-2016-17-category-analysis-rin-templates,https://www.aer.gov.au/authors/electranet?page=14,validated_manifest_match,Substations equipment & property maintenance,submitted,56,meaningful,True,substations_equipment_property_maintenance,Substations equipment & property maintenance,substation_property,Substation property,mapped,mapped,AUD,nominal,1.0,standardized_source_unit,3418355.207464677,numeric,3360762.4830755573,numeric,6779117.690540234,numeric
2016-17,SCADA & network control maintenance,SCADA & network control maintenance,$0's,2099512.68,488261.72,Copy of D17 153782  ElectraNet 2016-17 - Category Analysis RIN - Template - 31 October 2017 - PUBLIC.xlsm,2.8 Maintenance,57,ElectraNet,https://www.aer.gov.au/documents/electranet-2016-17-category-analysis-rin-templates,https://www.aer.gov.au/authors/electranet?page=14,validated_manifest_match,SCADA & network control maintenance,submitted,57,meaningful,True,scada_network_control_maintenance,SCADA & network control maintenance,scada_network_control,SCADA & network control maintenance,mapped,mapped,AUD,nominal,1.0,standardized_source_unit,2099512.68,numeric,488261.72,numeric,2587774.4000000004,numeric
2016-17,Protection systems maintenance,Protection systems maintenance,$0's,2384134.49,1236963.26,Copy of D17 153782  ElectraNet 2016-17 - Category Analysis RIN - Template - 31 October 2017 - PUBLIC.xlsm,2.8 Maintenance,58,ElectraNet,https://www.aer.gov.au/documents/electranet-2016-17-category-analysis-rin-templates,https://www.aer.gov.au/authors/electranet?page=14,validated_manifest_match,Protection systems maintenance,submitted,58,meaningful,True,protection_systems_maintenance,Protection systems maintenance,protection_systems,Protection systems maintenance,mapped,mapped,AUD,nominal,1.0,standardized_source_unit,2384134.49,numeric,1236963.26,numeric,3621097.75,numeric
2016-17,Other maintenance activity ,Right of way (Row Maintenance),$0's,1945579.0,93318.94,Copy of D17 153782  ElectraNet 2016-17 - Category Analysis RIN - Template - 31 October 2017 - PUBLIC.xlsm,2.8 Maintenance,59,ElectraNet,https://www.aer.gov.au/documents/electranet-2016-17-category-analysis-rin-templates,https://www.aer.gov.au/authors/electranet?page=14,validated_manifest_match,Other maintenance activity ,submitted,59,meaningful,True,other_maintenance_activity,Other maintenance activity,right_of_way_maintenance,Right of way (ROW) maintenance,mapped,mapped,AUD,nominal,1.0,standardized_source_unit,1945579.0,numeric,93318.94,numeric,2038897.94,numeric
2017-18,Transmission lines maintenance,Transmission towers,$0's,4177862.10514913,5675314.13182753,DORIS - D18-158142 Transgrid 2017-18 - Category Analysis RIN - Templates - Public.XLSM,2.8 Maintenance,50,Transgrid,https://www.aer.gov.au/documents/transgrid-2017-18-category-analysis-rin-templates,https://www.aer.gov.au/authors/transgrid-t?page=2,validated_manifest_match,Transmission lines maintenance,submitted,50,meaningful,True,transmission_lines_maintenance,Transmission lines maintenance,transmission_towers,Transmission towers,mapped,mapped,AUD,nominal,1.0,standardized_source_unit,4177862.10514913,numeric,5675314.13182753,numeric,9853176.23697666,numeric
2017-18,Transmission lines maintenance,Transmission tower support structures,$0's,,,DORIS - D18-158142 Transgrid 2017-18 - Category Analysis RIN - Templates - Public.XLSM,2.8 Maintenance,51,Transgrid,https://www.aer.gov.au/documents/transgrid-2017-18-category-analysis-rin-templates,https://www.aer.gov.au/authors/transgrid-t?page=2,validated_manifest_match,Transmission lines maintenance,submitted,51,meaningful,True,transmission_lines_maintenance,Transmission lines maintenance,transmission_tower_support_structures,Transmission tower support structures,mapped,mapped,AUD,nominal,1.0,standardized_source_unit,,blank,,blank,,blank
2017-18,Transmission lines maintenance,Conductors,$0's,28748.3889688488,343931.623777213,DORIS - D18-158142 Transgrid 2017-18 - Category Analysis RIN - Templates - Public.XLSM,2.8 Maintenance,52,Transgrid,https://www.aer.gov.au/documents/transgrid-2017-18-category-analysis-rin-templates,https://www.aer.gov.au/authors/transgrid-t?page=2,validated_manifest_match,Transmission lines maintenance,submitted,52,meaningful,True,transmission_lines_maintenance,Transmission lines maintenance,conductors,Conductors,mapped,mapped,AUD,nominal,1.0,standardized_source_unit,28748.3889688488,numeric,343931.623777213,numeric,372680.0127460618,numeric
2017-18,Transmission lines maintenance,Transmission cables,$0's,662774.294686661,689718.708652011,DORIS - D18-158142 Transgrid 2017-18 - Category Analysis RIN - Templates - Public.XLSM,2.8 Maintenance,53,Transgrid,https://www.aer.gov.au/documents/transgrid-2017-18-category-analysis-rin-templates,https://www.aer.gov.au/authors/transgrid-t?page=2,validated_manifest_match,Transmission lines maintenance,submitted,53,meaningful,True,transmission_lines_maintenance,Transmission lines maintenance,transmission_cables,Transmission cables,mapped,mapped,AUD,nominal,1.0,standardized_source_unit,662774.294686661,numeric,689718.708652011,numeric,1352493.003338672,numeric
2017-18,Substations equipment & property maintenance,Substation switchbays (incl. Reactive plant),$0's,1173863.00427586,3283259.88303203,DORIS - D18-158142 Transgrid 2017-18 - Category Analysis RIN - Templates - Public.XLSM,2.8 Maintenance,54,Transgrid,https://www.aer.gov.au/documents/transgrid-2017-18-category-analysis-rin-templates,https://www.aer.gov.au/authors/transgrid-t?page=2,validated_manifest_match,Substations equipment & property maintenance,submitted,54,meaningful,True,substations_equipment_property_maintenance,Substations equipment & property maintenance,substation_switchbays,Substation switchbays (incl. Reactive plant),mapped,mapped,AUD,nominal,1.0,standardized_source_unit,1173863.00427586,numeric,3283259.88303203,numeric,4457122.88730789,numeric
2017-18,Substations equipment & property maintenance,Substation power transformers,$0's,545966.136139566,798383.317680584,DORIS - D18-158142 Transgrid 2017-18 - Category Analysis RIN - Templates - Public.XLSM,2.8 Maintenance,55,Transgrid,https://www.aer.gov.au/documents/transgrid-2017-18-category-analysis-rin-templates,https://www.aer.gov.au/authors/transgrid-t?page=2,validated_manifest_match,Substations equipment & property maintenance,submitted,55,meaningful,True,substations_equipment_property_maintenance,Substations equipment & property maintenance,substation_power_transformers,Substation power transformers,mapped,mapped,AUD,nominal,1.0,standardized_source_unit,545966.136139566,numeric,798383.317680584,numeric,1344349.4538201499,numeric
2017-18,Substations equipment & property maintenance,Substation property,$0's,2469935.40054315,8052590.83557238,DORIS - D18-158142 Transgrid 2017-18 - Category Analysis RIN - Templates - Public.XLSM,2.8 Maintenance,56,Transgrid,https://www.aer.gov.au/documents/transgrid-2017-18-category-analysis-rin-templates,https://www.aer.gov.au/authors/transgrid-t?page=2,validated_manifest_match,Substations equipment & property maintenance,submitted,56,meaningful,True,substations_equipment_property_maintenance,Substations equipment & property maintenance,substation_property,Substation property,mapped,mapped,AUD,nominal,1.0,standardized_source_unit,2469935.40054315,numeric,8052590.83557238,numeric,10522526.23611553,numeric
2017-18,SCADA & network control maintenance,SCADA & network control maintenance,$0's,136809.594954812,331027.741679467,DORIS - D18-158142 Transgrid 2017-18 - Category Analysis RIN - Templates - Public.XLSM,2.8 Maintenance,57,Transgrid,https://www.aer.gov.au/documents/transgrid-2017-18-category-analysis-rin-templates,https://www.aer.gov.au/authors/transgrid-t?page=2,validated_manifest_match,SCADA & network control maintenance,submitted,57,meaningful,True,scada_network_control_maintenance,SCADA & network control maintenance,scada_network_control,SCADA & network control maintenance,mapped,mapped,AUD,nominal,1.0,standardized_source_unit,136809.594954812,numeric,331027.741679467,numeric,467837.336634279,numeric
2017-18,Protection systems maintenance,Protection systems maintenance,$0's,735456.972983647,1380826.43590891,DORIS - D18-158142 Transgrid 2017-18 - Category Analysis RIN - Templates - Public.XLSM,2.8 Maintenance,58,Transgrid,https://www.aer.gov.au/documents/transgrid-2017-18-category-analysis-rin-templates,https://www.aer.gov.au/authors/transgrid-t?page=2,validated_manifest_match,Protection systems maintenance,submitted,58,meaningful,True,protection_systems_maintenance,Protection systems maintenance,protection_systems,Protection systems maintenance,mapped,mapped,AUD,nominal,1.0,standardized_source_unit,735456.972983647,numeric,1380826.43590891,numeric,2116283.408892557,numeric
2017-18,Other maintenance activity ,Metering,$0's,482089.686120312,43819.1956546995,DORIS - D18-158142 Transgrid 2017-18 - Category Analysis RIN - Templates - Public.XLSM,2.8 Maintenance,59,Transgrid,https://www.aer.gov.au/documents/transgrid-2017-18-category-analysis-rin-templates,https://www.aer.gov.au/authors/transgrid-t?page=2,validated_manifest_match,Other maintenance activity ,submitted,59,meaningful,True,other_maintenance_activity,Other maintenance activity,metering,Metering,mapped,mapped,AUD,nominal,1.0,standardized_source_unit,482089.686120312,numeric,43819.1956546995,numeric,525908.8817750115,numeric
2017-18,,Communications,$0's,298879.942721164,2993641.89730328,DORIS - D18-158142 Transgrid 2017-18 - Category Analysis RIN - Templates - Public.XLSM,2.8 Maintenance,60,Transgrid,https://www.aer.gov.au/documents/transgrid-2017-18-category-analysis-rin-templates,https://www.aer.gov.au/authors/transgrid-t?page=2,validated_manifest_match,Other maintenance activity ,continued_group_label,59,meaningful,True,other_maintenance_activity,Other maintenance activity,communications,Communications,mapped,mapped,AUD,nominal,1.0,standardized_source_unit,298879.942721164,numeric,2993641.89730328,numeric,3292521.840024444,numeric
2017-18,Transmission lines maintenance,Transmission towers,$0's,2515164.371675874,5874736.413742936,DORIS - D18-158267 ElectraNet 2017-18 - Category Analysis RIN - Template - Public.XLSM,2.8 Maintenance,50,ElectraNet,https://www.aer.gov.au/documents/electranet-2017-18-category-analysis-rin-templates,https://www.aer.gov.au/authors/electranet,validated_manifest_match,Transmission lines maintenance,submitted,50,meaningful,True,transmission_lines_maintenance,Transmission lines maintenance,transmission_towers,Transmission towers,mapped,mapped,AUD,nominal,1.0,standardized_source_unit,2515164.371675874,numeric,5874736.413742936,numeric,8389900.78541881,numeric
2017-18,Transmission lines maintenance,Transmission tower support structures,$0's,1649465.6972125955,2271658.247320669,DORIS - D18-158267 ElectraNet 2017-18 - Category Analysis RIN - Template - Public.XLSM,2.8 Maintenance,51,ElectraNet,https://www.aer.gov.au/documents/electranet-2017-18-category-analysis-rin-templates,https://www.aer.gov.au/authors/electranet,validated_manifest_match,Transmission lines maintenance,submitted,51,meaningful,True,transmission_lines_maintenance,Transmission lines maintenance,transmission_tower_support_structures,Transmission tower support structures,mapped,mapped,AUD,nominal,1.0,standardized_source_unit,1649465.6972125955,numeric,2271658.247320669,numeric,3921123.9445332643,numeric
2017-18,Transmission lines maintenance,Conductors,$0's,626458.6092627628,1302510.387721392,DORIS - D18-158267 ElectraNet 2017-18 - Category Analysis RIN - Template - Public.XLSM,2.8 Maintenance,52,ElectraNet,https://www.aer.gov.au/documents/electranet-2017-18-category-analysis-rin-templates,https://www.aer.gov.au/authors/electranet,validated_manifest_match,Transmission lines maintenance,submitted,52,meaningful,True,transmission_lines_maintenance,Transmission lines maintenance,conductors,Conductors,mapped,mapped,AUD,nominal,1.0,standardized_source_unit,626458.6092627628,numeric,1302510.387721392,numeric,1928968.996984155,numeric
2017-18,Transmission lines maintenance,Transmission cables,$0's,235938.32184876784,199164.2612150009,DORIS - D18-158267 ElectraNet 2017-18 - Category Analysis RIN - Template - Public.XLSM,2.8 Maintenance,53,ElectraNet,https://www.aer.gov.au/documents/electranet-2017-18-category-analysis-rin-templates,https://www.aer.gov.au/authors/electranet,validated_manifest_match,Transmission lines maintenance,submitted,53,meaningful,True,transmission_lines_maintenance,Transmission lines maintenance,transmission_cables,Transmission cables,mapped,mapped,AUD,nominal,1.0,standardized_source_unit,235938.32184876784,numeric,199164.2612150009,numeric,435102.58306376875,numeric
2017-18,Substations equipment & property maintenance,Substation switchbays (incl. Reactive plant),$0's,2225441.713219717,5400925.2048059385,DORIS - D18-158267 ElectraNet 2017-18 - Category Analysis RIN - Template - Public.XLSM,2.8 Maintenance,54,ElectraNet,https://www.aer.gov.au/documents/electranet-2017-18-category-analysis-rin-templates,https://www.aer.gov.au/authors/electranet,validated_manifest_match,Substations equipment & property maintenance,submitted,54,meaningful,True,substations_equipment_property_maintenance,Substations equipment & property maintenance,substation_switchbays,Substation switchbays (incl. Reactive plant),mapped,mapped,AUD,nominal,1.0,standardized_source_unit,2225441.713219717,numeric,5400925.2048059385,numeric,7626366.918025656,numeric
2017-18,Substations equipment & property maintenance,Substation power transformers,$0's,1043835.1014564371,2813243.165154318,DORIS - D18-158267 ElectraNet 2017-18 - Category Analysis RIN - Template - Public.XLSM,2.8 Maintenance,55,ElectraNet,https://www.aer.gov.au/documents/electranet-2017-18-category-analysis-rin-templates,https://www.aer.gov.au/authors/electranet,validated_manifest_match,Substations equipment & property maintenance,submitted,55,meaningful,True,substations_equipment_property_maintenance,Substations equipment & property maintenance,substation_power_transformers,Substation power transformers,mapped,mapped,AUD,nominal,1.0,standardized_source_unit,1043835.1014564371,numeric,2813243.165154318,numeric,3857078.266610755,numeric
2017-18,Substations equipment & property maintenance,Substation property,$0's,4309324.585323845,3834776.610039743,DORIS - D18-158267 ElectraNet 2017-18 - Category Analysis RIN - Template - Public.XLSM,2.8 Maintenance,56,ElectraNet,https://www.aer.gov.au/documents/electranet-2017-18-category-analysis-rin-templates,https://www.aer.gov.au/authors/electranet,validated_manifest_match,Substations equipment & property maintenance,submitted,56,meaningful,True,substations_equipment_property_maintenance,Substations equipment & property maintenance,substation_property,Substation property,mapped,mapped,AUD,nominal,1.0,standardized_source_unit,4309324.585323845,numeric,3834776.610039743,numeric,8144101.195363589,numeric
2017-18,SCADA & network control maintenance,SCADA & network control maintenance,$0's,2215616.06,663537.9099999999,DORIS - D18-158267 ElectraNet 2017-18 - Category Analysis RIN - Template - Public.XLSM,2.8 Maintenance,57,ElectraNet,https://www.aer.gov.au/documents/electranet-2017-18-category-analysis-rin-templates,https://www.aer.gov.au/authors/electranet,validated_manifest_match,SCADA & network control maintenance,submitted,57,meaningful,True,scada_network_control_maintenance,SCADA & network control maintenance,scada_network_control,SCADA & network control maintenance,mapped,mapped,AUD,nominal,1.0,standardized_source_unit,2215616.06,numeric,663537.9099999999,numeric,2879153.9699999997,numeric
2017-18,Protection systems maintenance,Protection systems maintenance,$0's,2344982.17,1429107.9,DORIS - D18-158267 ElectraNet 2017-18 - Category Analysis RIN - Template - Public.XLSM,2.8 Maintenance,58,ElectraNet,https://www.aer.gov.au/documents/electranet-2017-18-category-analysis-rin-templates,https://www.aer.gov.au/authors/electranet,validated_manifest_match,Protection systems maintenance,submitted,58,meaningful,True,protection_systems_maintenance,Protection systems maintenance,protection_systems,Protection systems maintenance,mapped,mapped,AUD,nominal,1.0,standardized_source_unit,2344982.17,numeric,1429107.9,numeric,3774090.07,numeric
2017-18,Other maintenance activity ,,$0's,,,DORIS - D18-158267 ElectraNet 2017-18 - Category Analysis RIN - Template - Public.XLSM,2.8 Maintenance,59,ElectraNet,https://www.aer.gov.au/documents/electranet-2017-18-category-analysis-rin-templates,https://www.aer.gov.au/authors/electranet,validated_manifest_match,Other maintenance activity ,submitted,59,group_header_only,False,,,,,not_applicable,not_applicable,,,,not_applicable,,blank,,blank,,blank
2017-18,,Row Maintenance,$0's,1868309.06,134253.11,DORIS - D18-158267 ElectraNet 2017-18 - Category Analysis RIN - Template - Public.XLSM,2.8 Maintenance,60,ElectraNet,https://www.aer.gov.au/documents/electranet-2017-18-category-analysis-rin-templates,https://www.aer.gov.au/authors/electranet,validated_manifest_match,Other maintenance activity ,continued_group_label,59,meaningful,True,other_maintenance_activity,Other maintenance activity,right_of_way_maintenance,Right of way (ROW) maintenance,mapped,mapped,AUD,nominal,1.0,standardized_source_unit,1868309.06,numeric,134253.11,numeric,2002562.17,numeric
2018-19,Transmission lines maintenance,Transmission towers,$0's,994076.2956654348,6880611.581712978,ElectraNet 2018-19 - Category Analysis - RIN Response - Consolidated - 31 October 2019 - PUBLIC D19-175655.xlsx,2.8 Maintenance,50,ElectraNet,https://www.aer.gov.au/documents/electranet-2018-19-category-analysis-rin-templates,https://www.aer.gov.au/authors/electranet?page=2,validated_manifest_match,Transmission lines maintenance,submitted,50,meaningful,True,transmission_lines_maintenance,Transmission lines maintenance,transmission_towers,Transmission towers,mapped,mapped,AUD,nominal,1.0,standardized_source_unit,994076.2956654348,numeric,6880611.581712978,numeric,7874687.8773784125,numeric
2018-19,Transmission lines maintenance,Transmission tower support structures,$0's,1617614.6741036212,4969409.495663943,ElectraNet 2018-19 - Category Analysis - RIN Response - Consolidated - 31 October 2019 - PUBLIC D19-175655.xlsx,2.8 Maintenance,51,ElectraNet,https://www.aer.gov.au/documents/electranet-2018-19-category-analysis-rin-templates,https://www.aer.gov.au/authors/electranet?page=2,validated_manifest_match,Transmission lines maintenance,submitted,51,meaningful,True,transmission_lines_maintenance,Transmission lines maintenance,transmission_tower_support_structures,Transmission tower support structures,mapped,mapped,AUD,nominal,1.0,standardized_source_unit,1617614.6741036212,numeric,4969409.495663943,numeric,6587024.169767564,numeric
2018-19,Transmission lines maintenance,Conductors,$0's,454836.78895756346,715449.2474741903,ElectraNet 2018-19 - Category Analysis - RIN Response - Consolidated - 31 October 2019 - PUBLIC D19-175655.xlsx,2.8 Maintenance,52,ElectraNet,https://www.aer.gov.au/documents/electranet-2018-19-category-analysis-rin-templates,https://www.aer.gov.au/authors/electranet?page=2,validated_manifest_match,Transmission lines maintenance,submitted,52,meaningful,True,transmission_lines_maintenance,Transmission lines maintenance,conductors,Conductors,mapped,mapped,AUD,nominal,1.0,standardized_source_unit,454836.78895756346,numeric,715449.2474741903,numeric,1170286.0364317538,numeric
2018-19,Transmission lines maintenance,Transmission cables,$0's,225361.77127338116,65255.13514888802,ElectraNet 2018-19 - Category Analysis - RIN Response - Consolidated - 31 October 2019 - PUBLIC D19-175655.xlsx,2.8 Maintenance,53,ElectraNet,https://www.aer.gov.au/documents/electranet-2018-19-category-analysis-rin-templates,https://www.aer.gov.au/authors/electranet?page=2,validated_manifest_match,Transmission lines maintenance,submitted,53,meaningful,True,transmission_lines_maintenance,Transmission lines maintenance,transmission_cables,Transmission cables,mapped,mapped,AUD,nominal,1.0,standardized_source_unit,225361.77127338116,numeric,65255.13514888802,numeric,290616.9064222692,numeric
2018-19,Substations equipment & property maintenance,Substation switchbays (incl. Reactive plant),$0's,1602748.123932074,3474023.1777615887,ElectraNet 2018-19 - Category Analysis - RIN Response - Consolidated - 31 October 2019 - PUBLIC D19-175655.xlsx,2.8 Maintenance,54,ElectraNet,https://www.aer.gov.au/documents/electranet-2018-19-category-analysis-rin-templates,https://www.aer.gov.au/authors/electranet?page=2,validated_manifest_match,Substations equipment & property maintenance,submitted,54,meaningful,True,substations_equipment_property_maintenance,Substations equipment & property maintenance,substation_switchbays,Substation switchbays (incl. Reactive plant),mapped,mapped,AUD,nominal,1.0,standardized_source_unit,1602748.123932074,numeric,3474023.1777615887,numeric,5076771.301693663,numeric
2018-19,Substations equipment & property maintenance,Substation power transformers,$0's,1347494.2205976425,2278718.925214412,ElectraNet 2018-19 - Category Analysis - RIN Response - Consolidated - 31 October 2019 - PUBLIC D19-175655.xlsx,2.8 Maintenance,55,ElectraNet,https://www.aer.gov.au/documents/electranet-2018-19-category-analysis-rin-templates,https://www.aer.gov.au/authors/electranet?page=2,validated_manifest_match,Substations equipment & property maintenance,submitted,55,meaningful,True,substations_equipment_property_maintenance,Substations equipment & property maintenance,substation_power_transformers,Substation power transformers,mapped,mapped,AUD,nominal,1.0,standardized_source_unit,1347494.2205976425,numeric,2278718.925214412,numeric,3626213.1458120546,numeric
2018-19,Substations equipment & property maintenance,Substation property,$0's,3945482.535470284,3214370.187024,ElectraNet 2018-19 - Category Analysis - RIN Response - Consolidated - 31 October 2019 - PUBLIC D19-175655.xlsx,2.8 Maintenance,56,ElectraNet,https://www.aer.gov.au/documents/electranet-2018-19-category-analysis-rin-templates,https://www.aer.gov.au/authors/electranet?page=2,validated_manifest_match,Substations equipment & property maintenance,submitted,56,meaningful,True,substations_equipment_property_maintenance,Substations equipment & property maintenance,substation_property,Substation property,mapped,mapped,AUD,nominal,1.0,standardized_source_unit,3945482.535470284,numeric,3214370.187024,numeric,7159852.722494284,numeric
2018-19,SCADA & network control maintenance,SCADA & network control maintenance,$0's,2457409.29,426543.22,ElectraNet 2018-19 - Category Analysis - RIN Response - Consolidated - 31 October 2019 - PUBLIC D19-175655.xlsx,2.8 Maintenance,57,ElectraNet,https://www.aer.gov.au/documents/electranet-2018-19-category-analysis-rin-templates,https://www.aer.gov.au/authors/electranet?page=2,validated_manifest_match,SCADA & network control maintenance,submitted,57,meaningful,True,scada_network_control_maintenance,SCADA & network control maintenance,scada_network_control,SCADA & network control maintenance,mapped,mapped,AUD,nominal,1.0,standardized_source_unit,2457409.29,numeric,426543.22,numeric,2883952.51,numeric
2018-19,Protection systems maintenance,Protection systems maintenance,$0's,2914166.19,1297531.01,ElectraNet 2018-19 - Category Analysis - RIN Response - Consolidated - 31 October 2019 - PUBLIC D19-175655.xlsx,2.8 Maintenance,58,ElectraNet,https://www.aer.gov.au/documents/electranet-2018-19-category-analysis-rin-templates,https://www.aer.gov.au/authors/electranet?page=2,validated_manifest_match,Protection systems maintenance,submitted,58,meaningful,True,protection_systems_maintenance,Protection systems maintenance,protection_systems,Protection systems maintenance,mapped,mapped,AUD,nominal,1.0,standardized_source_unit,2914166.19,numeric,1297531.01,numeric,4211697.2,numeric
2018-19,Other maintenance activity ,RIGHT OF WAY (ROW) MAINTENANCE,$0's,2105455.32,79228.40000000001,ElectraNet 2018-19 - Category Analysis - RIN Response - Consolidated - 31 October 2019 - PUBLIC D19-175655.xlsx,2.8 Maintenance,59,ElectraNet,https://www.aer.gov.au/documents/electranet-2018-19-category-analysis-rin-templates,https://www.aer.gov.au/authors/electranet?page=2,validated_manifest_match,Other maintenance activity ,submitted,59,meaningful,True,other_maintenance_activity,Other maintenance activity,right_of_way_maintenance,Right of way (ROW) maintenance,mapped,mapped,AUD,nominal,1.0,standardized_source_unit,2105455.32,numeric,79228.40000000001,numeric,2184683.7199999997,numeric
2019-20,Transmission lines maintenance,Transmission towers,$0's,1306314.492090787,7634433.802887562,ElectraNet 2019-20 - Category Analysis - RIN Response - Consolidated - 30 October 2020 - PUBLIC (#11672792).xlsx,2.8 Maintenance,50,ElectraNet,https://www.aer.gov.au/documents/electranet-2019-20-category-analysis-rin-templates,https://www.aer.gov.au/authors/electranet?page=1,validated_manifest_match,Transmission lines maintenance,submitted,50,meaningful,True,transmission_lines_maintenance,Transmission lines maintenance,transmission_towers,Transmission towers,mapped,mapped,AUD,nominal,1.0,standardized_source_unit,1306314.492090787,numeric,7634433.802887562,numeric,8940748.294978349,numeric
2019-20,Transmission lines maintenance,Transmission tower support structures,$0's,1221250.0540978282,2210627.9938008096,ElectraNet 2019-20 - Category Analysis - RIN Response - Consolidated - 30 October 2020 - PUBLIC (#11672792).xlsx,2.8 Maintenance,51,ElectraNet,https://www.aer.gov.au/documents/electranet-2019-20-category-analysis-rin-templates,https://www.aer.gov.au/authors/electranet?page=1,validated_manifest_match,Transmission lines maintenance,submitted,51,meaningful,True,transmission_lines_maintenance,Transmission lines maintenance,transmission_tower_support_structures,Transmission tower support structures,mapped,mapped,AUD,nominal,1.0,standardized_source_unit,1221250.0540978282,numeric,2210627.9938008096,numeric,3431878.047898638,numeric
2019-20,Transmission lines maintenance,Conductors,$0's,580093.7756964684,1659713.375585338,ElectraNet 2019-20 - Category Analysis - RIN Response - Consolidated - 30 October 2020 - PUBLIC (#11672792).xlsx,2.8 Maintenance,52,ElectraNet,https://www.aer.gov.au/documents/electranet-2019-20-category-analysis-rin-templates,https://www.aer.gov.au/authors/electranet?page=1,validated_manifest_match,Transmission lines maintenance,submitted,52,meaningful,True,transmission_lines_maintenance,Transmission lines maintenance,conductors,Conductors,mapped,mapped,AUD,nominal,1.0,standardized_source_unit,580093.7756964684,numeric,1659713.375585338,numeric,2239807.1512818066,numeric
2019-20,Transmission lines maintenance,Transmission cables,$0's,485863.2781149152,88104.47772629201,ElectraNet 2019-20 - Category Analysis - RIN Response - Consolidated - 30 October 2020 - PUBLIC (#11672792).xlsx,2.8 Maintenance,53,ElectraNet,https://www.aer.gov.au/documents/electranet-2019-20-category-analysis-rin-templates,https://www.aer.gov.au/authors/electranet?page=1,validated_manifest_match,Transmission lines maintenance,submitted,53,meaningful,True,transmission_lines_maintenance,Transmission lines maintenance,transmission_cables,Transmission cables,mapped,mapped,AUD,nominal,1.0,standardized_source_unit,485863.2781149152,numeric,88104.47772629201,numeric,573967.7558412072,numeric
2019-20,Substations equipment & property maintenance,Substation switchbays (incl. Reactive plant),$0's,1888640.52782214,4090691.8162128897,ElectraNet 2019-20 - Category Analysis - RIN Response - Consolidated - 30 October 2020 - PUBLIC (#11672792).xlsx,2.8 Maintenance,54,ElectraNet,https://www.aer.gov.au/documents/electranet-2019-20-category-analysis-rin-templates,https://www.aer.gov.au/authors/electranet?page=1,validated_manifest_match,Substations equipment & property maintenance,submitted,54,meaningful,True,substations_equipment_property_maintenance,Substations equipment & property maintenance,substation_switchbays,Substation switchbays (incl. Reactive plant),mapped,mapped,AUD,nominal,1.0,standardized_source_unit,1888640.52782214,numeric,4090691.8162128897,numeric,5979332.344035029,numeric
2019-20,Substations equipment & property maintenance,Substation power transformers,$0's,1948530.9068821475,2032661.1106778383,ElectraNet 2019-20 - Category Analysis - RIN Response - Consolidated - 30 October 2020 - PUBLIC (#11672792).xlsx,2.8 Maintenance,55,ElectraNet,https://www.aer.gov.au/documents/electranet-2019-20-category-analysis-rin-templates,https://www.aer.gov.au/authors/electranet?page=1,validated_manifest_match,Substations equipment & property maintenance,submitted,55,meaningful,True,substations_equipment_property_maintenance,Substations equipment & property maintenance,substation_power_transformers,Substation power transformers,mapped,mapped,AUD,nominal,1.0,standardized_source_unit,1948530.9068821475,numeric,2032661.1106778383,numeric,3981192.0175599856,numeric
2019-20,Substations equipment & property maintenance,Substation property,$0's,3324972.615295713,2338028.973109273,ElectraNet 2019-20 - Category Analysis - RIN Response - Consolidated - 30 October 2020 - PUBLIC (#11672792).xlsx,2.8 Maintenance,56,ElectraNet,https://www.aer.gov.au/documents/electranet-2019-20-category-analysis-rin-templates,https://www.aer.gov.au/authors/electranet?page=1,validated_manifest_match,Substations equipment & property maintenance,submitted,56,meaningful,True,substations_equipment_property_maintenance,Substations equipment & property maintenance,substation_property,Substation property,mapped,mapped,AUD,nominal,1.0,standardized_source_unit,3324972.615295713,numeric,2338028.973109273,numeric,5663001.588404985,numeric
2019-20,SCADA & network control maintenance,SCADA & network control maintenance,$0's,2494035.13,373045.42,ElectraNet 2019-20 - Category Analysis - RIN Response - Consolidated - 30 October 2020 - PUBLIC (#11672792).xlsx,2.8 Maintenance,57,ElectraNet,https://www.aer.gov.au/documents/electranet-2019-20-category-analysis-rin-templates,https://www.aer.gov.au/authors/electranet?page=1,validated_manifest_match,SCADA & network control maintenance,submitted,57,meaningful,True,scada_network_control_maintenance,SCADA & network control maintenance,scada_network_control,SCADA & network control maintenance,mapped,mapped,AUD,nominal,1.0,standardized_source_unit,2494035.13,numeric,373045.42,numeric,2867080.55,numeric
2019-20,Protection systems maintenance,Protection systems maintenance,$0's,2815939.23,1518224.6800000002,ElectraNet 2019-20 - Category Analysis - RIN Response - Consolidated - 30 October 2020 - PUBLIC (#11672792).xlsx,2.8 Maintenance,58,ElectraNet,https://www.aer.gov.au/documents/electranet-2019-20-category-analysis-rin-templates,https://www.aer.gov.au/authors/electranet?page=1,validated_manifest_match,Protection systems maintenance,submitted,58,meaningful,True,protection_systems_maintenance,Protection systems maintenance,protection_systems,Protection systems maintenance,mapped,mapped,AUD,nominal,1.0,standardized_source_unit,2815939.23,numeric,1518224.6800000002,numeric,4334163.91,numeric
2019-20,Other maintenance activity ,RIGHT OF WAY ROW MAINTENANCE,$0's,1871316.77,81869.91,ElectraNet 2019-20 - Category Analysis - RIN Response - Consolidated - 30 October 2020 - PUBLIC (#11672792).xlsx,2.8 Maintenance,59,ElectraNet,https://www.aer.gov.au/documents/electranet-2019-20-category-analysis-rin-templates,https://www.aer.gov.au/authors/electranet?page=1,validated_manifest_match,Other maintenance activity ,submitted,59,meaningful,True,other_maintenance_activity,Other maintenance activity,right_of_way_maintenance,Right of way (ROW) maintenance,mapped,mapped,AUD,nominal,1.0,standardized_source_unit,1871316.77,numeric,81869.91,numeric,1953186.68,numeric
2020-21,Transmission lines maintenance,Transmission towers,$0's,1890651.4158296047,10223752.684535133,ElectraNet 2020-21 - Category Analysis - RIN Response - Consolidated - 29 October 2021 - PUBLIC(13029806.1).xlsx,2.8 Maintenance,50,ElectraNet,https://www.aer.gov.au/documents/electranet-2020-21-category-analysis-rin-templates,https://www.aer.gov.au/authors/electranet?page=6,validated_manifest_match,Transmission lines maintenance,submitted,50,meaningful,True,transmission_lines_maintenance,Transmission lines maintenance,transmission_towers,Transmission towers,mapped,mapped,AUD,nominal,1.0,standardized_source_unit,1890651.4158296047,numeric,10223752.684535133,numeric,12114404.100364737,numeric
2020-21,Transmission lines maintenance,Transmission tower support structures,$0's,1664545.2593475608,4143620.5711191744,ElectraNet 2020-21 - Category Analysis - RIN Response - Consolidated - 29 October 2021 - PUBLIC(13029806.1).xlsx,2.8 Maintenance,51,ElectraNet,https://www.aer.gov.au/documents/electranet-2020-21-category-analysis-rin-templates,https://www.aer.gov.au/authors/electranet?page=6,validated_manifest_match,Transmission lines maintenance,submitted,51,meaningful,True,transmission_lines_maintenance,Transmission lines maintenance,transmission_tower_support_structures,Transmission tower support structures,mapped,mapped,AUD,nominal,1.0,standardized_source_unit,1664545.2593475608,numeric,4143620.5711191744,numeric,5808165.830466735,numeric
2020-21,Transmission lines maintenance,Conductors,$0's,790658.9981900913,1466989.7790456675,ElectraNet 2020-21 - Category Analysis - RIN Response - Consolidated - 29 October 2021 - PUBLIC(13029806.1).xlsx,2.8 Maintenance,52,ElectraNet,https://www.aer.gov.au/documents/electranet-2020-21-category-analysis-rin-templates,https://www.aer.gov.au/authors/electranet?page=6,validated_manifest_match,Transmission lines maintenance,submitted,52,meaningful,True,transmission_lines_maintenance,Transmission lines maintenance,conductors,Conductors,mapped,mapped,AUD,nominal,1.0,standardized_source_unit,790658.9981900913,numeric,1466989.7790456675,numeric,2257648.777235759,numeric
2020-21,Transmission lines maintenance,Transmission cables,$0's,310539.2466327427,27014.465300026004,ElectraNet 2020-21 - Category Analysis - RIN Response - Consolidated - 29 October 2021 - PUBLIC(13029806.1).xlsx,2.8 Maintenance,53,ElectraNet,https://www.aer.gov.au/documents/electranet-2020-21-category-analysis-rin-templates,https://www.aer.gov.au/authors/electranet?page=6,validated_manifest_match,Transmission lines maintenance,submitted,53,meaningful,True,transmission_lines_maintenance,Transmission lines maintenance,transmission_cables,Transmission cables,mapped,mapped,AUD,nominal,1.0,standardized_source_unit,310539.2466327427,numeric,27014.465300026004,numeric,337553.7119327687,numeric
2020-21,Substations equipment & property maintenance,Substation switchbays (incl. Reactive plant),$0's,1438457.796307,2527285.1375062955,ElectraNet 2020-21 - Category Analysis - RIN Response - Consolidated - 29 October 2021 - PUBLIC(13029806.1).xlsx,2.8 Maintenance,54,ElectraNet,https://www.aer.gov.au/documents/electranet-2020-21-category-analysis-rin-templates,https://www.aer.gov.au/authors/electranet?page=6,validated_manifest_match,Substations equipment & property maintenance,submitted,54,meaningful,True,substations_equipment_property_maintenance,Substations equipment & property maintenance,substation_switchbays,Substation switchbays (incl. Reactive plant),mapped,mapped,AUD,nominal,1.0,standardized_source_unit,1438457.796307,numeric,2527285.1375062955,numeric,3965742.9338132953,numeric
2020-21,Substations equipment & property maintenance,Substation power transformers,$0's,1221508.1411058966,1422903.2202991194,ElectraNet 2020-21 - Category Analysis - RIN Response - Consolidated - 29 October 2021 - PUBLIC(13029806.1).xlsx,2.8 Maintenance,55,ElectraNet,https://www.aer.gov.au/documents/electranet-2020-21-category-analysis-rin-templates,https://www.aer.gov.au/authors/electranet?page=6,validated_manifest_match,Substations equipment & property maintenance,submitted,55,meaningful,True,substations_equipment_property_maintenance,Substations equipment & property maintenance,substation_power_transformers,Substation power transformers,mapped,mapped,AUD,nominal,1.0,standardized_source_unit,1221508.1411058966,numeric,1422903.2202991194,numeric,2644411.361405016,numeric
2020-21,Substations equipment & property maintenance,Substation property,$0's,4146428.322587103,2853874.1921945843,ElectraNet 2020-21 - Category Analysis - RIN Response - Consolidated - 29 October 2021 - PUBLIC(13029806.1).xlsx,2.8 Maintenance,56,ElectraNet,https://www.aer.gov.au/documents/electranet-2020-21-category-analysis-rin-templates,https://www.aer.gov.au/authors/electranet?page=6,validated_manifest_match,Substations equipment & property maintenance,submitted,56,meaningful,True,substations_equipment_property_maintenance,Substations equipment & property maintenance,substation_property,Substation property,mapped,mapped,AUD,nominal,1.0,standardized_source_unit,4146428.322587103,numeric,2853874.1921945843,numeric,7000302.514781687,numeric
2020-21,SCADA & network control maintenance,SCADA & network control maintenance,$0's,2556270.58,475418.71,ElectraNet 2020-21 - Category Analysis - RIN Response - Consolidated - 29 October 2021 - PUBLIC(13029806.1).xlsx,2.8 Maintenance,57,ElectraNet,https://www.aer.gov.au/documents/electranet-2020-21-category-analysis-rin-templates,https://www.aer.gov.au/authors/electranet?page=6,validated_manifest_match,SCADA & network control maintenance,submitted,57,meaningful,True,scada_network_control_maintenance,SCADA & network control maintenance,scada_network_control,SCADA & network control maintenance,mapped,mapped,AUD,nominal,1.0,standardized_source_unit,2556270.58,numeric,475418.71,numeric,3031689.29,numeric
2020-21,Protection systems maintenance,Protection systems maintenance,$0's,3506322.86,924542.26,ElectraNet 2020-21 - Category Analysis - RIN Response - Consolidated - 29 October 2021 - PUBLIC(13029806.1).xlsx,2.8 Maintenance,58,ElectraNet,https://www.aer.gov.au/documents/electranet-2020-21-category-analysis-rin-templates,https://www.aer.gov.au/authors/electranet?page=6,validated_manifest_match,Protection systems maintenance,submitted,58,meaningful,True,protection_systems_maintenance,Protection systems maintenance,protection_systems,Protection systems maintenance,mapped,mapped,AUD,nominal,1.0,standardized_source_unit,3506322.86,numeric,924542.26,numeric,4430865.12,numeric
2020-21,Other maintenance activity ,RIGHT OF WAY (ROW) MAINTENANCE,$0's,1839752.33,21893.81,ElectraNet 2020-21 - Category Analysis - RIN Response - Consolidated - 29 October 2021 - PUBLIC(13029806.1).xlsx,2.8 Maintenance,59,ElectraNet,https://www.aer.gov.au/documents/electranet-2020-21-category-analysis-rin-templates,https://www.aer.gov.au/authors/electranet?page=6,validated_manifest_match,Other maintenance activity ,submitted,59,meaningful,True,other_maintenance_activity,Other maintenance activity,right_of_way_maintenance,Right of way (ROW) maintenance,mapped,mapped,AUD,nominal,1.0,standardized_source_unit,1839752.33,numeric,21893.81,numeric,1861646.1400000001,numeric
2021-22,Transmission lines maintenance,Transmission towers,$0's,2102402.584960452,9617378.912861472,ElectraNet 2021-22 - Category Analysis - RIN response - 28 October 2022 - PUBLIC(14582813.1).xlsx,2.8 Maintenance,50,ElectraNet,https://www.aer.gov.au/documents/electranet-2021-22-category-analysis-rin-templates,https://www.aer.gov.au/authors/electranet?page=21,validated_manifest_match,Transmission lines maintenance,submitted,50,meaningful,True,transmission_lines_maintenance,Transmission lines maintenance,transmission_towers,Transmission towers,mapped,mapped,AUD,nominal,1.0,standardized_source_unit,2102402.584960452,numeric,9617378.912861472,numeric,11719781.497821923,numeric
2021-22,Transmission lines maintenance,Transmission tower support structures,$0's,2277728.3955203183,4634378.8961385945,ElectraNet 2021-22 - Category Analysis - RIN response - 28 October 2022 - PUBLIC(14582813.1).xlsx,2.8 Maintenance,51,ElectraNet,https://www.aer.gov.au/documents/electranet-2021-22-category-analysis-rin-templates,https://www.aer.gov.au/authors/electranet?page=21,validated_manifest_match,Transmission lines maintenance,submitted,51,meaningful,True,transmission_lines_maintenance,Transmission lines maintenance,transmission_tower_support_structures,Transmission tower support structures,mapped,mapped,AUD,nominal,1.0,standardized_source_unit,2277728.3955203183,numeric,4634378.8961385945,numeric,6912107.291658913,numeric
2021-22,Transmission lines maintenance,Conductors,$0's,763962.189711647,1646226.6831063677,ElectraNet 2021-22 - Category Analysis - RIN response - 28 October 2022 - PUBLIC(14582813.1).xlsx,2.8 Maintenance,52,ElectraNet,https://www.aer.gov.au/documents/electranet-2021-22-category-analysis-rin-templates,https://www.aer.gov.au/authors/electranet?page=21,validated_manifest_match,Transmission lines maintenance,submitted,52,meaningful,True,transmission_lines_maintenance,Transmission lines maintenance,conductors,Conductors,mapped,mapped,AUD,nominal,1.0,standardized_source_unit,763962.189711647,numeric,1646226.6831063677,numeric,2410188.8728180146,numeric
2021-22,Transmission lines maintenance,Transmission cables,$0's,491840.0898075842,127331.90789356537,ElectraNet 2021-22 - Category Analysis - RIN response - 28 October 2022 - PUBLIC(14582813.1).xlsx,2.8 Maintenance,53,ElectraNet,https://www.aer.gov.au/documents/electranet-2021-22-category-analysis-rin-templates,https://www.aer.gov.au/authors/electranet?page=21,validated_manifest_match,Transmission lines maintenance,submitted,53,meaningful,True,transmission_lines_maintenance,Transmission lines maintenance,transmission_cables,Transmission cables,mapped,mapped,AUD,nominal,1.0,standardized_source_unit,491840.0898075842,numeric,127331.90789356537,numeric,619171.9977011496,numeric
2021-22,Substations equipment & property maintenance,Substation switchbays (incl. Reactive plant),$0's,1961154.72945586,3318750.009396065,ElectraNet 2021-22 - Category Analysis - RIN response - 28 October 2022 - PUBLIC(14582813.1).xlsx,2.8 Maintenance,54,ElectraNet,https://www.aer.gov.au/documents/electranet-2021-22-category-analysis-rin-templates,https://www.aer.gov.au/authors/electranet?page=21,validated_manifest_match,Substations equipment & property maintenance,submitted,54,meaningful,True,substations_equipment_property_maintenance,Substations equipment & property maintenance,substation_switchbays,Substation switchbays (incl. Reactive plant),mapped,mapped,AUD,nominal,1.0,standardized_source_unit,1961154.72945586,numeric,3318750.009396065,numeric,5279904.738851925,numeric
2021-22,Substations equipment & property maintenance,Substation power transformers,$0's,1398698.9040549411,1894248.5666541052,ElectraNet 2021-22 - Category Analysis - RIN response - 28 October 2022 - PUBLIC(14582813.1).xlsx,2.8 Maintenance,55,ElectraNet,https://www.aer.gov.au/documents/electranet-2021-22-category-analysis-rin-templates,https://www.aer.gov.au/authors/electranet?page=21,validated_manifest_match,Substations equipment & property maintenance,submitted,55,meaningful,True,substations_equipment_property_maintenance,Substations equipment & property maintenance,substation_power_transformers,Substation power transformers,mapped,mapped,AUD,nominal,1.0,standardized_source_unit,1398698.9040549411,numeric,1894248.5666541052,numeric,3292947.4707090463,numeric
2021-22,Substations equipment & property maintenance,Substation property,$0's,4128043.4164891983,2756676.6339498297,ElectraNet 2021-22 - Category Analysis - RIN response - 28 October 2022 - PUBLIC(14582813.1).xlsx,2.8 Maintenance,56,ElectraNet,https://www.aer.gov.au/documents/electranet-2021-22-category-analysis-rin-templates,https://www.aer.gov.au/authors/electranet?page=21,validated_manifest_match,Substations equipment & property maintenance,submitted,56,meaningful,True,substations_equipment_property_maintenance,Substations equipment & property maintenance,substation_property,Substation property,mapped,mapped,AUD,nominal,1.0,standardized_source_unit,4128043.4164891983,numeric,2756676.6339498297,numeric,6884720.050439028,numeric
2021-22,SCADA & network control maintenance,SCADA & network control maintenance,$0's,2100562.57,401125.57,ElectraNet 2021-22 - Category Analysis - RIN response - 28 October 2022 - PUBLIC(14582813.1).xlsx,2.8 Maintenance,57,ElectraNet,https://www.aer.gov.au/documents/electranet-2021-22-category-analysis-rin-templates,https://www.aer.gov.au/authors/electranet?page=21,validated_manifest_match,SCADA & network control maintenance,submitted,57,meaningful,True,scada_network_control_maintenance,SCADA & network control maintenance,scada_network_control,SCADA & network control maintenance,mapped,mapped,AUD,nominal,1.0,standardized_source_unit,2100562.57,numeric,401125.57,numeric,2501688.1399999997,numeric
2021-22,Protection systems maintenance,Protection systems maintenance,$0's,1876020.25,1217297.63,ElectraNet 2021-22 - Category Analysis - RIN response - 28 October 2022 - PUBLIC(14582813.1).xlsx,2.8 Maintenance,58,ElectraNet,https://www.aer.gov.au/documents/electranet-2021-22-category-analysis-rin-templates,https://www.aer.gov.au/authors/electranet?page=21,validated_manifest_match,Protection systems maintenance,submitted,58,meaningful,True,protection_systems_maintenance,Protection systems maintenance,protection_systems,Protection systems maintenance,mapped,mapped,AUD,nominal,1.0,standardized_source_unit,1876020.25,numeric,1217297.63,numeric,3093317.88,numeric
2021-22,Other maintenance activity ,Right of Way (Row) Maintenance,$0's,2135124.26,8129.22,ElectraNet 2021-22 - Category Analysis - RIN response - 28 October 2022 - PUBLIC(14582813.1).xlsx,2.8 Maintenance,59,ElectraNet,https://www.aer.gov.au/documents/electranet-2021-22-category-analysis-rin-templates,https://www.aer.gov.au/authors/electranet?page=21,validated_manifest_match,Other maintenance activity ,submitted,59,meaningful,True,other_maintenance_activity,Other maintenance activity,right_of_way_maintenance,Right of way (ROW) maintenance,mapped,mapped,AUD,nominal,1.0,standardized_source_unit,2135124.26,numeric,8129.22,numeric,2143253.48,numeric
2022-23,Transmission lines maintenance,Transmission towers,$0's,2086788.114197012,6313330.739415282,ElectraNet 2022-23 - Category analysis - RIN responses - Consolidated - 27 October 2023 - PUBLIC(15999621.1).xlsx,2.8 Maintenance,50,ElectraNet,https://www.aer.gov.au/documents/electranet-2022-23-category-analysis-rin-templates,https://www.aer.gov.au/authors/electranet?page=8,validated_manifest_match,Transmission lines maintenance,submitted,50,meaningful,True,transmission_lines_maintenance,Transmission lines maintenance,transmission_towers,Transmission towers,mapped,mapped,AUD,nominal,1.0,standardized_source_unit,2086788.114197012,numeric,6313330.739415282,numeric,8400118.853612294,numeric
2022-23,Transmission lines maintenance,Transmission tower support structures,$0's,2260811.786069148,3042239.1597737274,ElectraNet 2022-23 - Category analysis - RIN responses - Consolidated - 27 October 2023 - PUBLIC(15999621.1).xlsx,2.8 Maintenance,51,ElectraNet,https://www.aer.gov.au/documents/electranet-2022-23-category-analysis-rin-templates,https://www.aer.gov.au/authors/electranet?page=8,validated_manifest_match,Transmission lines maintenance,submitted,51,meaningful,True,transmission_lines_maintenance,Transmission lines maintenance,transmission_tower_support_structures,Transmission tower support structures,mapped,mapped,AUD,nominal,1.0,standardized_source_unit,2260811.786069148,numeric,3042239.1597737274,numeric,5303050.945842875,numeric
2022-23,Transmission lines maintenance,Conductors,$0's,758288.2691405069,1080665.9087334217,ElectraNet 2022-23 - Category analysis - RIN responses - Consolidated - 27 October 2023 - PUBLIC(15999621.1).xlsx,2.8 Maintenance,52,ElectraNet,https://www.aer.gov.au/documents/electranet-2022-23-category-analysis-rin-templates,https://www.aer.gov.au/authors/electranet?page=8,validated_manifest_match,Transmission lines maintenance,submitted,52,meaningful,True,transmission_lines_maintenance,Transmission lines maintenance,conductors,Conductors,mapped,mapped,AUD,nominal,1.0,standardized_source_unit,758288.2691405069,numeric,1080665.9087334217,numeric,1838954.1778739286,numeric
2022-23,Transmission lines maintenance,Transmission cables,$0's,488187.2105933341,83587.0620775676,ElectraNet 2022-23 - Category analysis - RIN responses - Consolidated - 27 October 2023 - PUBLIC(15999621.1).xlsx,2.8 Maintenance,53,ElectraNet,https://www.aer.gov.au/documents/electranet-2022-23-category-analysis-rin-templates,https://www.aer.gov.au/authors/electranet?page=8,validated_manifest_match,Transmission lines maintenance,submitted,53,meaningful,True,transmission_lines_maintenance,Transmission lines maintenance,transmission_cables,Transmission cables,mapped,mapped,AUD,nominal,1.0,standardized_source_unit,488187.2105933341,numeric,83587.0620775676,numeric,571774.2726709017,numeric
2022-23,Substations equipment & property maintenance,Substation switchbays (incl. Reactive plant),$0's,2318569.3939992194,4639045.744318289,ElectraNet 2022-23 - Category analysis - RIN responses - Consolidated - 27 October 2023 - PUBLIC(15999621.1).xlsx,2.8 Maintenance,54,ElectraNet,https://www.aer.gov.au/documents/electranet-2022-23-category-analysis-rin-templates,https://www.aer.gov.au/authors/electranet?page=8,validated_manifest_match,Substations equipment & property maintenance,submitted,54,meaningful,True,substations_equipment_property_maintenance,Substations equipment & property maintenance,substation_switchbays,Substation switchbays (incl. Reactive plant),mapped,mapped,AUD,nominal,1.0,standardized_source_unit,2318569.3939992194,numeric,4639045.744318289,numeric,6957615.138317509,numeric
2022-23,Substations equipment & property maintenance,Substation power transformers,$0's,1653607.6535184102,2647836.000584108,ElectraNet 2022-23 - Category analysis - RIN responses - Consolidated - 27 October 2023 - PUBLIC(15999621.1).xlsx,2.8 Maintenance,55,ElectraNet,https://www.aer.gov.au/documents/electranet-2022-23-category-analysis-rin-templates,https://www.aer.gov.au/authors/electranet?page=8,validated_manifest_match,Substations equipment & property maintenance,submitted,55,meaningful,True,substations_equipment_property_maintenance,Substations equipment & property maintenance,substation_power_transformers,Substation power transformers,mapped,mapped,AUD,nominal,1.0,standardized_source_unit,1653607.6535184102,numeric,2647836.000584108,numeric,4301443.654102518,numeric
2022-23,Substations equipment & property maintenance,Substation property,$0's,4880367.15248237,3853363.155097604,ElectraNet 2022-23 - Category analysis - RIN responses - Consolidated - 27 October 2023 - PUBLIC(15999621.1).xlsx,2.8 Maintenance,56,ElectraNet,https://www.aer.gov.au/documents/electranet-2022-23-category-analysis-rin-templates,https://www.aer.gov.au/authors/electranet?page=8,validated_manifest_match,Substations equipment & property maintenance,submitted,56,meaningful,True,substations_equipment_property_maintenance,Substations equipment & property maintenance,substation_property,Substation property,mapped,mapped,AUD,nominal,1.0,standardized_source_unit,4880367.15248237,numeric,3853363.155097604,numeric,8733730.307579974,numeric
2022-23,SCADA & network control maintenance,SCADA & network control maintenance,$0's,2177166.05,393802.51,ElectraNet 2022-23 - Category analysis - RIN responses - Consolidated - 27 October 2023 - PUBLIC(15999621.1).xlsx,2.8 Maintenance,57,ElectraNet,https://www.aer.gov.au/documents/electranet-2022-23-category-analysis-rin-templates,https://www.aer.gov.au/authors/electranet?page=8,validated_manifest_match,SCADA & network control maintenance,submitted,57,meaningful,True,scada_network_control_maintenance,SCADA & network control maintenance,scada_network_control,SCADA & network control maintenance,mapped,mapped,AUD,nominal,1.0,standardized_source_unit,2177166.05,numeric,393802.51,numeric,2570968.5599999996,numeric
2022-23,Protection systems maintenance,Protection systems maintenance,$0's,1596668.57,947198.82,ElectraNet 2022-23 - Category analysis - RIN responses - Consolidated - 27 October 2023 - PUBLIC(15999621.1).xlsx,2.8 Maintenance,58,ElectraNet,https://www.aer.gov.au/documents/electranet-2022-23-category-analysis-rin-templates,https://www.aer.gov.au/authors/electranet?page=8,validated_manifest_match,Protection systems maintenance,submitted,58,meaningful,True,protection_systems_maintenance,Protection systems maintenance,protection_systems,Protection systems maintenance,mapped,mapped,AUD,nominal,1.0,standardized_source_unit,1596668.57,numeric,947198.82,numeric,2543867.39,numeric
2022-23,Other maintenance activity ,Right of Way (Row) Maintenance,$0's,2141473.6,138541.58,ElectraNet 2022-23 - Category analysis - RIN responses - Consolidated - 27 October 2023 - PUBLIC(15999621.1).xlsx,2.8 Maintenance,59,ElectraNet,https://www.aer.gov.au/documents/electranet-2022-23-category-analysis-rin-templates,https://www.aer.gov.au/authors/electranet?page=8,validated_manifest_match,Other maintenance activity ,submitted,59,meaningful,True,other_maintenance_activity,Other maintenance activity,right_of_way_maintenance,Right of way (ROW) maintenance,mapped,mapped,AUD,nominal,1.0,standardized_source_unit,2141473.6,numeric,138541.58,numeric,2280015.18,numeric
2023-24,Transmission lines maintenance,Transmission towers,$,1852435.8423364663,8762016.110286703,ElectraNet 2023-24 - Category Analysis - RIN response - Consolidated - 31 October 2024 - PUBLIC(17494700.2).xlsx,2.8 Maintenance,51,ElectraNet,https://www.aer.gov.au/documents/electranet-2023-24-category-analysis-rin-templates,https://www.aer.gov.au/authors/electranet?page=23,validated_manifest_match,Transmission lines maintenance,submitted,51,meaningful,True,transmission_lines_maintenance,Transmission lines maintenance,transmission_towers,Transmission towers,mapped,mapped,AUD,nominal,1.0,standardized_source_unit,1852435.8423364663,numeric,8762016.110286703,numeric,10614451.95262317,numeric
2023-24,Transmission lines maintenance,Transmission tower support structures,$,2006916.158281236,4222200.551424189,ElectraNet 2023-24 - Category Analysis - RIN response - Consolidated - 31 October 2024 - PUBLIC(17494700.2).xlsx,2.8 Maintenance,52,ElectraNet,https://www.aer.gov.au/documents/electranet-2023-24-category-analysis-rin-templates,https://www.aer.gov.au/authors/electranet?page=23,validated_manifest_match,Transmission lines maintenance,submitted,52,meaningful,True,transmission_lines_maintenance,Transmission lines maintenance,transmission_tower_support_structures,Transmission tower support structures,mapped,mapped,AUD,nominal,1.0,standardized_source_unit,2006916.158281236,numeric,4222200.551424189,numeric,6229116.7097054245,numeric
2023-24,Transmission lines maintenance,Conductors,$,673130.3283849072,1499812.4592212995,ElectraNet 2023-24 - Category Analysis - RIN response - Consolidated - 31 October 2024 - PUBLIC(17494700.2).xlsx,2.8 Maintenance,53,ElectraNet,https://www.aer.gov.au/documents/electranet-2023-24-category-analysis-rin-templates,https://www.aer.gov.au/authors/electranet?page=23,validated_manifest_match,Transmission lines maintenance,submitted,53,meaningful,True,transmission_lines_maintenance,Transmission lines maintenance,conductors,Conductors,mapped,mapped,AUD,nominal,1.0,standardized_source_unit,673130.3283849072,numeric,1499812.4592212995,numeric,2172942.7876062067,numeric
2023-24,Transmission lines maintenance,Transmission cables,$,433362.39099739055,116007.09906780736,ElectraNet 2023-24 - Category Analysis - RIN response - Consolidated - 31 October 2024 - PUBLIC(17494700.2).xlsx,2.8 Maintenance,54,ElectraNet,https://www.aer.gov.au/documents/electranet-2023-24-category-analysis-rin-templates,https://www.aer.gov.au/authors/electranet?page=23,validated_manifest_match,Transmission lines maintenance,submitted,54,meaningful,True,transmission_lines_maintenance,Transmission lines maintenance,transmission_cables,Transmission cables,mapped,mapped,AUD,nominal,1.0,standardized_source_unit,433362.39099739055,numeric,116007.09906780736,numeric,549369.4900651979,numeric
2023-24,Substations equipment & property maintenance,Substation switchbays (incl. Reactive plant),$,3299895.3405746147,3687023.345319078,ElectraNet 2023-24 - Category Analysis - RIN response - Consolidated - 31 October 2024 - PUBLIC(17494700.2).xlsx,2.8 Maintenance,55,ElectraNet,https://www.aer.gov.au/documents/electranet-2023-24-category-analysis-rin-templates,https://www.aer.gov.au/authors/electranet?page=23,validated_manifest_match,Substations equipment & property maintenance,submitted,55,meaningful,True,substations_equipment_property_maintenance,Substations equipment & property maintenance,substation_switchbays,Substation switchbays (incl. Reactive plant),mapped,mapped,AUD,nominal,1.0,standardized_source_unit,3299895.3405746147,numeric,3687023.345319078,numeric,6986918.685893692,numeric
2023-24,Substations equipment & property maintenance,Substation power transformers,$,2353490.995398588,2104448.5626568296,ElectraNet 2023-24 - Category Analysis - RIN response - Consolidated - 31 October 2024 - PUBLIC(17494700.2).xlsx,2.8 Maintenance,56,ElectraNet,https://www.aer.gov.au/documents/electranet-2023-24-category-analysis-rin-templates,https://www.aer.gov.au/authors/electranet?page=23,validated_manifest_match,Substations equipment & property maintenance,submitted,56,meaningful,True,substations_equipment_property_maintenance,Substations equipment & property maintenance,substation_power_transformers,Substation power transformers,mapped,mapped,AUD,nominal,1.0,standardized_source_unit,2353490.995398588,numeric,2104448.5626568296,numeric,4457939.558055418,numeric
2023-24,Substations equipment & property maintenance,Substation property,$,6945964.554026798,3062578.102024092,ElectraNet 2023-24 - Category Analysis - RIN response - Consolidated - 31 October 2024 - PUBLIC(17494700.2).xlsx,2.8 Maintenance,57,ElectraNet,https://www.aer.gov.au/documents/electranet-2023-24-category-analysis-rin-templates,https://www.aer.gov.au/authors/electranet?page=23,validated_manifest_match,Substations equipment & property maintenance,submitted,57,meaningful,True,substations_equipment_property_maintenance,Substations equipment & property maintenance,substation_property,Substation property,mapped,mapped,AUD,nominal,1.0,standardized_source_unit,6945964.554026798,numeric,3062578.102024092,numeric,10008542.65605089,numeric
2023-24,SCADA & network control maintenance,SCADA & network control maintenance,$,2549910.02,336826.49,ElectraNet 2023-24 - Category Analysis - RIN response - Consolidated - 31 October 2024 - PUBLIC(17494700.2).xlsx,2.8 Maintenance,58,ElectraNet,https://www.aer.gov.au/documents/electranet-2023-24-category-analysis-rin-templates,https://www.aer.gov.au/authors/electranet?page=23,validated_manifest_match,SCADA & network control maintenance,submitted,58,meaningful,True,scada_network_control_maintenance,SCADA & network control maintenance,scada_network_control,SCADA & network control maintenance,mapped,mapped,AUD,nominal,1.0,standardized_source_unit,2549910.02,numeric,336826.49,numeric,2886736.51,numeric
2023-24,Protection systems maintenance,Protection systems maintenance,$,2537317.66,1442503.0,ElectraNet 2023-24 - Category Analysis - RIN response - Consolidated - 31 October 2024 - PUBLIC(17494700.2).xlsx,2.8 Maintenance,59,ElectraNet,https://www.aer.gov.au/documents/electranet-2023-24-category-analysis-rin-templates,https://www.aer.gov.au/authors/electranet?page=23,validated_manifest_match,Protection systems maintenance,submitted,59,meaningful,True,protection_systems_maintenance,Protection systems maintenance,protection_systems,Protection systems maintenance,mapped,mapped,AUD,nominal,1.0,standardized_source_unit,2537317.66,numeric,1442503.0,numeric,3979820.66,numeric
2023-24,Other maintenance activity ,ROW MAINTENANCE,$,2538162.97,454160.12,ElectraNet 2023-24 - Category Analysis - RIN response - Consolidated - 31 October 2024 - PUBLIC(17494700.2).xlsx,2.8 Maintenance,60,ElectraNet,https://www.aer.gov.au/documents/electranet-2023-24-category-analysis-rin-templates,https://www.aer.gov.au/authors/electranet?page=23,validated_manifest_match,Other maintenance activity ,submitted,60,meaningful,True,other_maintenance_activity,Other maintenance activity,right_of_way_maintenance,Right of way (ROW) maintenance,mapped,mapped,AUD,nominal,1.0,standardized_source_unit,2538162.97,numeric,454160.12,numeric,2992323.0900000003,numeric
2019-20,Transmission lines maintenance,Transmission towers,$0's,2376620.659999985,14983101.174011009,Powerlink 2019-20 - Category Analysis - RIN Response - Consolidated - 23 October 2020 - PUBLIC (11647526.2).xlsx,2.8 Maintenance,50,Powerlink,https://www.aer.gov.au/documents/powerlink-2019-20-category-analysis-rin-templates,https://www.aer.gov.au/search?search=Powerlink+2019%E2%80%9320,validated_manifest_match,Transmission lines maintenance,submitted,50,meaningful,True,transmission_lines_maintenance,Transmission lines maintenance,transmission_towers,Transmission towers,mapped,mapped,AUD,nominal,1.0,standardized_source_unit,2376620.659999985,numeric,14983101.174011009,numeric,17359721.834010992,numeric
2019-20,Transmission lines maintenance,Transmission tower support structures,$0's,88218.03999999994,19370093.371213,Powerlink 2019-20 - Category Analysis - RIN Response - Consolidated - 23 October 2020 - PUBLIC (11647526.2).xlsx,2.8 Maintenance,51,Powerlink,https://www.aer.gov.au/documents/powerlink-2019-20-category-analysis-rin-templates,https://www.aer.gov.au/search?search=Powerlink+2019%E2%80%9320,validated_manifest_match,Transmission lines maintenance,submitted,51,meaningful,True,transmission_lines_maintenance,Transmission lines maintenance,transmission_tower_support_structures,Transmission tower support structures,mapped,mapped,AUD,nominal,1.0,standardized_source_unit,88218.03999999994,numeric,19370093.371213,numeric,19458311.411213,numeric
2019-20,Transmission lines maintenance,Conductors,$0's,0.0,1559812.789007,Powerlink 2019-20 - Category Analysis - RIN Response - Consolidated - 23 October 2020 - PUBLIC (11647526.2).xlsx,2.8 Maintenance,52,Powerlink,https://www.aer.gov.au/documents/powerlink-2019-20-category-analysis-rin-templates,https://www.aer.gov.au/search?search=Powerlink+2019%E2%80%9320,validated_manifest_match,Transmission lines maintenance,submitted,52,meaningful,True,transmission_lines_maintenance,Transmission lines maintenance,conductors,Conductors,mapped,mapped,AUD,nominal,1.0,standardized_source_unit,0.0,numeric,1559812.789007,numeric,1559812.789007,numeric
2019-20,Transmission lines maintenance,Transmission cables,$0's,197608.52999999968,21571.145769,Powerlink 2019-20 - Category Analysis - RIN Response - Consolidated - 23 October 2020 - PUBLIC (11647526.2).xlsx,2.8 Maintenance,53,Powerlink,https://www.aer.gov.au/documents/powerlink-2019-20-category-analysis-rin-templates,https://www.aer.gov.au/search?search=Powerlink+2019%E2%80%9320,validated_manifest_match,Transmission lines maintenance,submitted,53,meaningful,True,transmission_lines_maintenance,Transmission lines maintenance,transmission_cables,Transmission cables,mapped,mapped,AUD,nominal,1.0,standardized_source_unit,197608.52999999968,numeric,21571.145769,numeric,219179.67576899967,numeric
2019-20,Substations equipment & property maintenance,Substation switchbays (incl. Reactive plant),$0's,4999689.087999999,16307044.6702,Powerlink 2019-20 - Category Analysis - RIN Response - Consolidated - 23 October 2020 - PUBLIC (11647526.2).xlsx,2.8 Maintenance,54,Powerlink,https://www.aer.gov.au/documents/powerlink-2019-20-category-analysis-rin-templates,https://www.aer.gov.au/search?search=Powerlink+2019%E2%80%9320,validated_manifest_match,Substations equipment & property maintenance,submitted,54,meaningful,True,substations_equipment_property_maintenance,Substations equipment & property maintenance,substation_switchbays,Substation switchbays (incl. Reactive plant),mapped,mapped,AUD,nominal,1.0,standardized_source_unit,4999689.087999999,numeric,16307044.6702,numeric,21306733.758199997,numeric
2019-20,Substations equipment & property maintenance,Substation power transformers,$0's,838326.0470000012,2940998.0169,Powerlink 2019-20 - Category Analysis - RIN Response - Consolidated - 23 October 2020 - PUBLIC (11647526.2).xlsx,2.8 Maintenance,55,Powerlink,https://www.aer.gov.au/documents/powerlink-2019-20-category-analysis-rin-templates,https://www.aer.gov.au/search?search=Powerlink+2019%E2%80%9320,validated_manifest_match,Substations equipment & property maintenance,submitted,55,meaningful,True,substations_equipment_property_maintenance,Substations equipment & property maintenance,substation_power_transformers,Substation power transformers,mapped,mapped,AUD,nominal,1.0,standardized_source_unit,838326.0470000012,numeric,2940998.0169,numeric,3779324.0639000013,numeric
2019-20,Substations equipment & property maintenance,Substation property,$0's,1808051.1550000007,3877379.3628999954,Powerlink 2019-20 - Category Analysis - RIN Response - Consolidated - 23 October 2020 - PUBLIC (11647526.2).xlsx,2.8 Maintenance,56,Powerlink,https://www.aer.gov.au/documents/powerlink-2019-20-category-analysis-rin-templates,https://www.aer.gov.au/search?search=Powerlink+2019%E2%80%9320,validated_manifest_match,Substations equipment & property maintenance,submitted,56,meaningful,True,substations_equipment_property_maintenance,Substations equipment & property maintenance,substation_property,Substation property,mapped,mapped,AUD,nominal,1.0,standardized_source_unit,1808051.1550000007,numeric,3877379.3628999954,numeric,5685430.517899996,numeric
2019-20,SCADA & network control maintenance,SCADA & network control maintenance,$0's,1501305.39,5836485.929999993,Powerlink 2019-20 - Category Analysis - RIN Response - Consolidated - 23 October 2020 - PUBLIC (11647526.2).xlsx,2.8 Maintenance,57,Powerlink,https://www.aer.gov.au/documents/powerlink-2019-20-category-analysis-rin-templates,https://www.aer.gov.au/search?search=Powerlink+2019%E2%80%9320,validated_manifest_match,SCADA & network control maintenance,submitted,57,meaningful,True,scada_network_control_maintenance,SCADA & network control maintenance,scada_network_control,SCADA & network control maintenance,mapped,mapped,AUD,nominal,1.0,standardized_source_unit,1501305.39,numeric,5836485.929999993,numeric,7337791.319999993,numeric
2019-20,Protection systems maintenance,Protection systems maintenance,$0's,959895.430000004,3579947.360000004,Powerlink 2019-20 - Category Analysis - RIN Response - Consolidated - 23 October 2020 - PUBLIC (11647526.2).xlsx,2.8 Maintenance,58,Powerlink,https://www.aer.gov.au/documents/powerlink-2019-20-category-analysis-rin-templates,https://www.aer.gov.au/search?search=Powerlink+2019%E2%80%9320,validated_manifest_match,Protection systems maintenance,submitted,58,meaningful,True,protection_systems_maintenance,Protection systems maintenance,protection_systems,Protection systems maintenance,mapped,mapped,AUD,nominal,1.0,standardized_source_unit,959895.430000004,numeric,3579947.360000004,numeric,4539842.790000008,numeric
2019-20,Other maintenance activity ,TRANSMISSION TOWERS SUPPORT STRUCTURES,$0's,,,Powerlink 2019-20 - Category Analysis - RIN Response - Consolidated - 23 October 2020 - PUBLIC (11647526.2).xlsx,2.8 Maintenance,59,Powerlink,https://www.aer.gov.au/documents/powerlink-2019-20-category-analysis-rin-templates,https://www.aer.gov.au/search?search=Powerlink+2019%E2%80%9320,validated_manifest_match,Other maintenance activity ,submitted,59,meaningful,True,other_maintenance_activity,Other maintenance activity,transmission_tower_support_structures,Transmission tower support structures,mapped,mapped,AUD,nominal,1.0,standardized_source_unit,,blank,,blank,,blank
2019-20,,CORRIDOR MAINTENANCE (NON VEG),$0's,3587.020000000001,1649451.0500000017,Powerlink 2019-20 - Category Analysis - RIN Response - Consolidated - 23 October 2020 - PUBLIC (11647526.2).xlsx,2.8 Maintenance,60,Powerlink,https://www.aer.gov.au/documents/powerlink-2019-20-category-analysis-rin-templates,https://www.aer.gov.au/search?search=Powerlink+2019%E2%80%9320,validated_manifest_match,Other maintenance activity ,continued_group_label,59,meaningful,True,other_maintenance_activity,Other maintenance activity,corridor_maintenance_non_vegetation,Corridor maintenance (non-vegetation),mapped,mapped,AUD,nominal,1.0,standardized_source_unit,3587.020000000001,numeric,1649451.0500000017,numeric,1653038.0700000017,numeric
2020-21,Transmission lines maintenance,Transmission towers,$0's,2840936.0000000144,7773311.210980312,Powerlink 2020-21 - Category Analysis - RIN Response - Consolidated - 20 October 2021 - PUBLIC(12941266.1).xlsx,2.8 Maintenance,50,Powerlink,https://www.aer.gov.au/documents/powerlink-2020-21-category-analysis-rin-templates,https://www.aer.gov.au/authors/powerlink?page=11,validated_manifest_match,Transmission lines maintenance,submitted,50,meaningful,True,transmission_lines_maintenance,Transmission lines maintenance,transmission_towers,Transmission towers,mapped,mapped,AUD,nominal,1.0,standardized_source_unit,2840936.0000000144,numeric,7773311.210980312,numeric,10614247.210980326,numeric
2020-21,Transmission lines maintenance,Transmission tower support structures,$0's,53017.60000000001,28950166.339016367,Powerlink 2020-21 - Category Analysis - RIN Response - Consolidated - 20 October 2021 - PUBLIC(12941266.1).xlsx,2.8 Maintenance,51,Powerlink,https://www.aer.gov.au/documents/powerlink-2020-21-category-analysis-rin-templates,https://www.aer.gov.au/authors/powerlink?page=11,validated_manifest_match,Transmission lines maintenance,submitted,51,meaningful,True,transmission_lines_maintenance,Transmission lines maintenance,transmission_tower_support_structures,Transmission tower support structures,mapped,mapped,AUD,nominal,1.0,standardized_source_unit,53017.60000000001,numeric,28950166.339016367,numeric,29003183.93901637,numeric
2020-21,Transmission lines maintenance,Conductors,$0's,0.0,723780.315138938,Powerlink 2020-21 - Category Analysis - RIN Response - Consolidated - 20 October 2021 - PUBLIC(12941266.1).xlsx,2.8 Maintenance,52,Powerlink,https://www.aer.gov.au/documents/powerlink-2020-21-category-analysis-rin-templates,https://www.aer.gov.au/authors/powerlink?page=11,validated_manifest_match,Transmission lines maintenance,submitted,52,meaningful,True,transmission_lines_maintenance,Transmission lines maintenance,conductors,Conductors,mapped,mapped,AUD,nominal,1.0,standardized_source_unit,0.0,numeric,723780.315138938,numeric,723780.315138938,numeric
2020-21,Transmission lines maintenance,Transmission cables,$0's,220444.88000000032,8548250.232597137,Powerlink 2020-21 - Category Analysis - RIN Response - Consolidated - 20 October 2021 - PUBLIC(12941266.1).xlsx,2.8 Maintenance,53,Powerlink,https://www.aer.gov.au/documents/powerlink-2020-21-category-analysis-rin-templates,https://www.aer.gov.au/authors/powerlink?page=11,validated_manifest_match,Transmission lines maintenance,submitted,53,meaningful,True,transmission_lines_maintenance,Transmission lines maintenance,transmission_cables,Transmission cables,mapped,mapped,AUD,nominal,1.0,standardized_source_unit,220444.88000000032,numeric,8548250.232597137,numeric,8768695.112597138,numeric
2020-21,Substations equipment & property maintenance,Substation switchbays (incl. Reactive plant),$0's,4583217.587999981,14741764.16341809,Powerlink 2020-21 - Category Analysis - RIN Response - Consolidated - 20 October 2021 - PUBLIC(12941266.1).xlsx,2.8 Maintenance,54,Powerlink,https://www.aer.gov.au/documents/powerlink-2020-21-category-analysis-rin-templates,https://www.aer.gov.au/authors/powerlink?page=11,validated_manifest_match,Substations equipment & property maintenance,submitted,54,meaningful,True,substations_equipment_property_maintenance,Substations equipment & property maintenance,substation_switchbays,Substation switchbays (incl. Reactive plant),mapped,mapped,AUD,nominal,1.0,standardized_source_unit,4583217.587999981,numeric,14741764.16341809,numeric,19324981.75141807,numeric
2020-21,Substations equipment & property maintenance,Substation power transformers,$0's,1544174.4169999992,3412554.139686628,Powerlink 2020-21 - Category Analysis - RIN Response - Consolidated - 20 October 2021 - PUBLIC(12941266.1).xlsx,2.8 Maintenance,55,Powerlink,https://www.aer.gov.au/documents/powerlink-2020-21-category-analysis-rin-templates,https://www.aer.gov.au/authors/powerlink?page=11,validated_manifest_match,Substations equipment & property maintenance,submitted,55,meaningful,True,substations_equipment_property_maintenance,Substations equipment & property maintenance,substation_power_transformers,Substation power transformers,mapped,mapped,AUD,nominal,1.0,standardized_source_unit,1544174.4169999992,numeric,3412554.139686628,numeric,4956728.556686627,numeric
2020-21,Substations equipment & property maintenance,Substation property,$0's,1485737.9250000007,4014437.635355997,Powerlink 2020-21 - Category Analysis - RIN Response - Consolidated - 20 October 2021 - PUBLIC(12941266.1).xlsx,2.8 Maintenance,56,Powerlink,https://www.aer.gov.au/documents/powerlink-2020-21-category-analysis-rin-templates,https://www.aer.gov.au/authors/powerlink?page=11,validated_manifest_match,Substations equipment & property maintenance,submitted,56,meaningful,True,substations_equipment_property_maintenance,Substations equipment & property maintenance,substation_property,Substation property,mapped,mapped,AUD,nominal,1.0,standardized_source_unit,1485737.9250000007,numeric,4014437.635355997,numeric,5500175.560355998,numeric
2020-21,SCADA & network control maintenance,SCADA & network control maintenance,$0's,1119461.8300000003,5362255.67163142,Powerlink 2020-21 - Category Analysis - RIN Response - Consolidated - 20 October 2021 - PUBLIC(12941266.1).xlsx,2.8 Maintenance,57,Powerlink,https://www.aer.gov.au/documents/powerlink-2020-21-category-analysis-rin-templates,https://www.aer.gov.au/authors/powerlink?page=11,validated_manifest_match,SCADA & network control maintenance,submitted,57,meaningful,True,scada_network_control_maintenance,SCADA & network control maintenance,scada_network_control,SCADA & network control maintenance,mapped,mapped,AUD,nominal,1.0,standardized_source_unit,1119461.8300000003,numeric,5362255.67163142,numeric,6481717.50163142,numeric
2020-21,Protection systems maintenance,Protection systems maintenance,$0's,979355.0199999982,2260944.212284656,Powerlink 2020-21 - Category Analysis - RIN Response - Consolidated - 20 October 2021 - PUBLIC(12941266.1).xlsx,2.8 Maintenance,58,Powerlink,https://www.aer.gov.au/documents/powerlink-2020-21-category-analysis-rin-templates,https://www.aer.gov.au/authors/powerlink?page=11,validated_manifest_match,Protection systems maintenance,submitted,58,meaningful,True,protection_systems_maintenance,Protection systems maintenance,protection_systems,Protection systems maintenance,mapped,mapped,AUD,nominal,1.0,standardized_source_unit,979355.0199999982,numeric,2260944.212284656,numeric,3240299.232284654,numeric
2020-21,Other maintenance activity ,Tramsission tower support structures,$0's,,,Powerlink 2020-21 - Category Analysis - RIN Response - Consolidated - 20 October 2021 - PUBLIC(12941266.1).xlsx,2.8 Maintenance,59,Powerlink,https://www.aer.gov.au/documents/powerlink-2020-21-category-analysis-rin-templates,https://www.aer.gov.au/authors/powerlink?page=11,validated_manifest_match,Other maintenance activity ,submitted,59,meaningful,True,other_maintenance_activity,Other maintenance activity,transmission_tower_support_structures,Transmission tower support structures,mapped,mapped,AUD,nominal,1.0,standardized_source_unit,,blank,,blank,,blank
2020-21,,Corridor maintenance (Non vegetation),$0's,5554.47,397031.896290448,Powerlink 2020-21 - Category Analysis - RIN Response - Consolidated - 20 October 2021 - PUBLIC(12941266.1).xlsx,2.8 Maintenance,60,Powerlink,https://www.aer.gov.au/documents/powerlink-2020-21-category-analysis-rin-templates,https://www.aer.gov.au/authors/powerlink?page=11,validated_manifest_match,Other maintenance activity ,continued_group_label,59,meaningful,True,other_maintenance_activity,Other maintenance activity,corridor_maintenance_non_vegetation,Corridor maintenance (non-vegetation),mapped,mapped,AUD,nominal,1.0,standardized_source_unit,5554.47,numeric,397031.896290448,numeric,402586.366290448,numeric
2021-22,Transmission lines maintenance,Transmission towers,$0's,2764277.1800000034,8197698.901035492,Powerlink 2021-22 - Category analysis - Consolidated - 26 October 2022 - PUBLIC(14556313.1).xlsx,2.8 Maintenance,50,Powerlink,https://www.aer.gov.au/documents/powerlink-2021-22-category-analysis-rin-templates,https://www.aer.gov.au/authors/powerlink?page=12,validated_manifest_match,Transmission lines maintenance,submitted,50,meaningful,True,transmission_lines_maintenance,Transmission lines maintenance,transmission_towers,Transmission towers,mapped,mapped,AUD,nominal,1.0,standardized_source_unit,2764277.1800000034,numeric,8197698.901035492,numeric,10961976.081035495,numeric
2021-22,Transmission lines maintenance,Transmission tower support structures,$0's,113010.50999999997,22029787.14595901,Powerlink 2021-22 - Category analysis - Consolidated - 26 October 2022 - PUBLIC(14556313.1).xlsx,2.8 Maintenance,51,Powerlink,https://www.aer.gov.au/documents/powerlink-2021-22-category-analysis-rin-templates,https://www.aer.gov.au/authors/powerlink?page=12,validated_manifest_match,Transmission lines maintenance,submitted,51,meaningful,True,transmission_lines_maintenance,Transmission lines maintenance,transmission_tower_support_structures,Transmission tower support structures,mapped,mapped,AUD,nominal,1.0,standardized_source_unit,113010.50999999997,numeric,22029787.14595901,numeric,22142797.65595901,numeric
2021-22,Transmission lines maintenance,Conductors,$0's,0.0,2062792.949312,Powerlink 2021-22 - Category analysis - Consolidated - 26 October 2022 - PUBLIC(14556313.1).xlsx,2.8 Maintenance,52,Powerlink,https://www.aer.gov.au/documents/powerlink-2021-22-category-analysis-rin-templates,https://www.aer.gov.au/authors/powerlink?page=12,validated_manifest_match,Transmission lines maintenance,submitted,52,meaningful,True,transmission_lines_maintenance,Transmission lines maintenance,conductors,Conductors,mapped,mapped,AUD,nominal,1.0,standardized_source_unit,0.0,numeric,2062792.949312,numeric,2062792.949312,numeric
2021-22,Transmission lines maintenance,Transmission cables,$0's,168717.9500000001,4360635.254556499,Powerlink 2021-22 - Category analysis - Consolidated - 26 October 2022 - PUBLIC(14556313.1).xlsx,2.8 Maintenance,53,Powerlink,https://www.aer.gov.au/documents/powerlink-2021-22-category-analysis-rin-templates,https://www.aer.gov.au/authors/powerlink?page=12,validated_manifest_match,Transmission lines maintenance,submitted,53,meaningful,True,transmission_lines_maintenance,Transmission lines maintenance,transmission_cables,Transmission cables,mapped,mapped,AUD,nominal,1.0,standardized_source_unit,168717.9500000001,numeric,4360635.254556499,numeric,4529353.2045565,numeric
2021-22,Substations equipment & property maintenance,Substation switchbays (incl. Reactive plant),$0's,5381286.541999959,16313889.729245998,Powerlink 2021-22 - Category analysis - Consolidated - 26 October 2022 - PUBLIC(14556313.1).xlsx,2.8 Maintenance,54,Powerlink,https://www.aer.gov.au/documents/powerlink-2021-22-category-analysis-rin-templates,https://www.aer.gov.au/authors/powerlink?page=12,validated_manifest_match,Substations equipment & property maintenance,submitted,54,meaningful,True,substations_equipment_property_maintenance,Substations equipment & property maintenance,substation_switchbays,Substation switchbays (incl. Reactive plant),mapped,mapped,AUD,nominal,1.0,standardized_source_unit,5381286.541999959,numeric,16313889.729245998,numeric,21695176.271245956,numeric
2021-22,Substations equipment & property maintenance,Substation power transformers,$0's,1617482.9779999987,4652850.208344001,Powerlink 2021-22 - Category analysis - Consolidated - 26 October 2022 - PUBLIC(14556313.1).xlsx,2.8 Maintenance,55,Powerlink,https://www.aer.gov.au/documents/powerlink-2021-22-category-analysis-rin-templates,https://www.aer.gov.au/authors/powerlink?page=12,validated_manifest_match,Substations equipment & property maintenance,submitted,55,meaningful,True,substations_equipment_property_maintenance,Substations equipment & property maintenance,substation_power_transformers,Substation power transformers,mapped,mapped,AUD,nominal,1.0,standardized_source_unit,1617482.9779999987,numeric,4652850.208344001,numeric,6270333.186344,numeric
2021-22,Substations equipment & property maintenance,Substation property,$0's,1872858.7799999944,4688158.604650004,Powerlink 2021-22 - Category analysis - Consolidated - 26 October 2022 - PUBLIC(14556313.1).xlsx,2.8 Maintenance,56,Powerlink,https://www.aer.gov.au/documents/powerlink-2021-22-category-analysis-rin-templates,https://www.aer.gov.au/authors/powerlink?page=12,validated_manifest_match,Substations equipment & property maintenance,submitted,56,meaningful,True,substations_equipment_property_maintenance,Substations equipment & property maintenance,substation_property,Substation property,mapped,mapped,AUD,nominal,1.0,standardized_source_unit,1872858.7799999944,numeric,4688158.604650004,numeric,6561017.3846499985,numeric
2021-22,SCADA & network control maintenance,SCADA & network control maintenance,$0's,1370722.1599999988,4634534.143880008,Powerlink 2021-22 - Category analysis - Consolidated - 26 October 2022 - PUBLIC(14556313.1).xlsx,2.8 Maintenance,57,Powerlink,https://www.aer.gov.au/documents/powerlink-2021-22-category-analysis-rin-templates,https://www.aer.gov.au/authors/powerlink?page=12,validated_manifest_match,SCADA & network control maintenance,submitted,57,meaningful,True,scada_network_control_maintenance,SCADA & network control maintenance,scada_network_control,SCADA & network control maintenance,mapped,mapped,AUD,nominal,1.0,standardized_source_unit,1370722.1599999988,numeric,4634534.143880008,numeric,6005256.303880006,numeric
2021-22,Protection systems maintenance,Protection systems maintenance,$0's,855778.0000000028,2733477.7607744974,Powerlink 2021-22 - Category analysis - Consolidated - 26 October 2022 - PUBLIC(14556313.1).xlsx,2.8 Maintenance,58,Powerlink,https://www.aer.gov.au/documents/powerlink-2021-22-category-analysis-rin-templates,https://www.aer.gov.au/authors/powerlink?page=12,validated_manifest_match,Protection systems maintenance,submitted,58,meaningful,True,protection_systems_maintenance,Protection systems maintenance,protection_systems,Protection systems maintenance,mapped,mapped,AUD,nominal,1.0,standardized_source_unit,855778.0000000028,numeric,2733477.7607744974,numeric,3589255.7607745,numeric
2021-22,Other maintenance activity ,Transmission tower support structures,$0's,,,Powerlink 2021-22 - Category analysis - Consolidated - 26 October 2022 - PUBLIC(14556313.1).xlsx,2.8 Maintenance,59,Powerlink,https://www.aer.gov.au/documents/powerlink-2021-22-category-analysis-rin-templates,https://www.aer.gov.au/authors/powerlink?page=12,validated_manifest_match,Other maintenance activity ,submitted,59,meaningful,True,other_maintenance_activity,Other maintenance activity,transmission_tower_support_structures,Transmission tower support structures,mapped,mapped,AUD,nominal,1.0,standardized_source_unit,,blank,,blank,,blank
2021-22,,Corridor maintenance (non vegetation),$0's,5411.980000000002,1821578.2222424997,Powerlink 2021-22 - Category analysis - Consolidated - 26 October 2022 - PUBLIC(14556313.1).xlsx,2.8 Maintenance,60,Powerlink,https://www.aer.gov.au/documents/powerlink-2021-22-category-analysis-rin-templates,https://www.aer.gov.au/authors/powerlink?page=12,validated_manifest_match,Other maintenance activity ,continued_group_label,59,meaningful,True,other_maintenance_activity,Other maintenance activity,corridor_maintenance_non_vegetation,Corridor maintenance (non-vegetation),mapped,mapped,AUD,nominal,1.0,standardized_source_unit,5411.980000000002,numeric,1821578.2222424997,numeric,1826990.2022424997,numeric
2022-23,Transmission lines maintenance,Transmission towers,$,4337653.0,3537960.0,Powerlink 2022-23 - Category Analysis - RIN Response - Consolidated - 27 October 2023 - PUBLIC(15996094.1).xlsx,2.8 Maintenance,51,Powerlink,https://www.aer.gov.au/documents/powerlink-2022-23-category-analysis-rin-templates,https://www.aer.gov.au/authors/powerlink?page=12,validated_manifest_match,Transmission lines maintenance,submitted,51,meaningful,True,transmission_lines_maintenance,Transmission lines maintenance,transmission_towers,Transmission towers,mapped,mapped,AUD,nominal,1.0,standardized_source_unit,4337653.0,numeric,3537960.0,numeric,7875613.0,numeric
2022-23,Transmission lines maintenance,Transmission tower support structures,$,120920.0,27945669.0,Powerlink 2022-23 - Category Analysis - RIN Response - Consolidated - 27 October 2023 - PUBLIC(15996094.1).xlsx,2.8 Maintenance,52,Powerlink,https://www.aer.gov.au/documents/powerlink-2022-23-category-analysis-rin-templates,https://www.aer.gov.au/authors/powerlink?page=12,validated_manifest_match,Transmission lines maintenance,submitted,52,meaningful,True,transmission_lines_maintenance,Transmission lines maintenance,transmission_tower_support_structures,Transmission tower support structures,mapped,mapped,AUD,nominal,1.0,standardized_source_unit,120920.0,numeric,27945669.0,numeric,28066589.0,numeric
2022-23,Transmission lines maintenance,Conductors,$,0.0,547980.0,Powerlink 2022-23 - Category Analysis - RIN Response - Consolidated - 27 October 2023 - PUBLIC(15996094.1).xlsx,2.8 Maintenance,53,Powerlink,https://www.aer.gov.au/documents/powerlink-2022-23-category-analysis-rin-templates,https://www.aer.gov.au/authors/powerlink?page=12,validated_manifest_match,Transmission lines maintenance,submitted,53,meaningful,True,transmission_lines_maintenance,Transmission lines maintenance,conductors,Conductors,mapped,mapped,AUD,nominal,1.0,standardized_source_unit,0.0,numeric,547980.0,numeric,547980.0,numeric
2022-23,Transmission lines maintenance,Transmission cables,$,230268.0,618509.0,Powerlink 2022-23 - Category Analysis - RIN Response - Consolidated - 27 October 2023 - PUBLIC(15996094.1).xlsx,2.8 Maintenance,54,Powerlink,https://www.aer.gov.au/documents/powerlink-2022-23-category-analysis-rin-templates,https://www.aer.gov.au/authors/powerlink?page=12,validated_manifest_match,Transmission lines maintenance,submitted,54,meaningful,True,transmission_lines_maintenance,Transmission lines maintenance,transmission_cables,Transmission cables,mapped,mapped,AUD,nominal,1.0,standardized_source_unit,230268.0,numeric,618509.0,numeric,848777.0,numeric
2022-23,Substations equipment & property maintenance,Substation switchbays (incl. Reactive plant),$,6269276.0,18401672.0,Powerlink 2022-23 - Category Analysis - RIN Response - Consolidated - 27 October 2023 - PUBLIC(15996094.1).xlsx,2.8 Maintenance,55,Powerlink,https://www.aer.gov.au/documents/powerlink-2022-23-category-analysis-rin-templates,https://www.aer.gov.au/authors/powerlink?page=12,validated_manifest_match,Substations equipment & property maintenance,submitted,55,meaningful,True,substations_equipment_property_maintenance,Substations equipment & property maintenance,substation_switchbays,Substation switchbays (incl. Reactive plant),mapped,mapped,AUD,nominal,1.0,standardized_source_unit,6269276.0,numeric,18401672.0,numeric,24670948.0,numeric
2022-23,Substations equipment & property maintenance,Substation power transformers,$,1103131.0,3044185.0,Powerlink 2022-23 - Category Analysis - RIN Response - Consolidated - 27 October 2023 - PUBLIC(15996094.1).xlsx,2.8 Maintenance,56,Powerlink,https://www.aer.gov.au/documents/powerlink-2022-23-category-analysis-rin-templates,https://www.aer.gov.au/authors/powerlink?page=12,validated_manifest_match,Substations equipment & property maintenance,submitted,56,meaningful,True,substations_equipment_property_maintenance,Substations equipment & property maintenance,substation_power_transformers,Substation power transformers,mapped,mapped,AUD,nominal,1.0,standardized_source_unit,1103131.0,numeric,3044185.0,numeric,4147316.0,numeric
2022-23,Substations equipment & property maintenance,Substation property,$,2309614.0,9662588.0,Powerlink 2022-23 - Category Analysis - RIN Response - Consolidated - 27 October 2023 - PUBLIC(15996094.1).xlsx,2.8 Maintenance,57,Powerlink,https://www.aer.gov.au/documents/powerlink-2022-23-category-analysis-rin-templates,https://www.aer.gov.au/authors/powerlink?page=12,validated_manifest_match,Substations equipment & property maintenance,submitted,57,meaningful,True,substations_equipment_property_maintenance,Substations equipment & property maintenance,substation_property,Substation property,mapped,mapped,AUD,nominal,1.0,standardized_source_unit,2309614.0,numeric,9662588.0,numeric,11972202.0,numeric
2022-23,SCADA & network control maintenance,SCADA & network control maintenance,$,1997879.0,5501340.0,Powerlink 2022-23 - Category Analysis - RIN Response - Consolidated - 27 October 2023 - PUBLIC(15996094.1).xlsx,2.8 Maintenance,58,Powerlink,https://www.aer.gov.au/documents/powerlink-2022-23-category-analysis-rin-templates,https://www.aer.gov.au/authors/powerlink?page=12,validated_manifest_match,SCADA & network control maintenance,submitted,58,meaningful,True,scada_network_control_maintenance,SCADA & network control maintenance,scada_network_control,SCADA & network control maintenance,mapped,mapped,AUD,nominal,1.0,standardized_source_unit,1997879.0,numeric,5501340.0,numeric,7499219.0,numeric
2022-23,Protection systems maintenance,Protection systems maintenance,$,910800.0,2052985.0,Powerlink 2022-23 - Category Analysis - RIN Response - Consolidated - 27 October 2023 - PUBLIC(15996094.1).xlsx,2.8 Maintenance,59,Powerlink,https://www.aer.gov.au/documents/powerlink-2022-23-category-analysis-rin-templates,https://www.aer.gov.au/authors/powerlink?page=12,validated_manifest_match,Protection systems maintenance,submitted,59,meaningful,True,protection_systems_maintenance,Protection systems maintenance,protection_systems,Protection systems maintenance,mapped,mapped,AUD,nominal,1.0,standardized_source_unit,910800.0,numeric,2052985.0,numeric,2963785.0,numeric
2022-23,Other maintenance activity ,Transmission tower support structures,$,,,Powerlink 2022-23 - Category Analysis - RIN Response - Consolidated - 27 October 2023 - PUBLIC(15996094.1).xlsx,2.8 Maintenance,60,Powerlink,https://www.aer.gov.au/documents/powerlink-2022-23-category-analysis-rin-templates,https://www.aer.gov.au/authors/powerlink?page=12,validated_manifest_match,Other maintenance activity ,submitted,60,meaningful,True,other_maintenance_activity,Other maintenance activity,transmission_tower_support_structures,Transmission tower support structures,mapped,mapped,AUD,nominal,1.0,standardized_source_unit,,blank,,blank,,blank
2022-23,,Corridor maintenance (non veg),$,6149.0,3346936.0,Powerlink 2022-23 - Category Analysis - RIN Response - Consolidated - 27 October 2023 - PUBLIC(15996094.1).xlsx,2.8 Maintenance,61,Powerlink,https://www.aer.gov.au/documents/powerlink-2022-23-category-analysis-rin-templates,https://www.aer.gov.au/authors/powerlink?page=12,validated_manifest_match,Other maintenance activity ,continued_group_label,60,meaningful,True,other_maintenance_activity,Other maintenance activity,corridor_maintenance_non_vegetation,Corridor maintenance (non-vegetation),mapped,mapped,AUD,nominal,1.0,standardized_source_unit,6149.0,numeric,3346936.0,numeric,3353085.0,numeric
2023-24,Transmission lines maintenance,Transmission towers,$,4114442.461499992,4435768.91869999,Powerlink 2023-24 - Category Analysis - RIN Response - Consolidated - 28 October 2024 - PUBLIC(17452408.1).xlsx,2.8 Maintenance,51,Powerlink,https://www.aer.gov.au/documents/powerlink-2023-24-category-analysis-rin-templates,https://www.aer.gov.au/authors/powerlink?page=3,validated_manifest_match,Transmission lines maintenance,submitted,51,meaningful,True,transmission_lines_maintenance,Transmission lines maintenance,transmission_towers,Transmission towers,mapped,mapped,AUD,nominal,1.0,standardized_source_unit,4114442.461499992,numeric,4435768.91869999,numeric,8550211.380199982,numeric
2023-24,Transmission lines maintenance,Transmission tower support structures,$,79674.74399999996,22351036.215200026,Powerlink 2023-24 - Category Analysis - RIN Response - Consolidated - 28 October 2024 - PUBLIC(17452408.1).xlsx,2.8 Maintenance,52,Powerlink,https://www.aer.gov.au/documents/powerlink-2023-24-category-analysis-rin-templates,https://www.aer.gov.au/authors/powerlink?page=3,validated_manifest_match,Transmission lines maintenance,submitted,52,meaningful,True,transmission_lines_maintenance,Transmission lines maintenance,transmission_tower_support_structures,Transmission tower support structures,mapped,mapped,AUD,nominal,1.0,standardized_source_unit,79674.74399999996,numeric,22351036.215200026,numeric,22430710.959200025,numeric
2023-24,Transmission lines maintenance,Conductors,$,0.0,251540.57,Powerlink 2023-24 - Category Analysis - RIN Response - Consolidated - 28 October 2024 - PUBLIC(17452408.1).xlsx,2.8 Maintenance,53,Powerlink,https://www.aer.gov.au/documents/powerlink-2023-24-category-analysis-rin-templates,https://www.aer.gov.au/authors/powerlink?page=3,validated_manifest_match,Transmission lines maintenance,submitted,53,meaningful,True,transmission_lines_maintenance,Transmission lines maintenance,conductors,Conductors,mapped,mapped,AUD,nominal,1.0,standardized_source_unit,0.0,numeric,251540.57,numeric,251540.57,numeric
2023-24,Transmission lines maintenance,Transmission cables,$,237941.61000000063,654330.8800000005,Powerlink 2023-24 - Category Analysis - RIN Response - Consolidated - 28 October 2024 - PUBLIC(17452408.1).xlsx,2.8 Maintenance,54,Powerlink,https://www.aer.gov.au/documents/powerlink-2023-24-category-analysis-rin-templates,https://www.aer.gov.au/authors/powerlink?page=3,validated_manifest_match,Transmission lines maintenance,submitted,54,meaningful,True,transmission_lines_maintenance,Transmission lines maintenance,transmission_cables,Transmission cables,mapped,mapped,AUD,nominal,1.0,standardized_source_unit,237941.61000000063,numeric,654330.8800000005,numeric,892272.4900000012,numeric
2023-24,Substations equipment & property maintenance,Substation switchbays (incl. Reactive plant),$,7085515.795999972,18768856.200699843,Powerlink 2023-24 - Category Analysis - RIN Response - Consolidated - 28 October 2024 - PUBLIC(17452408.1).xlsx,2.8 Maintenance,55,Powerlink,https://www.aer.gov.au/documents/powerlink-2023-24-category-analysis-rin-templates,https://www.aer.gov.au/authors/powerlink?page=3,validated_manifest_match,Substations equipment & property maintenance,submitted,55,meaningful,True,substations_equipment_property_maintenance,Substations equipment & property maintenance,substation_switchbays,Substation switchbays (incl. Reactive plant),mapped,mapped,AUD,nominal,1.0,standardized_source_unit,7085515.795999972,numeric,18768856.200699843,numeric,25854371.996699817,numeric
2023-24,Substations equipment & property maintenance,Substation power transformers,$,1442174.4496000016,5414100.97350001,Powerlink 2023-24 - Category Analysis - RIN Response - Consolidated - 28 October 2024 - PUBLIC(17452408.1).xlsx,2.8 Maintenance,56,Powerlink,https://www.aer.gov.au/documents/powerlink-2023-24-category-analysis-rin-templates,https://www.aer.gov.au/authors/powerlink?page=3,validated_manifest_match,Substations equipment & property maintenance,submitted,56,meaningful,True,substations_equipment_property_maintenance,Substations equipment & property maintenance,substation_power_transformers,Substation power transformers,mapped,mapped,AUD,nominal,1.0,standardized_source_unit,1442174.4496000016,numeric,5414100.97350001,numeric,6856275.423100011,numeric
2023-24,Substations equipment & property maintenance,Substation property,$,2401594.0562000056,13231336.356500003,Powerlink 2023-24 - Category Analysis - RIN Response - Consolidated - 28 October 2024 - PUBLIC(17452408.1).xlsx,2.8 Maintenance,57,Powerlink,https://www.aer.gov.au/documents/powerlink-2023-24-category-analysis-rin-templates,https://www.aer.gov.au/authors/powerlink?page=3,validated_manifest_match,Substations equipment & property maintenance,submitted,57,meaningful,True,substations_equipment_property_maintenance,Substations equipment & property maintenance,substation_property,Substation property,mapped,mapped,AUD,nominal,1.0,standardized_source_unit,2401594.0562000056,numeric,13231336.356500003,numeric,15632930.412700009,numeric
2023-24,SCADA & network control maintenance,SCADA & network control maintenance,$,2082777.090400001,6187779.07829998,Powerlink 2023-24 - Category Analysis - RIN Response - Consolidated - 28 October 2024 - PUBLIC(17452408.1).xlsx,2.8 Maintenance,58,Powerlink,https://www.aer.gov.au/documents/powerlink-2023-24-category-analysis-rin-templates,https://www.aer.gov.au/authors/powerlink?page=3,validated_manifest_match,SCADA & network control maintenance,submitted,58,meaningful,True,scada_network_control_maintenance,SCADA & network control maintenance,scada_network_control,SCADA & network control maintenance,mapped,mapped,AUD,nominal,1.0,standardized_source_unit,2082777.090400001,numeric,6187779.07829998,numeric,8270556.168699981,numeric
2023-24,Protection systems maintenance,Protection systems maintenance,$,1039544.86,4336162.843799991,Powerlink 2023-24 - Category Analysis - RIN Response - Consolidated - 28 October 2024 - PUBLIC(17452408.1).xlsx,2.8 Maintenance,59,Powerlink,https://www.aer.gov.au/documents/powerlink-2023-24-category-analysis-rin-templates,https://www.aer.gov.au/authors/powerlink?page=3,validated_manifest_match,Protection systems maintenance,submitted,59,meaningful,True,protection_systems_maintenance,Protection systems maintenance,protection_systems,Protection systems maintenance,mapped,mapped,AUD,nominal,1.0,standardized_source_unit,1039544.86,numeric,4336162.843799991,numeric,5375707.703799991,numeric
2023-24,Other maintenance activity ,Transmission Towers Support,$,,,Powerlink 2023-24 - Category Analysis - RIN Response - Consolidated - 28 October 2024 - PUBLIC(17452408.1).xlsx,2.8 Maintenance,60,Powerlink,https://www.aer.gov.au/documents/powerlink-2023-24-category-analysis-rin-templates,https://www.aer.gov.au/authors/powerlink?page=3,validated_manifest_match,Other maintenance activity ,submitted,60,meaningful,True,other_maintenance_activity,Other maintenance activity,transmission_tower_support_structures,Transmission tower support structures,mapped,mapped,AUD,nominal,1.0,standardized_source_unit,,blank,,blank,,blank
2023-24,,Corridor Maintenance (Non-Veg),$,7676.85,3765969.496399998,Powerlink 2023-24 - Category Analysis - RIN Response - Consolidated - 28 October 2024 - PUBLIC(17452408.1).xlsx,2.8 Maintenance,61,Powerlink,https://www.aer.gov.au/documents/powerlink-2023-24-category-analysis-rin-templates,https://www.aer.gov.au/authors/powerlink?page=3,validated_manifest_match,Other maintenance activity ,continued_group_label,60,meaningful,True,other_maintenance_activity,Other maintenance activity,corridor_maintenance_non_vegetation,Corridor maintenance (non-vegetation),mapped,mapped,AUD,nominal,1.0,standardized_source_unit,7676.85,numeric,3765969.496399998,numeric,3773646.3463999983,numeric
2018-19,Transmission lines maintenance,Transmission towers,$0's,3356928.96208788,9814196.73244444,Transgrid 2018-19 - Category Analysis - RIN Response - Consolidated - 31 October 2019 - PUBLIC D19-175594.XLSM.xlsx,2.8 Maintenance,50,Transgrid,https://www.aer.gov.au/documents/transgrid-2018-19-category-analysis-rin-templates,https://www.aer.gov.au/authors/transgrid-t?page=2,validated_manifest_match,Transmission lines maintenance,submitted,50,meaningful,True,transmission_lines_maintenance,Transmission lines maintenance,transmission_towers,Transmission towers,mapped,mapped,AUD,nominal,1.0,standardized_source_unit,3356928.96208788,numeric,9814196.73244444,numeric,13171125.69453232,numeric
2018-19,Transmission lines maintenance,Transmission tower support structures,$0's,,,Transgrid 2018-19 - Category Analysis - RIN Response - Consolidated - 31 October 2019 - PUBLIC D19-175594.XLSM.xlsx,2.8 Maintenance,51,Transgrid,https://www.aer.gov.au/documents/transgrid-2018-19-category-analysis-rin-templates,https://www.aer.gov.au/authors/transgrid-t?page=2,validated_manifest_match,Transmission lines maintenance,submitted,51,meaningful,True,transmission_lines_maintenance,Transmission lines maintenance,transmission_tower_support_structures,Transmission tower support structures,mapped,mapped,AUD,nominal,1.0,standardized_source_unit,,blank,,blank,,blank
2018-19,Transmission lines maintenance,Conductors,$0's,277910.239090828,403113.475856888,Transgrid 2018-19 - Category Analysis - RIN Response - Consolidated - 31 October 2019 - PUBLIC D19-175594.XLSM.xlsx,2.8 Maintenance,52,Transgrid,https://www.aer.gov.au/documents/transgrid-2018-19-category-analysis-rin-templates,https://www.aer.gov.au/authors/transgrid-t?page=2,validated_manifest_match,Transmission lines maintenance,submitted,52,meaningful,True,transmission_lines_maintenance,Transmission lines maintenance,conductors,Conductors,mapped,mapped,AUD,nominal,1.0,standardized_source_unit,277910.239090828,numeric,403113.475856888,numeric,681023.714947716,numeric
2018-19,Transmission lines maintenance,Transmission cables,$0's,596604.124865623,590501.571100314,Transgrid 2018-19 - Category Analysis - RIN Response - Consolidated - 31 October 2019 - PUBLIC D19-175594.XLSM.xlsx,2.8 Maintenance,53,Transgrid,https://www.aer.gov.au/documents/transgrid-2018-19-category-analysis-rin-templates,https://www.aer.gov.au/authors/transgrid-t?page=2,validated_manifest_match,Transmission lines maintenance,submitted,53,meaningful,True,transmission_lines_maintenance,Transmission lines maintenance,transmission_cables,Transmission cables,mapped,mapped,AUD,nominal,1.0,standardized_source_unit,596604.124865623,numeric,590501.571100314,numeric,1187105.6959659369,numeric
2018-19,Substations equipment & property maintenance,Substation switchbays (incl. Reactive plant),$0's,2291589.81497789,3106949.03509366,Transgrid 2018-19 - Category Analysis - RIN Response - Consolidated - 31 October 2019 - PUBLIC D19-175594.XLSM.xlsx,2.8 Maintenance,54,Transgrid,https://www.aer.gov.au/documents/transgrid-2018-19-category-analysis-rin-templates,https://www.aer.gov.au/authors/transgrid-t?page=2,validated_manifest_match,Substations equipment & property maintenance,submitted,54,meaningful,True,substations_equipment_property_maintenance,Substations equipment & property maintenance,substation_switchbays,Substation switchbays (incl. Reactive plant),mapped,mapped,AUD,nominal,1.0,standardized_source_unit,2291589.81497789,numeric,3106949.03509366,numeric,5398538.850071549,numeric
2018-19,Substations equipment & property maintenance,Substation power transformers,$0's,1355585.08240546,729491.981192129,Transgrid 2018-19 - Category Analysis - RIN Response - Consolidated - 31 October 2019 - PUBLIC D19-175594.XLSM.xlsx,2.8 Maintenance,55,Transgrid,https://www.aer.gov.au/documents/transgrid-2018-19-category-analysis-rin-templates,https://www.aer.gov.au/authors/transgrid-t?page=2,validated_manifest_match,Substations equipment & property maintenance,submitted,55,meaningful,True,substations_equipment_property_maintenance,Substations equipment & property maintenance,substation_power_transformers,Substation power transformers,mapped,mapped,AUD,nominal,1.0,standardized_source_unit,1355585.08240546,numeric,729491.981192129,numeric,2085077.063597589,numeric
2018-19,Substations equipment & property maintenance,Substation property,$0's,2411056.21325687,6445688.08106201,Transgrid 2018-19 - Category Analysis - RIN Response - Consolidated - 31 October 2019 - PUBLIC D19-175594.XLSM.xlsx,2.8 Maintenance,56,Transgrid,https://www.aer.gov.au/documents/transgrid-2018-19-category-analysis-rin-templates,https://www.aer.gov.au/authors/transgrid-t?page=2,validated_manifest_match,Substations equipment & property maintenance,submitted,56,meaningful,True,substations_equipment_property_maintenance,Substations equipment & property maintenance,substation_property,Substation property,mapped,mapped,AUD,nominal,1.0,standardized_source_unit,2411056.21325687,numeric,6445688.08106201,numeric,8856744.294318879,numeric
2018-19,SCADA & network control maintenance,SCADA & network control maintenance,$0's,56625.8462591599,354612.262380175,Transgrid 2018-19 - Category Analysis - RIN Response - Consolidated - 31 October 2019 - PUBLIC D19-175594.XLSM.xlsx,2.8 Maintenance,57,Transgrid,https://www.aer.gov.au/documents/transgrid-2018-19-category-analysis-rin-templates,https://www.aer.gov.au/authors/transgrid-t?page=2,validated_manifest_match,SCADA & network control maintenance,submitted,57,meaningful,True,scada_network_control_maintenance,SCADA & network control maintenance,scada_network_control,SCADA & network control maintenance,mapped,mapped,AUD,nominal,1.0,standardized_source_unit,56625.8462591599,numeric,354612.262380175,numeric,411238.1086393349,numeric
2018-19,Protection systems maintenance,Protection systems maintenance,$0's,633403.975845889,1009507.43181769,Transgrid 2018-19 - Category Analysis - RIN Response - Consolidated - 31 October 2019 - PUBLIC D19-175594.XLSM.xlsx,2.8 Maintenance,58,Transgrid,https://www.aer.gov.au/documents/transgrid-2018-19-category-analysis-rin-templates,https://www.aer.gov.au/authors/transgrid-t?page=2,validated_manifest_match,Protection systems maintenance,submitted,58,meaningful,True,protection_systems_maintenance,Protection systems maintenance,protection_systems,Protection systems maintenance,mapped,mapped,AUD,nominal,1.0,standardized_source_unit,633403.975845889,numeric,1009507.43181769,numeric,1642911.407663579,numeric
2018-19,Other maintenance activity ,Metering,$0's,546802.826051476,250935.188744235,Transgrid 2018-19 - Category Analysis - RIN Response - Consolidated - 31 October 2019 - PUBLIC D19-175594.XLSM.xlsx,2.8 Maintenance,59,Transgrid,https://www.aer.gov.au/documents/transgrid-2018-19-category-analysis-rin-templates,https://www.aer.gov.au/authors/transgrid-t?page=2,validated_manifest_match,Other maintenance activity ,submitted,59,meaningful,True,other_maintenance_activity,Other maintenance activity,metering,Metering,mapped,mapped,AUD,nominal,1.0,standardized_source_unit,546802.826051476,numeric,250935.188744235,numeric,797738.0147957109,numeric
2018-19,,Communications,$0's,422078.79481913,3215328.28629985,Transgrid 2018-19 - Category Analysis - RIN Response - Consolidated - 31 October 2019 - PUBLIC D19-175594.XLSM.xlsx,2.8 Maintenance,60,Transgrid,https://www.aer.gov.au/documents/transgrid-2018-19-category-analysis-rin-templates,https://www.aer.gov.au/authors/transgrid-t?page=2,validated_manifest_match,Other maintenance activity ,continued_group_label,59,meaningful,True,other_maintenance_activity,Other maintenance activity,communications,Communications,mapped,mapped,AUD,nominal,1.0,standardized_source_unit,422078.79481913,numeric,3215328.28629985,numeric,3637407.08111898,numeric
2019-20,Transmission lines maintenance,Transmission towers,$0's,7822629.0,5742999.0,"TransGrid 2019-20 - Category Analysis - RIN Response - Consolidated - 30 October 2020 - PUBLIC (#11,665,158).xlsx",2.8 Maintenance,50,Transgrid,https://www.aer.gov.au/documents/transgrid-2019-20-category-analysis-rin-templates,https://www.aer.gov.au/authors/transgrid-t?page=3,validated_manifest_match,Transmission lines maintenance,submitted,50,meaningful,True,transmission_lines_maintenance,Transmission lines maintenance,transmission_towers,Transmission towers,mapped,mapped,AUD,nominal,1.0,standardized_source_unit,7822629.0,numeric,5742999.0,numeric,13565628.0,numeric
2019-20,Transmission lines maintenance,Transmission tower support structures,$0's,,,"TransGrid 2019-20 - Category Analysis - RIN Response - Consolidated - 30 October 2020 - PUBLIC (#11,665,158).xlsx",2.8 Maintenance,51,Transgrid,https://www.aer.gov.au/documents/transgrid-2019-20-category-analysis-rin-templates,https://www.aer.gov.au/authors/transgrid-t?page=3,validated_manifest_match,Transmission lines maintenance,submitted,51,meaningful,True,transmission_lines_maintenance,Transmission lines maintenance,transmission_tower_support_structures,Transmission tower support structures,mapped,mapped,AUD,nominal,1.0,standardized_source_unit,,blank,,blank,,blank
2019-20,Transmission lines maintenance,Conductors,$0's,256886.0,442186.0,"TransGrid 2019-20 - Category Analysis - RIN Response - Consolidated - 30 October 2020 - PUBLIC (#11,665,158).xlsx",2.8 Maintenance,52,Transgrid,https://www.aer.gov.au/documents/transgrid-2019-20-category-analysis-rin-templates,https://www.aer.gov.au/authors/transgrid-t?page=3,validated_manifest_match,Transmission lines maintenance,submitted,52,meaningful,True,transmission_lines_maintenance,Transmission lines maintenance,conductors,Conductors,mapped,mapped,AUD,nominal,1.0,standardized_source_unit,256886.0,numeric,442186.0,numeric,699072.0,numeric
2019-20,Transmission lines maintenance,Transmission cables,$0's,700597.0,349755.0,"TransGrid 2019-20 - Category Analysis - RIN Response - Consolidated - 30 October 2020 - PUBLIC (#11,665,158).xlsx",2.8 Maintenance,53,Transgrid,https://www.aer.gov.au/documents/transgrid-2019-20-category-analysis-rin-templates,https://www.aer.gov.au/authors/transgrid-t?page=3,validated_manifest_match,Transmission lines maintenance,submitted,53,meaningful,True,transmission_lines_maintenance,Transmission lines maintenance,transmission_cables,Transmission cables,mapped,mapped,AUD,nominal,1.0,standardized_source_unit,700597.0,numeric,349755.0,numeric,1050352.0,numeric
2019-20,Substations equipment & property maintenance,Substation switchbays (incl. Reactive plant),$0's,2141113.0,2375999.0399311,"TransGrid 2019-20 - Category Analysis - RIN Response - Consolidated - 30 October 2020 - PUBLIC (#11,665,158).xlsx",2.8 Maintenance,54,Transgrid,https://www.aer.gov.au/documents/transgrid-2019-20-category-analysis-rin-templates,https://www.aer.gov.au/authors/transgrid-t?page=3,validated_manifest_match,Substations equipment & property maintenance,submitted,54,meaningful,True,substations_equipment_property_maintenance,Substations equipment & property maintenance,substation_switchbays,Substation switchbays (incl. Reactive plant),mapped,mapped,AUD,nominal,1.0,standardized_source_unit,2141113.0,numeric,2375999.0399311,numeric,4517112.0399311,numeric
2019-20,Substations equipment & property maintenance,Substation power transformers,$0's,810521.0,517455.0,"TransGrid 2019-20 - Category Analysis - RIN Response - Consolidated - 30 October 2020 - PUBLIC (#11,665,158).xlsx",2.8 Maintenance,55,Transgrid,https://www.aer.gov.au/documents/transgrid-2019-20-category-analysis-rin-templates,https://www.aer.gov.au/authors/transgrid-t?page=3,validated_manifest_match,Substations equipment & property maintenance,submitted,55,meaningful,True,substations_equipment_property_maintenance,Substations equipment & property maintenance,substation_power_transformers,Substation power transformers,mapped,mapped,AUD,nominal,1.0,standardized_source_unit,810521.0,numeric,517455.0,numeric,1327976.0,numeric
2019-20,Substations equipment & property maintenance,Substation property,$0's,3251541.0,8476088.0,"TransGrid 2019-20 - Category Analysis - RIN Response - Consolidated - 30 October 2020 - PUBLIC (#11,665,158).xlsx",2.8 Maintenance,56,Transgrid,https://www.aer.gov.au/documents/transgrid-2019-20-category-analysis-rin-templates,https://www.aer.gov.au/authors/transgrid-t?page=3,validated_manifest_match,Substations equipment & property maintenance,submitted,56,meaningful,True,substations_equipment_property_maintenance,Substations equipment & property maintenance,substation_property,Substation property,mapped,mapped,AUD,nominal,1.0,standardized_source_unit,3251541.0,numeric,8476088.0,numeric,11727629.0,numeric
2019-20,SCADA & network control maintenance,SCADA & network control maintenance,$0's,62913.0,662521.0,"TransGrid 2019-20 - Category Analysis - RIN Response - Consolidated - 30 October 2020 - PUBLIC (#11,665,158).xlsx",2.8 Maintenance,57,Transgrid,https://www.aer.gov.au/documents/transgrid-2019-20-category-analysis-rin-templates,https://www.aer.gov.au/authors/transgrid-t?page=3,validated_manifest_match,SCADA & network control maintenance,submitted,57,meaningful,True,scada_network_control_maintenance,SCADA & network control maintenance,scada_network_control,SCADA & network control maintenance,mapped,mapped,AUD,nominal,1.0,standardized_source_unit,62913.0,numeric,662521.0,numeric,725434.0,numeric
2019-20,Protection systems maintenance,Protection systems maintenance,$0's,474680.0,617568.0,"TransGrid 2019-20 - Category Analysis - RIN Response - Consolidated - 30 October 2020 - PUBLIC (#11,665,158).xlsx",2.8 Maintenance,58,Transgrid,https://www.aer.gov.au/documents/transgrid-2019-20-category-analysis-rin-templates,https://www.aer.gov.au/authors/transgrid-t?page=3,validated_manifest_match,Protection systems maintenance,submitted,58,meaningful,True,protection_systems_maintenance,Protection systems maintenance,protection_systems,Protection systems maintenance,mapped,mapped,AUD,nominal,1.0,standardized_source_unit,474680.0,numeric,617568.0,numeric,1092248.0,numeric
2019-20,Other maintenance activity ,Metering,$0's,496996.0,236808.0,"TransGrid 2019-20 - Category Analysis - RIN Response - Consolidated - 30 October 2020 - PUBLIC (#11,665,158).xlsx",2.8 Maintenance,59,Transgrid,https://www.aer.gov.au/documents/transgrid-2019-20-category-analysis-rin-templates,https://www.aer.gov.au/authors/transgrid-t?page=3,validated_manifest_match,Other maintenance activity ,submitted,59,meaningful,True,other_maintenance_activity,Other maintenance activity,metering,Metering,mapped,mapped,AUD,nominal,1.0,standardized_source_unit,496996.0,numeric,236808.0,numeric,733804.0,numeric
2019-20,,Communications,$0's,510652.0,2725499.0,"TransGrid 2019-20 - Category Analysis - RIN Response - Consolidated - 30 October 2020 - PUBLIC (#11,665,158).xlsx",2.8 Maintenance,60,Transgrid,https://www.aer.gov.au/documents/transgrid-2019-20-category-analysis-rin-templates,https://www.aer.gov.au/authors/transgrid-t?page=3,validated_manifest_match,Other maintenance activity ,continued_group_label,59,meaningful,True,other_maintenance_activity,Other maintenance activity,communications,Communications,mapped,mapped,AUD,nominal,1.0,standardized_source_unit,510652.0,numeric,2725499.0,numeric,3236151.0,numeric
2019-20,,Bushfire Remediation,$0's,,8302044.0,"TransGrid 2019-20 - Category Analysis - RIN Response - Consolidated - 30 October 2020 - PUBLIC (#11,665,158).xlsx",2.8 Maintenance,61,Transgrid,https://www.aer.gov.au/documents/transgrid-2019-20-category-analysis-rin-templates,https://www.aer.gov.au/authors/transgrid-t?page=3,validated_manifest_match,Other maintenance activity ,continued_group_label,59,meaningful,True,other_maintenance_activity,Other maintenance activity,bushfire_remediation,Bushfire Remediation,mapped,mapped,AUD,nominal,1.0,standardized_source_unit,,blank,8302044.0,numeric,,incomplete_components
2020-21,Transmission lines maintenance,Transmission towers,$0's,5169028.0,5912289.0,TransGrid 2020-21 - Category Analysis - RIN Response - Consolidated - 29 October 2021 - PUBLIC(13029988.1).xlsx,2.8 Maintenance,50,Transgrid,https://www.aer.gov.au/documents/transgrid-2020-21-category-analysis-rin-templates,https://www.aer.gov.au/authors/transgrid-t,validated_manifest_match,Transmission lines maintenance,submitted,50,meaningful,True,transmission_lines_maintenance,Transmission lines maintenance,transmission_towers,Transmission towers,mapped,mapped,AUD,nominal,1.0,standardized_source_unit,5169028.0,numeric,5912289.0,numeric,11081317.0,numeric
2020-21,Transmission lines maintenance,Transmission tower support structures,$0's,0.0,0.0,TransGrid 2020-21 - Category Analysis - RIN Response - Consolidated - 29 October 2021 - PUBLIC(13029988.1).xlsx,2.8 Maintenance,51,Transgrid,https://www.aer.gov.au/documents/transgrid-2020-21-category-analysis-rin-templates,https://www.aer.gov.au/authors/transgrid-t,validated_manifest_match,Transmission lines maintenance,submitted,51,meaningful,True,transmission_lines_maintenance,Transmission lines maintenance,transmission_tower_support_structures,Transmission tower support structures,mapped,mapped,AUD,nominal,1.0,standardized_source_unit,0.0,numeric,0.0,numeric,0.0,numeric
2020-21,Transmission lines maintenance,Conductors,$0's,505044.0,465658.0,TransGrid 2020-21 - Category Analysis - RIN Response - Consolidated - 29 October 2021 - PUBLIC(13029988.1).xlsx,2.8 Maintenance,52,Transgrid,https://www.aer.gov.au/documents/transgrid-2020-21-category-analysis-rin-templates,https://www.aer.gov.au/authors/transgrid-t,validated_manifest_match,Transmission lines maintenance,submitted,52,meaningful,True,transmission_lines_maintenance,Transmission lines maintenance,conductors,Conductors,mapped,mapped,AUD,nominal,1.0,standardized_source_unit,505044.0,numeric,465658.0,numeric,970702.0,numeric
2020-21,Transmission lines maintenance,Transmission cables,$0's,601551.0,351328.0,TransGrid 2020-21 - Category Analysis - RIN Response - Consolidated - 29 October 2021 - PUBLIC(13029988.1).xlsx,2.8 Maintenance,53,Transgrid,https://www.aer.gov.au/documents/transgrid-2020-21-category-analysis-rin-templates,https://www.aer.gov.au/authors/transgrid-t,validated_manifest_match,Transmission lines maintenance,submitted,53,meaningful,True,transmission_lines_maintenance,Transmission lines maintenance,transmission_cables,Transmission cables,mapped,mapped,AUD,nominal,1.0,standardized_source_unit,601551.0,numeric,351328.0,numeric,952879.0,numeric
2020-21,Substations equipment & property maintenance,Substation switchbays (incl. Reactive plant),$0's,2102979.0,2746524.0,TransGrid 2020-21 - Category Analysis - RIN Response - Consolidated - 29 October 2021 - PUBLIC(13029988.1).xlsx,2.8 Maintenance,54,Transgrid,https://www.aer.gov.au/documents/transgrid-2020-21-category-analysis-rin-templates,https://www.aer.gov.au/authors/transgrid-t,validated_manifest_match,Substations equipment & property maintenance,submitted,54,meaningful,True,substations_equipment_property_maintenance,Substations equipment & property maintenance,substation_switchbays,Substation switchbays (incl. Reactive plant),mapped,mapped,AUD,nominal,1.0,standardized_source_unit,2102979.0,numeric,2746524.0,numeric,4849503.0,numeric
2020-21,Substations equipment & property maintenance,Substation power transformers,$0's,1146164.0,606471.0,TransGrid 2020-21 - Category Analysis - RIN Response - Consolidated - 29 October 2021 - PUBLIC(13029988.1).xlsx,2.8 Maintenance,55,Transgrid,https://www.aer.gov.au/documents/transgrid-2020-21-category-analysis-rin-templates,https://www.aer.gov.au/authors/transgrid-t,validated_manifest_match,Substations equipment & property maintenance,submitted,55,meaningful,True,substations_equipment_property_maintenance,Substations equipment & property maintenance,substation_power_transformers,Substation power transformers,mapped,mapped,AUD,nominal,1.0,standardized_source_unit,1146164.0,numeric,606471.0,numeric,1752635.0,numeric
2020-21,Substations equipment & property maintenance,Substation property,$0's,5218591.0,5672945.0,TransGrid 2020-21 - Category Analysis - RIN Response - Consolidated - 29 October 2021 - PUBLIC(13029988.1).xlsx,2.8 Maintenance,56,Transgrid,https://www.aer.gov.au/documents/transgrid-2020-21-category-analysis-rin-templates,https://www.aer.gov.au/authors/transgrid-t,validated_manifest_match,Substations equipment & property maintenance,submitted,56,meaningful,True,substations_equipment_property_maintenance,Substations equipment & property maintenance,substation_property,Substation property,mapped,mapped,AUD,nominal,1.0,standardized_source_unit,5218591.0,numeric,5672945.0,numeric,10891536.0,numeric
2020-21,SCADA & network control maintenance,SCADA & network control maintenance,$0's,45777.0,567934.0,TransGrid 2020-21 - Category Analysis - RIN Response - Consolidated - 29 October 2021 - PUBLIC(13029988.1).xlsx,2.8 Maintenance,57,Transgrid,https://www.aer.gov.au/documents/transgrid-2020-21-category-analysis-rin-templates,https://www.aer.gov.au/authors/transgrid-t,validated_manifest_match,SCADA & network control maintenance,submitted,57,meaningful,True,scada_network_control_maintenance,SCADA & network control maintenance,scada_network_control,SCADA & network control maintenance,mapped,mapped,AUD,nominal,1.0,standardized_source_unit,45777.0,numeric,567934.0,numeric,613711.0,numeric
2020-21,Protection systems maintenance,Protection systems maintenance,$0's,533046.0,520189.0,TransGrid 2020-21 - Category Analysis - RIN Response - Consolidated - 29 October 2021 - PUBLIC(13029988.1).xlsx,2.8 Maintenance,58,Transgrid,https://www.aer.gov.au/documents/transgrid-2020-21-category-analysis-rin-templates,https://www.aer.gov.au/authors/transgrid-t,validated_manifest_match,Protection systems maintenance,submitted,58,meaningful,True,protection_systems_maintenance,Protection systems maintenance,protection_systems,Protection systems maintenance,mapped,mapped,AUD,nominal,1.0,standardized_source_unit,533046.0,numeric,520189.0,numeric,1053235.0,numeric
2020-21,Other maintenance activity ,Metering,$0's,300237.0,198491.0,TransGrid 2020-21 - Category Analysis - RIN Response - Consolidated - 29 October 2021 - PUBLIC(13029988.1).xlsx,2.8 Maintenance,59,Transgrid,https://www.aer.gov.au/documents/transgrid-2020-21-category-analysis-rin-templates,https://www.aer.gov.au/authors/transgrid-t,validated_manifest_match,Other maintenance activity ,submitted,59,meaningful,True,other_maintenance_activity,Other maintenance activity,metering,Metering,mapped,mapped,AUD,nominal,1.0,standardized_source_unit,300237.0,numeric,198491.0,numeric,498728.0,numeric
2020-21,,Communications,$0's,378559.0,2053836.0,TransGrid 2020-21 - Category Analysis - RIN Response - Consolidated - 29 October 2021 - PUBLIC(13029988.1).xlsx,2.8 Maintenance,60,Transgrid,https://www.aer.gov.au/documents/transgrid-2020-21-category-analysis-rin-templates,https://www.aer.gov.au/authors/transgrid-t,validated_manifest_match,Other maintenance activity ,continued_group_label,59,meaningful,True,other_maintenance_activity,Other maintenance activity,communications,Communications,mapped,mapped,AUD,nominal,1.0,standardized_source_unit,378559.0,numeric,2053836.0,numeric,2432395.0,numeric
2020-21,,Bushfire Remediation,$0's,,5298843.0,TransGrid 2020-21 - Category Analysis - RIN Response - Consolidated - 29 October 2021 - PUBLIC(13029988.1).xlsx,2.8 Maintenance,61,Transgrid,https://www.aer.gov.au/documents/transgrid-2020-21-category-analysis-rin-templates,https://www.aer.gov.au/authors/transgrid-t,validated_manifest_match,Other maintenance activity ,continued_group_label,59,meaningful,True,other_maintenance_activity,Other maintenance activity,bushfire_remediation,Bushfire Remediation,mapped,mapped,AUD,nominal,1.0,standardized_source_unit,,blank,5298843.0,numeric,,incomplete_components
2021-22,Transmission lines maintenance,Transmission towers,$0's,5564511.0,6996931.0,Transgrid 2021-22 - Category Analysis - RIN Response - Consolidated - 31 October 2022 - PUBLIC(14550262.2).xlsx,2.8 Maintenance,50,Transgrid,https://www.aer.gov.au/documents/transgrid-2021-22-category-analysis-rin-templates,https://www.aer.gov.au/search?search=Transgrid+2021%E2%80%9322,validated_manifest_match,Transmission lines maintenance,submitted,50,meaningful,True,transmission_lines_maintenance,Transmission lines maintenance,transmission_towers,Transmission towers,mapped,mapped,AUD,nominal,1.0,standardized_source_unit,5564511.0,numeric,6996931.0,numeric,12561442.0,numeric
2021-22,Transmission lines maintenance,Transmission tower support structures,$0's,0.0,0.0,Transgrid 2021-22 - Category Analysis - RIN Response - Consolidated - 31 October 2022 - PUBLIC(14550262.2).xlsx,2.8 Maintenance,51,Transgrid,https://www.aer.gov.au/documents/transgrid-2021-22-category-analysis-rin-templates,https://www.aer.gov.au/search?search=Transgrid+2021%E2%80%9322,validated_manifest_match,Transmission lines maintenance,submitted,51,meaningful,True,transmission_lines_maintenance,Transmission lines maintenance,transmission_tower_support_structures,Transmission tower support structures,mapped,mapped,AUD,nominal,1.0,standardized_source_unit,0.0,numeric,0.0,numeric,0.0,numeric
2021-22,Transmission lines maintenance,Conductors,$0's,22226.0,570597.0,Transgrid 2021-22 - Category Analysis - RIN Response - Consolidated - 31 October 2022 - PUBLIC(14550262.2).xlsx,2.8 Maintenance,52,Transgrid,https://www.aer.gov.au/documents/transgrid-2021-22-category-analysis-rin-templates,https://www.aer.gov.au/search?search=Transgrid+2021%E2%80%9322,validated_manifest_match,Transmission lines maintenance,submitted,52,meaningful,True,transmission_lines_maintenance,Transmission lines maintenance,conductors,Conductors,mapped,mapped,AUD,nominal,1.0,standardized_source_unit,22226.0,numeric,570597.0,numeric,592823.0,numeric
2021-22,Transmission lines maintenance,Transmission cables,$0's,611848.0,195010.0,Transgrid 2021-22 - Category Analysis - RIN Response - Consolidated - 31 October 2022 - PUBLIC(14550262.2).xlsx,2.8 Maintenance,53,Transgrid,https://www.aer.gov.au/documents/transgrid-2021-22-category-analysis-rin-templates,https://www.aer.gov.au/search?search=Transgrid+2021%E2%80%9322,validated_manifest_match,Transmission lines maintenance,submitted,53,meaningful,True,transmission_lines_maintenance,Transmission lines maintenance,transmission_cables,Transmission cables,mapped,mapped,AUD,nominal,1.0,standardized_source_unit,611848.0,numeric,195010.0,numeric,806858.0,numeric
2021-22,Substations equipment & property maintenance,Substation switchbays (incl. Reactive plant),$0's,1679852.0,2193306.0,Transgrid 2021-22 - Category Analysis - RIN Response - Consolidated - 31 October 2022 - PUBLIC(14550262.2).xlsx,2.8 Maintenance,54,Transgrid,https://www.aer.gov.au/documents/transgrid-2021-22-category-analysis-rin-templates,https://www.aer.gov.au/search?search=Transgrid+2021%E2%80%9322,validated_manifest_match,Substations equipment & property maintenance,submitted,54,meaningful,True,substations_equipment_property_maintenance,Substations equipment & property maintenance,substation_switchbays,Substation switchbays (incl. Reactive plant),mapped,mapped,AUD,nominal,1.0,standardized_source_unit,1679852.0,numeric,2193306.0,numeric,3873158.0,numeric
2021-22,Substations equipment & property maintenance,Substation power transformers,$0's,830413.0,1103429.0,Transgrid 2021-22 - Category Analysis - RIN Response - Consolidated - 31 October 2022 - PUBLIC(14550262.2).xlsx,2.8 Maintenance,55,Transgrid,https://www.aer.gov.au/documents/transgrid-2021-22-category-analysis-rin-templates,https://www.aer.gov.au/search?search=Transgrid+2021%E2%80%9322,validated_manifest_match,Substations equipment & property maintenance,submitted,55,meaningful,True,substations_equipment_property_maintenance,Substations equipment & property maintenance,substation_power_transformers,Substation power transformers,mapped,mapped,AUD,nominal,1.0,standardized_source_unit,830413.0,numeric,1103429.0,numeric,1933842.0,numeric
2021-22,Substations equipment & property maintenance,Substation property,$0's,4824330.0,3296517.0,Transgrid 2021-22 - Category Analysis - RIN Response - Consolidated - 31 October 2022 - PUBLIC(14550262.2).xlsx,2.8 Maintenance,56,Transgrid,https://www.aer.gov.au/documents/transgrid-2021-22-category-analysis-rin-templates,https://www.aer.gov.au/search?search=Transgrid+2021%E2%80%9322,validated_manifest_match,Substations equipment & property maintenance,submitted,56,meaningful,True,substations_equipment_property_maintenance,Substations equipment & property maintenance,substation_property,Substation property,mapped,mapped,AUD,nominal,1.0,standardized_source_unit,4824330.0,numeric,3296517.0,numeric,8120847.0,numeric
2021-22,SCADA & network control maintenance,SCADA & network control maintenance,$0's,21459.0,439223.0,Transgrid 2021-22 - Category Analysis - RIN Response - Consolidated - 31 October 2022 - PUBLIC(14550262.2).xlsx,2.8 Maintenance,57,Transgrid,https://www.aer.gov.au/documents/transgrid-2021-22-category-analysis-rin-templates,https://www.aer.gov.au/search?search=Transgrid+2021%E2%80%9322,validated_manifest_match,SCADA & network control maintenance,submitted,57,meaningful,True,scada_network_control_maintenance,SCADA & network control maintenance,scada_network_control,SCADA & network control maintenance,mapped,mapped,AUD,nominal,1.0,standardized_source_unit,21459.0,numeric,439223.0,numeric,460682.0,numeric
2021-22,Protection systems maintenance,Protection systems maintenance,$0's,611785.0,962213.0,Transgrid 2021-22 - Category Analysis - RIN Response - Consolidated - 31 October 2022 - PUBLIC(14550262.2).xlsx,2.8 Maintenance,58,Transgrid,https://www.aer.gov.au/documents/transgrid-2021-22-category-analysis-rin-templates,https://www.aer.gov.au/search?search=Transgrid+2021%E2%80%9322,validated_manifest_match,Protection systems maintenance,submitted,58,meaningful,True,protection_systems_maintenance,Protection systems maintenance,protection_systems,Protection systems maintenance,mapped,mapped,AUD,nominal,1.0,standardized_source_unit,611785.0,numeric,962213.0,numeric,1573998.0,numeric
2021-22,Other maintenance activity ,Metering,$0's,748369.0,103307.0,Transgrid 2021-22 - Category Analysis - RIN Response - Consolidated - 31 October 2022 - PUBLIC(14550262.2).xlsx,2.8 Maintenance,59,Transgrid,https://www.aer.gov.au/documents/transgrid-2021-22-category-analysis-rin-templates,https://www.aer.gov.au/search?search=Transgrid+2021%E2%80%9322,validated_manifest_match,Other maintenance activity ,submitted,59,meaningful,True,other_maintenance_activity,Other maintenance activity,metering,Metering,mapped,mapped,AUD,nominal,1.0,standardized_source_unit,748369.0,numeric,103307.0,numeric,851676.0,numeric
2021-22,,Communications,$0's,253942.0,1190259.0,Transgrid 2021-22 - Category Analysis - RIN Response - Consolidated - 31 October 2022 - PUBLIC(14550262.2).xlsx,2.8 Maintenance,60,Transgrid,https://www.aer.gov.au/documents/transgrid-2021-22-category-analysis-rin-templates,https://www.aer.gov.au/search?search=Transgrid+2021%E2%80%9322,validated_manifest_match,Other maintenance activity ,continued_group_label,59,meaningful,True,other_maintenance_activity,Other maintenance activity,communications,Communications,mapped,mapped,AUD,nominal,1.0,standardized_source_unit,253942.0,numeric,1190259.0,numeric,1444201.0,numeric
2021-22,,Bushfire Remediation,$0's,0.0,12022982.0,Transgrid 2021-22 - Category Analysis - RIN Response - Consolidated - 31 October 2022 - PUBLIC(14550262.2).xlsx,2.8 Maintenance,61,Transgrid,https://www.aer.gov.au/documents/transgrid-2021-22-category-analysis-rin-templates,https://www.aer.gov.au/search?search=Transgrid+2021%E2%80%9322,validated_manifest_match,Other maintenance activity ,continued_group_label,59,meaningful,True,other_maintenance_activity,Other maintenance activity,bushfire_remediation,Bushfire Remediation,mapped,mapped,AUD,nominal,1.0,standardized_source_unit,0.0,numeric,12022982.0,numeric,12022982.0,numeric
2022-23,Transmission lines maintenance,Transmission towers,$,5452948.0,8181433.0,Transgrid 2022-23 - Category analysis - RIN response - Consolidated - 31 October 2023 - PUBLIC(15993699.2).xlsx,2.8 Maintenance,51,Transgrid,https://www.aer.gov.au/documents/transgrid-2022-23-category-analysis-rin-templates,https://www.aer.gov.au/authors/transgrid-t,validated_manifest_match,Transmission lines maintenance,submitted,51,meaningful,True,transmission_lines_maintenance,Transmission lines maintenance,transmission_towers,Transmission towers,mapped,mapped,AUD,nominal,1.0,standardized_source_unit,5452948.0,numeric,8181433.0,numeric,13634381.0,numeric
2022-23,Transmission lines maintenance,Transmission tower support structures,$,,,Transgrid 2022-23 - Category analysis - RIN response - Consolidated - 31 October 2023 - PUBLIC(15993699.2).xlsx,2.8 Maintenance,52,Transgrid,https://www.aer.gov.au/documents/transgrid-2022-23-category-analysis-rin-templates,https://www.aer.gov.au/authors/transgrid-t,validated_manifest_match,Transmission lines maintenance,submitted,52,meaningful,True,transmission_lines_maintenance,Transmission lines maintenance,transmission_tower_support_structures,Transmission tower support structures,mapped,mapped,AUD,nominal,1.0,standardized_source_unit,,blank,,blank,,blank
2022-23,Transmission lines maintenance,Conductors,$,471823.0,603304.0,Transgrid 2022-23 - Category analysis - RIN response - Consolidated - 31 October 2023 - PUBLIC(15993699.2).xlsx,2.8 Maintenance,53,Transgrid,https://www.aer.gov.au/documents/transgrid-2022-23-category-analysis-rin-templates,https://www.aer.gov.au/authors/transgrid-t,validated_manifest_match,Transmission lines maintenance,submitted,53,meaningful,True,transmission_lines_maintenance,Transmission lines maintenance,conductors,Conductors,mapped,mapped,AUD,nominal,1.0,standardized_source_unit,471823.0,numeric,603304.0,numeric,1075127.0,numeric
2022-23,Transmission lines maintenance,Transmission cables,$,734356.0,418379.0,Transgrid 2022-23 - Category analysis - RIN response - Consolidated - 31 October 2023 - PUBLIC(15993699.2).xlsx,2.8 Maintenance,54,Transgrid,https://www.aer.gov.au/documents/transgrid-2022-23-category-analysis-rin-templates,https://www.aer.gov.au/authors/transgrid-t,validated_manifest_match,Transmission lines maintenance,submitted,54,meaningful,True,transmission_lines_maintenance,Transmission lines maintenance,transmission_cables,Transmission cables,mapped,mapped,AUD,nominal,1.0,standardized_source_unit,734356.0,numeric,418379.0,numeric,1152735.0,numeric
2022-23,Substations equipment & property maintenance,Substation switchbays (incl. Reactive plant),$,1454533.0,2611448.0,Transgrid 2022-23 - Category analysis - RIN response - Consolidated - 31 October 2023 - PUBLIC(15993699.2).xlsx,2.8 Maintenance,55,Transgrid,https://www.aer.gov.au/documents/transgrid-2022-23-category-analysis-rin-templates,https://www.aer.gov.au/authors/transgrid-t,validated_manifest_match,Substations equipment & property maintenance,submitted,55,meaningful,True,substations_equipment_property_maintenance,Substations equipment & property maintenance,substation_switchbays,Substation switchbays (incl. Reactive plant),mapped,mapped,AUD,nominal,1.0,standardized_source_unit,1454533.0,numeric,2611448.0,numeric,4065981.0,numeric
2022-23,Substations equipment & property maintenance,Substation power transformers,$,1560406.0,1464114.0,Transgrid 2022-23 - Category analysis - RIN response - Consolidated - 31 October 2023 - PUBLIC(15993699.2).xlsx,2.8 Maintenance,56,Transgrid,https://www.aer.gov.au/documents/transgrid-2022-23-category-analysis-rin-templates,https://www.aer.gov.au/authors/transgrid-t,validated_manifest_match,Substations equipment & property maintenance,submitted,56,meaningful,True,substations_equipment_property_maintenance,Substations equipment & property maintenance,substation_power_transformers,Substation power transformers,mapped,mapped,AUD,nominal,1.0,standardized_source_unit,1560406.0,numeric,1464114.0,numeric,3024520.0,numeric
2022-23,Substations equipment & property maintenance,Substation property,$,6165173.0,7152146.0,Transgrid 2022-23 - Category analysis - RIN response - Consolidated - 31 October 2023 - PUBLIC(15993699.2).xlsx,2.8 Maintenance,57,Transgrid,https://www.aer.gov.au/documents/transgrid-2022-23-category-analysis-rin-templates,https://www.aer.gov.au/authors/transgrid-t,validated_manifest_match,Substations equipment & property maintenance,submitted,57,meaningful,True,substations_equipment_property_maintenance,Substations equipment & property maintenance,substation_property,Substation property,mapped,mapped,AUD,nominal,1.0,standardized_source_unit,6165173.0,numeric,7152146.0,numeric,13317319.0,numeric
2022-23,SCADA & network control maintenance,SCADA & network control maintenance,$,32712.0,510468.0,Transgrid 2022-23 - Category analysis - RIN response - Consolidated - 31 October 2023 - PUBLIC(15993699.2).xlsx,2.8 Maintenance,58,Transgrid,https://www.aer.gov.au/documents/transgrid-2022-23-category-analysis-rin-templates,https://www.aer.gov.au/authors/transgrid-t,validated_manifest_match,SCADA & network control maintenance,submitted,58,meaningful,True,scada_network_control_maintenance,SCADA & network control maintenance,scada_network_control,SCADA & network control maintenance,mapped,mapped,AUD,nominal,1.0,standardized_source_unit,32712.0,numeric,510468.0,numeric,543180.0,numeric
2022-23,Protection systems maintenance,Protection systems maintenance,$,1150739.0,617753.0,Transgrid 2022-23 - Category analysis - RIN response - Consolidated - 31 October 2023 - PUBLIC(15993699.2).xlsx,2.8 Maintenance,59,Transgrid,https://www.aer.gov.au/documents/transgrid-2022-23-category-analysis-rin-templates,https://www.aer.gov.au/authors/transgrid-t,validated_manifest_match,Protection systems maintenance,submitted,59,meaningful,True,protection_systems_maintenance,Protection systems maintenance,protection_systems,Protection systems maintenance,mapped,mapped,AUD,nominal,1.0,standardized_source_unit,1150739.0,numeric,617753.0,numeric,1768492.0,numeric
2022-23,Other maintenance activity ,Metering,$,499217.0,220259.0,Transgrid 2022-23 - Category analysis - RIN response - Consolidated - 31 October 2023 - PUBLIC(15993699.2).xlsx,2.8 Maintenance,60,Transgrid,https://www.aer.gov.au/documents/transgrid-2022-23-category-analysis-rin-templates,https://www.aer.gov.au/authors/transgrid-t,validated_manifest_match,Other maintenance activity ,submitted,60,meaningful,True,other_maintenance_activity,Other maintenance activity,metering,Metering,mapped,mapped,AUD,nominal,1.0,standardized_source_unit,499217.0,numeric,220259.0,numeric,719476.0,numeric
2022-23,,Communications,$,400286.0,1439324.0,Transgrid 2022-23 - Category analysis - RIN response - Consolidated - 31 October 2023 - PUBLIC(15993699.2).xlsx,2.8 Maintenance,61,Transgrid,https://www.aer.gov.au/documents/transgrid-2022-23-category-analysis-rin-templates,https://www.aer.gov.au/authors/transgrid-t,validated_manifest_match,Other maintenance activity ,continued_group_label,60,meaningful,True,other_maintenance_activity,Other maintenance activity,communications,Communications,mapped,mapped,AUD,nominal,1.0,standardized_source_unit,400286.0,numeric,1439324.0,numeric,1839610.0,numeric
2022-23,,Bushfire Remediation,$,,18157008.0,Transgrid 2022-23 - Category analysis - RIN response - Consolidated - 31 October 2023 - PUBLIC(15993699.2).xlsx,2.8 Maintenance,62,Transgrid,https://www.aer.gov.au/documents/transgrid-2022-23-category-analysis-rin-templates,https://www.aer.gov.au/authors/transgrid-t,validated_manifest_match,Other maintenance activity ,continued_group_label,60,meaningful,True,other_maintenance_activity,Other maintenance activity,bushfire_remediation,Bushfire Remediation,mapped,mapped,AUD,nominal,1.0,standardized_source_unit,,blank,18157008.0,numeric,,incomplete_components
2023-24,Transmission lines maintenance,Transmission towers,$,4904687.0,8339590.0,Transgrid 2023-24 - Category Analysis - RIN Response - Consolidated - 31 October 2024 - PUBLIC(17496053.2).xlsx,2.8 Maintenance,51,Transgrid,https://www.aer.gov.au/documents/transgrid-2023-24-category-analysis-rin-templates,https://www.aer.gov.au/authors/transgrid-t,validated_manifest_match,Transmission lines maintenance,submitted,51,meaningful,True,transmission_lines_maintenance,Transmission lines maintenance,transmission_towers,Transmission towers,mapped,mapped,AUD,nominal,1.0,standardized_source_unit,4904687.0,numeric,8339590.0,numeric,13244277.0,numeric
2023-24,Transmission lines maintenance,Transmission tower support structures,$,,,Transgrid 2023-24 - Category Analysis - RIN Response - Consolidated - 31 October 2024 - PUBLIC(17496053.2).xlsx,2.8 Maintenance,52,Transgrid,https://www.aer.gov.au/documents/transgrid-2023-24-category-analysis-rin-templates,https://www.aer.gov.au/authors/transgrid-t,validated_manifest_match,Transmission lines maintenance,submitted,52,meaningful,True,transmission_lines_maintenance,Transmission lines maintenance,transmission_tower_support_structures,Transmission tower support structures,mapped,mapped,AUD,nominal,1.0,standardized_source_unit,,blank,,blank,,blank
2023-24,Transmission lines maintenance,Conductors,$,30327.0,697621.0,Transgrid 2023-24 - Category Analysis - RIN Response - Consolidated - 31 October 2024 - PUBLIC(17496053.2).xlsx,2.8 Maintenance,53,Transgrid,https://www.aer.gov.au/documents/transgrid-2023-24-category-analysis-rin-templates,https://www.aer.gov.au/authors/transgrid-t,validated_manifest_match,Transmission lines maintenance,submitted,53,meaningful,True,transmission_lines_maintenance,Transmission lines maintenance,conductors,Conductors,mapped,mapped,AUD,nominal,1.0,standardized_source_unit,30327.0,numeric,697621.0,numeric,727948.0,numeric
2023-24,Transmission lines maintenance,Transmission cables,$,673999.0,221566.0,Transgrid 2023-24 - Category Analysis - RIN Response - Consolidated - 31 October 2024 - PUBLIC(17496053.2).xlsx,2.8 Maintenance,54,Transgrid,https://www.aer.gov.au/documents/transgrid-2023-24-category-analysis-rin-templates,https://www.aer.gov.au/authors/transgrid-t,validated_manifest_match,Transmission lines maintenance,submitted,54,meaningful,True,transmission_lines_maintenance,Transmission lines maintenance,transmission_cables,Transmission cables,mapped,mapped,AUD,nominal,1.0,standardized_source_unit,673999.0,numeric,221566.0,numeric,895565.0,numeric
2023-24,Substations equipment & property maintenance,Substation switchbays (incl. Reactive plant),$,1443408.0,2857558.0,Transgrid 2023-24 - Category Analysis - RIN Response - Consolidated - 31 October 2024 - PUBLIC(17496053.2).xlsx,2.8 Maintenance,55,Transgrid,https://www.aer.gov.au/documents/transgrid-2023-24-category-analysis-rin-templates,https://www.aer.gov.au/authors/transgrid-t,validated_manifest_match,Substations equipment & property maintenance,submitted,55,meaningful,True,substations_equipment_property_maintenance,Substations equipment & property maintenance,substation_switchbays,Substation switchbays (incl. Reactive plant),mapped,mapped,AUD,nominal,1.0,standardized_source_unit,1443408.0,numeric,2857558.0,numeric,4300966.0,numeric
2023-24,Substations equipment & property maintenance,Substation power transformers,$,1740202.0,1731508.0,Transgrid 2023-24 - Category Analysis - RIN Response - Consolidated - 31 October 2024 - PUBLIC(17496053.2).xlsx,2.8 Maintenance,56,Transgrid,https://www.aer.gov.au/documents/transgrid-2023-24-category-analysis-rin-templates,https://www.aer.gov.au/authors/transgrid-t,validated_manifest_match,Substations equipment & property maintenance,submitted,56,meaningful,True,substations_equipment_property_maintenance,Substations equipment & property maintenance,substation_power_transformers,Substation power transformers,mapped,mapped,AUD,nominal,1.0,standardized_source_unit,1740202.0,numeric,1731508.0,numeric,3471710.0,numeric
2023-24,Substations equipment & property maintenance,Substation property,$,6745046.0,4178675.0,Transgrid 2023-24 - Category Analysis - RIN Response - Consolidated - 31 October 2024 - PUBLIC(17496053.2).xlsx,2.8 Maintenance,57,Transgrid,https://www.aer.gov.au/documents/transgrid-2023-24-category-analysis-rin-templates,https://www.aer.gov.au/authors/transgrid-t,validated_manifest_match,Substations equipment & property maintenance,submitted,57,meaningful,True,substations_equipment_property_maintenance,Substations equipment & property maintenance,substation_property,Substation property,mapped,mapped,AUD,nominal,1.0,standardized_source_unit,6745046.0,numeric,4178675.0,numeric,10923721.0,numeric
2023-24,SCADA & network control maintenance,SCADA & network control maintenance,$,244307.0,734891.0,Transgrid 2023-24 - Category Analysis - RIN Response - Consolidated - 31 October 2024 - PUBLIC(17496053.2).xlsx,2.8 Maintenance,58,Transgrid,https://www.aer.gov.au/documents/transgrid-2023-24-category-analysis-rin-templates,https://www.aer.gov.au/authors/transgrid-t,validated_manifest_match,SCADA & network control maintenance,submitted,58,meaningful,True,scada_network_control_maintenance,SCADA & network control maintenance,scada_network_control,SCADA & network control maintenance,mapped,mapped,AUD,nominal,1.0,standardized_source_unit,244307.0,numeric,734891.0,numeric,979198.0,numeric
2023-24,Protection systems maintenance,Protection systems maintenance,$,981666.0,872758.0,Transgrid 2023-24 - Category Analysis - RIN Response - Consolidated - 31 October 2024 - PUBLIC(17496053.2).xlsx,2.8 Maintenance,59,Transgrid,https://www.aer.gov.au/documents/transgrid-2023-24-category-analysis-rin-templates,https://www.aer.gov.au/authors/transgrid-t,validated_manifest_match,Protection systems maintenance,submitted,59,meaningful,True,protection_systems_maintenance,Protection systems maintenance,protection_systems,Protection systems maintenance,mapped,mapped,AUD,nominal,1.0,standardized_source_unit,981666.0,numeric,872758.0,numeric,1854424.0,numeric
2023-24,Other maintenance activity ,Metering,$,532963.0,224549.0,Transgrid 2023-24 - Category Analysis - RIN Response - Consolidated - 31 October 2024 - PUBLIC(17496053.2).xlsx,2.8 Maintenance,60,Transgrid,https://www.aer.gov.au/documents/transgrid-2023-24-category-analysis-rin-templates,https://www.aer.gov.au/authors/transgrid-t,validated_manifest_match,Other maintenance activity ,submitted,60,meaningful,True,other_maintenance_activity,Other maintenance activity,metering,Metering,mapped,mapped,AUD,nominal,1.0,standardized_source_unit,532963.0,numeric,224549.0,numeric,757512.0,numeric
2023-24,,Communications,$,345441.0,1626967.0,Transgrid 2023-24 - Category Analysis - RIN Response - Consolidated - 31 October 2024 - PUBLIC(17496053.2).xlsx,2.8 Maintenance,61,Transgrid,https://www.aer.gov.au/documents/transgrid-2023-24-category-analysis-rin-templates,https://www.aer.gov.au/authors/transgrid-t,validated_manifest_match,Other maintenance activity ,continued_group_label,60,meaningful,True,other_maintenance_activity,Other maintenance activity,communications,Communications,mapped,mapped,AUD,nominal,1.0,standardized_source_unit,345441.0,numeric,1626967.0,numeric,1972408.0,numeric
