reporting_period,maintenance_activity,maintenance_asset_category,measure_asset_quantity,source_unit,asset_quantity_at_year_end,quantity_inspected_maintained,average_age_of_asset_group,inspection_cycle_years,maintenance_cycle_years,source_workbook,source_sheet,source_row,business,landing_page_url,source_page_url,metadata_match_status,maintenance_activity_resolved,activity_resolution_status,activity_anchor_source_row,row_classification,analytic_row_eligible,maintenance_activity_standard_id,maintenance_activity_standard,maintenance_asset_standard_id,maintenance_asset_standard,activity_mapping_status,asset_mapping_status,quantity_unit_standard,quantity_scale_factor,quantity_unit_status,asset_quantity_at_year_end_standard,asset_quantity_at_year_end_status,quantity_inspected_maintained_standard,quantity_inspected_maintained_status,average_age_of_asset_group_standard,average_age_of_asset_group_status,inspection_cycle_years_standard,inspection_cycle_years_status,maintenance_cycle_years_standard,maintenance_cycle_years_status
2019-20,Transmission lines maintenance,Transmission towers,Number of towers,0's,13204.0,17605.333333333332,49.79756134504696,1.0,3.0,AusNet (T) 2019-20 - Category Analysis - RIN Response - Consolidated - 28 July 2020 - PUBLIC(11429287.3).xlsx,2.8 Maintenance,12,AusNet Transmission,https://www.aer.gov.au/documents/ausnet-services-transmission-2019-20-category-analysis-rin-templates,https://www.aer.gov.au/search?search=AusNet+Transmission+2019%E2%80%9320&sort_by=relevance,validated_manifest_match,Transmission lines maintenance,submitted,12,meaningful,True,transmission_lines_maintenance,Transmission lines maintenance,transmission_towers,Transmission towers,mapped,mapped,count,1.0,standardized_source_unit,13204.0,numeric,17605.333333333332,numeric,49.79756134504696,numeric,1.0,numeric,3.0,numeric
2019-20,Transmission lines maintenance,Transmission tower support structures,Number of towers,0's,69527.0,46351.333333333336,49.039254685143966,3.0,3.0,AusNet (T) 2019-20 - Category Analysis - RIN Response - Consolidated - 28 July 2020 - PUBLIC(11429287.3).xlsx,2.8 Maintenance,13,AusNet Transmission,https://www.aer.gov.au/documents/ausnet-services-transmission-2019-20-category-analysis-rin-templates,https://www.aer.gov.au/search?search=AusNet+Transmission+2019%E2%80%9320&sort_by=relevance,validated_manifest_match,Transmission lines maintenance,submitted,13,meaningful,True,transmission_lines_maintenance,Transmission lines maintenance,transmission_tower_support_structures,Transmission tower support structures,mapped,mapped,count,1.0,standardized_source_unit,69527.0,numeric,46351.333333333336,numeric,49.039254685143966,numeric,3.0,numeric,3.0,numeric
2019-20,Transmission lines maintenance,Conductors,Route length,km,5086.8,1695.6,45.34226292932775,3.0,0.0,AusNet (T) 2019-20 - Category Analysis - RIN Response - Consolidated - 28 July 2020 - PUBLIC(11429287.3).xlsx,2.8 Maintenance,14,AusNet Transmission,https://www.aer.gov.au/documents/ausnet-services-transmission-2019-20-category-analysis-rin-templates,https://www.aer.gov.au/search?search=AusNet+Transmission+2019%E2%80%9320&sort_by=relevance,validated_manifest_match,Transmission lines maintenance,submitted,14,meaningful,True,transmission_lines_maintenance,Transmission lines maintenance,conductors,Conductors,mapped,mapped,km,1.0,standardized_source_unit,5086.8,numeric,1695.6,numeric,45.34226292932775,numeric,3.0,numeric,0.0,numeric
2019-20,Transmission lines maintenance,Transmission cables,Route length,km,8.54,17.08,26.12684955054644,1.0,1.0,AusNet (T) 2019-20 - Category Analysis - RIN Response - Consolidated - 28 July 2020 - PUBLIC(11429287.3).xlsx,2.8 Maintenance,15,AusNet Transmission,https://www.aer.gov.au/documents/ausnet-services-transmission-2019-20-category-analysis-rin-templates,https://www.aer.gov.au/search?search=AusNet+Transmission+2019%E2%80%9320&sort_by=relevance,validated_manifest_match,Transmission lines maintenance,submitted,15,meaningful,True,transmission_lines_maintenance,Transmission lines maintenance,transmission_cables,Transmission cables,mapped,mapped,km,1.0,standardized_source_unit,8.54,numeric,17.08,numeric,26.12684955054644,numeric,1.0,numeric,1.0,numeric
2019-20,Substations equipment & property maintenance,Substation switchbays (incl. Reactive plant),Number of switchbays,0's,1133.0,2340.0,22.911931530436544,1.0,6.0,AusNet (T) 2019-20 - Category Analysis - RIN Response - Consolidated - 28 July 2020 - PUBLIC(11429287.3).xlsx,2.8 Maintenance,16,AusNet Transmission,https://www.aer.gov.au/documents/ausnet-services-transmission-2019-20-category-analysis-rin-templates,https://www.aer.gov.au/search?search=AusNet+Transmission+2019%E2%80%9320&sort_by=relevance,validated_manifest_match,Substations equipment & property maintenance,submitted,16,meaningful,True,substations_equipment_property_maintenance,Substations equipment & property maintenance,substation_switchbays,Substation switchbays (incl. Reactive plant),mapped,mapped,count,1.0,standardized_source_unit,1133.0,numeric,2340.0,numeric,22.911931530436544,numeric,1.0,numeric,6.0,numeric
2019-20,Substations equipment & property maintenance,Substation power transformers,Number of transformers,0's,174.0,671.0,25.11025641025641,1.0,4.0,AusNet (T) 2019-20 - Category Analysis - RIN Response - Consolidated - 28 July 2020 - PUBLIC(11429287.3).xlsx,2.8 Maintenance,17,AusNet Transmission,https://www.aer.gov.au/documents/ausnet-services-transmission-2019-20-category-analysis-rin-templates,https://www.aer.gov.au/search?search=AusNet+Transmission+2019%E2%80%9320&sort_by=relevance,validated_manifest_match,Substations equipment & property maintenance,submitted,17,meaningful,True,substations_equipment_property_maintenance,Substations equipment & property maintenance,substation_power_transformers,Substation power transformers,mapped,mapped,count,1.0,standardized_source_unit,174.0,numeric,671.0,numeric,25.11025641025641,numeric,1.0,numeric,4.0,numeric
2019-20,Substations equipment & property maintenance,Substation property,Number of substation properties maintained,0's,47.0,1660.0,30.0,0.1,0.5,AusNet (T) 2019-20 - Category Analysis - RIN Response - Consolidated - 28 July 2020 - PUBLIC(11429287.3).xlsx,2.8 Maintenance,18,AusNet Transmission,https://www.aer.gov.au/documents/ausnet-services-transmission-2019-20-category-analysis-rin-templates,https://www.aer.gov.au/search?search=AusNet+Transmission+2019%E2%80%9320&sort_by=relevance,validated_manifest_match,Substations equipment & property maintenance,submitted,18,meaningful,True,substations_equipment_property_maintenance,Substations equipment & property maintenance,substation_property,Substation property,mapped,mapped,count,1.0,standardized_source_unit,47.0,numeric,1660.0,numeric,30.0,numeric,0.1,numeric,0.5,numeric
2019-20,SCADA & network control maintenance,SCADA & network control maintenance,Units,0's,19208.54821,9604.274105,18.424150728842253,4.0,4.0,AusNet (T) 2019-20 - Category Analysis - RIN Response - Consolidated - 28 July 2020 - PUBLIC(11429287.3).xlsx,2.8 Maintenance,19,AusNet Transmission,https://www.aer.gov.au/documents/ausnet-services-transmission-2019-20-category-analysis-rin-templates,https://www.aer.gov.au/search?search=AusNet+Transmission+2019%E2%80%9320&sort_by=relevance,validated_manifest_match,SCADA & network control maintenance,submitted,19,meaningful,True,scada_network_control_maintenance,SCADA & network control maintenance,scada_network_control,SCADA & network control maintenance,mapped,mapped,count,1.0,standardized_source_unit,19208.54821,numeric,9604.274105,numeric,18.424150728842253,numeric,4.0,numeric,4.0,numeric
2019-20,Protection systems maintenance,Protection systems maintenance,Units,0's,6556.999999999998,4371.333333333332,15.528809514029994,3.0,3.0,AusNet (T) 2019-20 - Category Analysis - RIN Response - Consolidated - 28 July 2020 - PUBLIC(11429287.3).xlsx,2.8 Maintenance,20,AusNet Transmission,https://www.aer.gov.au/documents/ausnet-services-transmission-2019-20-category-analysis-rin-templates,https://www.aer.gov.au/search?search=AusNet+Transmission+2019%E2%80%9320&sort_by=relevance,validated_manifest_match,Protection systems maintenance,submitted,20,meaningful,True,protection_systems_maintenance,Protection systems maintenance,protection_systems,Protection systems maintenance,mapped,mapped,count,1.0,standardized_source_unit,6556.999999999998,numeric,4371.333333333332,numeric,15.528809514029994,numeric,3.0,numeric,3.0,numeric
2019-20,Other maintenance activity ,,,,,0.0,,,,AusNet (T) 2019-20 - Category Analysis - RIN Response - Consolidated - 28 July 2020 - PUBLIC(11429287.3).xlsx,2.8 Maintenance,21,AusNet Transmission,https://www.aer.gov.au/documents/ausnet-services-transmission-2019-20-category-analysis-rin-templates,https://www.aer.gov.au/search?search=AusNet+Transmission+2019%E2%80%9320&sort_by=relevance,validated_manifest_match,Other maintenance activity ,submitted,21,meaningful,True,,,,,unresolved_missing,unresolved_missing,,,missing_unit,,blank,,numeric,,blank,,blank,,blank
2020-21,Transmission lines maintenance,Transmission towers,Number of towers,0's,13206.0,14673.333333333334,50.790549750113584,1.0,9.0,AusNet (T) 2020-21 - Category Analysis - RIN Response - Consolidated - 29 July 2021 - PU(12595757.1).xlsx,2.8 Maintenance,12,AusNet Transmission,https://www.aer.gov.au/documents/ausnet-services-transmission-2020-21-category-analysis-rin-templates,https://www.aer.gov.au/authors/ausnet-services-t?page=4,validated_manifest_match,Transmission lines maintenance,submitted,12,meaningful,True,transmission_lines_maintenance,Transmission lines maintenance,transmission_towers,Transmission towers,mapped,mapped,count,1.0,standardized_source_unit,13206.0,numeric,14673.333333333334,numeric,50.790549750113584,numeric,1.0,numeric,9.0,numeric
2020-21,Transmission lines maintenance,Transmission tower support structures,Number of towers,0's,69605.0,46403.333333333336,50.0462538610732,3.0,3.0,AusNet (T) 2020-21 - Category Analysis - RIN Response - Consolidated - 29 July 2021 - PU(12595757.1).xlsx,2.8 Maintenance,13,AusNet Transmission,https://www.aer.gov.au/documents/ausnet-services-transmission-2020-21-category-analysis-rin-templates,https://www.aer.gov.au/authors/ausnet-services-t?page=4,validated_manifest_match,Transmission lines maintenance,submitted,13,meaningful,True,transmission_lines_maintenance,Transmission lines maintenance,transmission_tower_support_structures,Transmission tower support structures,mapped,mapped,count,1.0,standardized_source_unit,69605.0,numeric,46403.333333333336,numeric,50.0462538610732,numeric,3.0,numeric,3.0,numeric
2020-21,Transmission lines maintenance,Conductors,Route length,km,5024.7,1674.9,40.18905270513225,3.0,0.0,AusNet (T) 2020-21 - Category Analysis - RIN Response - Consolidated - 29 July 2021 - PU(12595757.1).xlsx,2.8 Maintenance,14,AusNet Transmission,https://www.aer.gov.au/documents/ausnet-services-transmission-2020-21-category-analysis-rin-templates,https://www.aer.gov.au/authors/ausnet-services-t?page=4,validated_manifest_match,Transmission lines maintenance,submitted,14,meaningful,True,transmission_lines_maintenance,Transmission lines maintenance,conductors,Conductors,mapped,mapped,km,1.0,standardized_source_unit,5024.7,numeric,1674.9,numeric,40.18905270513225,numeric,3.0,numeric,0.0,numeric
2020-21,Transmission lines maintenance,Transmission cables,Route length,km,8.542370333333334,17.08474066666667,27.134999999999994,1.0,1.0,AusNet (T) 2020-21 - Category Analysis - RIN Response - Consolidated - 29 July 2021 - PU(12595757.1).xlsx,2.8 Maintenance,15,AusNet Transmission,https://www.aer.gov.au/documents/ausnet-services-transmission-2020-21-category-analysis-rin-templates,https://www.aer.gov.au/authors/ausnet-services-t?page=4,validated_manifest_match,Transmission lines maintenance,submitted,15,meaningful,True,transmission_lines_maintenance,Transmission lines maintenance,transmission_cables,Transmission cables,mapped,mapped,km,1.0,standardized_source_unit,8.542370333333334,numeric,17.08474066666667,numeric,27.134999999999994,numeric,1.0,numeric,1.0,numeric
2020-21,Substations equipment & property maintenance,Substation switchbays (incl. Reactive plant),Number of switchbays,0's,1158.0,2173.0,22.467680061379117,1.0,6.0,AusNet (T) 2020-21 - Category Analysis - RIN Response - Consolidated - 29 July 2021 - PU(12595757.1).xlsx,2.8 Maintenance,16,AusNet Transmission,https://www.aer.gov.au/documents/ausnet-services-transmission-2020-21-category-analysis-rin-templates,https://www.aer.gov.au/authors/ausnet-services-t?page=4,validated_manifest_match,Substations equipment & property maintenance,submitted,16,meaningful,True,substations_equipment_property_maintenance,Substations equipment & property maintenance,substation_switchbays,Substation switchbays (incl. Reactive plant),mapped,mapped,count,1.0,standardized_source_unit,1158.0,numeric,2173.0,numeric,22.467680061379117,numeric,1.0,numeric,6.0,numeric
2020-21,Substations equipment & property maintenance,Substation power transformers,Number of transformers,0's,173.0,1173.0,29.11849710982659,1.0,4.0,AusNet (T) 2020-21 - Category Analysis - RIN Response - Consolidated - 29 July 2021 - PU(12595757.1).xlsx,2.8 Maintenance,17,AusNet Transmission,https://www.aer.gov.au/documents/ausnet-services-transmission-2020-21-category-analysis-rin-templates,https://www.aer.gov.au/authors/ausnet-services-t?page=4,validated_manifest_match,Substations equipment & property maintenance,submitted,17,meaningful,True,substations_equipment_property_maintenance,Substations equipment & property maintenance,substation_power_transformers,Substation power transformers,mapped,mapped,count,1.0,standardized_source_unit,173.0,numeric,1173.0,numeric,29.11849710982659,numeric,1.0,numeric,4.0,numeric
2020-21,Substations equipment & property maintenance,Substation property,Number of substation properties maintained,0's,47.0,1277.0,30.0,0.083,0.5,AusNet (T) 2020-21 - Category Analysis - RIN Response - Consolidated - 29 July 2021 - PU(12595757.1).xlsx,2.8 Maintenance,18,AusNet Transmission,https://www.aer.gov.au/documents/ausnet-services-transmission-2020-21-category-analysis-rin-templates,https://www.aer.gov.au/authors/ausnet-services-t?page=4,validated_manifest_match,Substations equipment & property maintenance,submitted,18,meaningful,True,substations_equipment_property_maintenance,Substations equipment & property maintenance,substation_property,Substation property,mapped,mapped,count,1.0,standardized_source_unit,47.0,numeric,1277.0,numeric,30.0,numeric,0.083,numeric,0.5,numeric
2020-21,SCADA & network control maintenance,SCADA & network control maintenance,Units,,20989.548209999997,10494.774104999997,17.728515433326322,4.0,4.0,AusNet (T) 2020-21 - Category Analysis - RIN Response - Consolidated - 29 July 2021 - PU(12595757.1).xlsx,2.8 Maintenance,19,AusNet Transmission,https://www.aer.gov.au/documents/ausnet-services-transmission-2020-21-category-analysis-rin-templates,https://www.aer.gov.au/authors/ausnet-services-t?page=4,validated_manifest_match,SCADA & network control maintenance,submitted,19,meaningful,True,scada_network_control_maintenance,SCADA & network control maintenance,scada_network_control,SCADA & network control maintenance,mapped,mapped,count,1.0,inferred_from_measure,20989.548209999997,numeric,10494.774104999997,numeric,17.728515433326322,numeric,4.0,numeric,4.0,numeric
2020-21,Protection systems maintenance,Protection systems maintenance,Units,,6555.000000000003,4370.000000000002,16.51615440553468,3.0,3.0,AusNet (T) 2020-21 - Category Analysis - RIN Response - Consolidated - 29 July 2021 - PU(12595757.1).xlsx,2.8 Maintenance,20,AusNet Transmission,https://www.aer.gov.au/documents/ausnet-services-transmission-2020-21-category-analysis-rin-templates,https://www.aer.gov.au/authors/ausnet-services-t?page=4,validated_manifest_match,Protection systems maintenance,submitted,20,meaningful,True,protection_systems_maintenance,Protection systems maintenance,protection_systems,Protection systems maintenance,mapped,mapped,count,1.0,inferred_from_measure,6555.000000000003,numeric,4370.000000000002,numeric,16.51615440553468,numeric,3.0,numeric,3.0,numeric
2020-21,Other maintenance activity ,,,,,,,,,AusNet (T) 2020-21 - Category Analysis - RIN Response - Consolidated - 29 July 2021 - PU(12595757.1).xlsx,2.8 Maintenance,21,AusNet Transmission,https://www.aer.gov.au/documents/ausnet-services-transmission-2020-21-category-analysis-rin-templates,https://www.aer.gov.au/authors/ausnet-services-t?page=4,validated_manifest_match,Other maintenance activity ,submitted,21,empty_template_row,False,,,,,not_applicable,not_applicable,,,not_applicable,,blank,,blank,,blank,,blank,,blank
2021-22,Transmission lines maintenance,Transmission towers,Number of towers,0's,13205.0,14672.222222222224,51.78640666414237,1.0,9.0,AusNet (T) 2021-22 - Category Analysis - RIN Response - Consolidated - 28 July 2022 - PUBLIC(14205738.1).xlsx,2.8 Maintenance,12,AusNet Transmission,https://www.aer.gov.au/documents/ausnet-services-transmission-2021-22-category-analysis-rin-templates,https://www.aer.gov.au/authors/ausnet-services-t?page=4,validated_manifest_match,Transmission lines maintenance,submitted,12,meaningful,True,transmission_lines_maintenance,Transmission lines maintenance,transmission_towers,Transmission towers,mapped,mapped,count,1.0,standardized_source_unit,13205.0,numeric,14672.222222222224,numeric,51.78640666414237,numeric,1.0,numeric,9.0,numeric
2021-22,Transmission lines maintenance,Transmission tower support structures,Number of towers,0's,70460.0,46973.333333333336,50.43289809821175,3.0,3.0,AusNet (T) 2021-22 - Category Analysis - RIN Response - Consolidated - 28 July 2022 - PUBLIC(14205738.1).xlsx,2.8 Maintenance,13,AusNet Transmission,https://www.aer.gov.au/documents/ausnet-services-transmission-2021-22-category-analysis-rin-templates,https://www.aer.gov.au/authors/ausnet-services-t?page=4,validated_manifest_match,Transmission lines maintenance,submitted,13,meaningful,True,transmission_lines_maintenance,Transmission lines maintenance,transmission_tower_support_structures,Transmission tower support structures,mapped,mapped,count,1.0,standardized_source_unit,70460.0,numeric,46973.333333333336,numeric,50.43289809821175,numeric,3.0,numeric,3.0,numeric
2021-22,Transmission lines maintenance,Conductors,Route length,km,6611.465,2203.8216666666667,45.5071401061556,3.0,0.0,AusNet (T) 2021-22 - Category Analysis - RIN Response - Consolidated - 28 July 2022 - PUBLIC(14205738.1).xlsx,2.8 Maintenance,14,AusNet Transmission,https://www.aer.gov.au/documents/ausnet-services-transmission-2021-22-category-analysis-rin-templates,https://www.aer.gov.au/authors/ausnet-services-t?page=4,validated_manifest_match,Transmission lines maintenance,submitted,14,meaningful,True,transmission_lines_maintenance,Transmission lines maintenance,conductors,Conductors,mapped,mapped,km,1.0,standardized_source_unit,6611.465,numeric,2203.8216666666667,numeric,45.5071401061556,numeric,3.0,numeric,0.0,numeric
2021-22,Transmission lines maintenance,Transmission cables,Route length,km,8.542370333333334,17.08474066666667,28.134999999999994,1.0,1.0,AusNet (T) 2021-22 - Category Analysis - RIN Response - Consolidated - 28 July 2022 - PUBLIC(14205738.1).xlsx,2.8 Maintenance,15,AusNet Transmission,https://www.aer.gov.au/documents/ausnet-services-transmission-2021-22-category-analysis-rin-templates,https://www.aer.gov.au/authors/ausnet-services-t?page=4,validated_manifest_match,Transmission lines maintenance,submitted,15,meaningful,True,transmission_lines_maintenance,Transmission lines maintenance,transmission_cables,Transmission cables,mapped,mapped,km,1.0,standardized_source_unit,8.542370333333334,numeric,17.08474066666667,numeric,28.134999999999994,numeric,1.0,numeric,1.0,numeric
2021-22,Substations equipment & property maintenance,Substation switchbays (incl. Reactive plant),Number of switchbays,0's,1216.0,4310.0,23.13940942646224,1.0,6.0,AusNet (T) 2021-22 - Category Analysis - RIN Response - Consolidated - 28 July 2022 - PUBLIC(14205738.1).xlsx,2.8 Maintenance,16,AusNet Transmission,https://www.aer.gov.au/documents/ausnet-services-transmission-2021-22-category-analysis-rin-templates,https://www.aer.gov.au/authors/ausnet-services-t?page=4,validated_manifest_match,Substations equipment & property maintenance,submitted,16,meaningful,True,substations_equipment_property_maintenance,Substations equipment & property maintenance,substation_switchbays,Substation switchbays (incl. Reactive plant),mapped,mapped,count,1.0,standardized_source_unit,1216.0,numeric,4310.0,numeric,23.13940942646224,numeric,1.0,numeric,6.0,numeric
2021-22,Substations equipment & property maintenance,Substation power transformers,Number of transformers,0's,184.0,1255.0,28.80978260869565,1.0,4.0,AusNet (T) 2021-22 - Category Analysis - RIN Response - Consolidated - 28 July 2022 - PUBLIC(14205738.1).xlsx,2.8 Maintenance,17,AusNet Transmission,https://www.aer.gov.au/documents/ausnet-services-transmission-2021-22-category-analysis-rin-templates,https://www.aer.gov.au/authors/ausnet-services-t?page=4,validated_manifest_match,Substations equipment & property maintenance,submitted,17,meaningful,True,substations_equipment_property_maintenance,Substations equipment & property maintenance,substation_power_transformers,Substation power transformers,mapped,mapped,count,1.0,standardized_source_unit,184.0,numeric,1255.0,numeric,28.80978260869565,numeric,1.0,numeric,4.0,numeric
2021-22,Substations equipment & property maintenance,Substation property,Number of substation properties maintained,0's,47.0,1164.0,30.0,0.083,0.5,AusNet (T) 2021-22 - Category Analysis - RIN Response - Consolidated - 28 July 2022 - PUBLIC(14205738.1).xlsx,2.8 Maintenance,18,AusNet Transmission,https://www.aer.gov.au/documents/ausnet-services-transmission-2021-22-category-analysis-rin-templates,https://www.aer.gov.au/authors/ausnet-services-t?page=4,validated_manifest_match,Substations equipment & property maintenance,submitted,18,meaningful,True,substations_equipment_property_maintenance,Substations equipment & property maintenance,substation_property,Substation property,mapped,mapped,count,1.0,standardized_source_unit,47.0,numeric,1164.0,numeric,30.0,numeric,0.083,numeric,0.5,numeric
2021-22,SCADA & network control maintenance,SCADA & network control maintenance,Units,,21368.54821,10684.274105,18.277856524547104,4.0,4.0,AusNet (T) 2021-22 - Category Analysis - RIN Response - Consolidated - 28 July 2022 - PUBLIC(14205738.1).xlsx,2.8 Maintenance,19,AusNet Transmission,https://www.aer.gov.au/documents/ausnet-services-transmission-2021-22-category-analysis-rin-templates,https://www.aer.gov.au/authors/ausnet-services-t?page=4,validated_manifest_match,SCADA & network control maintenance,submitted,19,meaningful,True,scada_network_control_maintenance,SCADA & network control maintenance,scada_network_control,SCADA & network control maintenance,mapped,mapped,count,1.0,inferred_from_measure,21368.54821,numeric,10684.274105,numeric,18.277856524547104,numeric,4.0,numeric,4.0,numeric
2021-22,Protection systems maintenance,Protection systems maintenance,Units,,6696.999999999999,4464.666666666666,17.039999530254704,3.0,3.0,AusNet (T) 2021-22 - Category Analysis - RIN Response - Consolidated - 28 July 2022 - PUBLIC(14205738.1).xlsx,2.8 Maintenance,20,AusNet Transmission,https://www.aer.gov.au/documents/ausnet-services-transmission-2021-22-category-analysis-rin-templates,https://www.aer.gov.au/authors/ausnet-services-t?page=4,validated_manifest_match,Protection systems maintenance,submitted,20,meaningful,True,protection_systems_maintenance,Protection systems maintenance,protection_systems,Protection systems maintenance,mapped,mapped,count,1.0,inferred_from_measure,6696.999999999999,numeric,4464.666666666666,numeric,17.039999530254704,numeric,3.0,numeric,3.0,numeric
2021-22,Other maintenance activity ,,,,,,,,,AusNet (T) 2021-22 - Category Analysis - RIN Response - Consolidated - 28 July 2022 - PUBLIC(14205738.1).xlsx,2.8 Maintenance,21,AusNet Transmission,https://www.aer.gov.au/documents/ausnet-services-transmission-2021-22-category-analysis-rin-templates,https://www.aer.gov.au/authors/ausnet-services-t?page=4,validated_manifest_match,Other maintenance activity ,submitted,21,empty_template_row,False,,,,,not_applicable,not_applicable,,,not_applicable,,blank,,blank,,blank,,blank,,blank
2022-23,Transmission lines maintenance,Transmission towers,Number of towers,0's,13196.0,14662.222222222224,52.79770934466019,1.0,9.0,Ausnet Services (ET) 2022-23 - Category Analysis - RIN Response - Consolidated - 28 July 2023 - PUBLIC(15600825.1).xlsx,2.8 Maintenance,12,AusNet Transmission,https://www.aer.gov.au/documents/ausnet-services-transmission-2022-23-category-analysis-rin-templates,https://www.aer.gov.au/authors/ausnet-services-t?page=4,validated_manifest_match,Transmission lines maintenance,submitted,12,meaningful,True,transmission_lines_maintenance,Transmission lines maintenance,transmission_towers,Transmission towers,mapped,mapped,count,1.0,standardized_source_unit,13196.0,numeric,14662.222222222224,numeric,52.79770934466019,numeric,1.0,numeric,9.0,numeric
2022-23,Transmission lines maintenance,Transmission tower support structures,Number of towers,0's,70616.0,47077.333333333336,50.040933521018616,3.0,3.0,Ausnet Services (ET) 2022-23 - Category Analysis - RIN Response - Consolidated - 28 July 2023 - PUBLIC(15600825.1).xlsx,2.8 Maintenance,13,AusNet Transmission,https://www.aer.gov.au/documents/ausnet-services-transmission-2022-23-category-analysis-rin-templates,https://www.aer.gov.au/authors/ausnet-services-t?page=4,validated_manifest_match,Transmission lines maintenance,submitted,13,meaningful,True,transmission_lines_maintenance,Transmission lines maintenance,transmission_tower_support_structures,Transmission tower support structures,mapped,mapped,count,1.0,standardized_source_unit,70616.0,numeric,47077.333333333336,numeric,50.040933521018616,numeric,3.0,numeric,3.0,numeric
2022-23,Transmission lines maintenance,Conductors,Route length,km,6611.465,2203.8216666666667,46.17143016090654,3.0,0.0,Ausnet Services (ET) 2022-23 - Category Analysis - RIN Response - Consolidated - 28 July 2023 - PUBLIC(15600825.1).xlsx,2.8 Maintenance,14,AusNet Transmission,https://www.aer.gov.au/documents/ausnet-services-transmission-2022-23-category-analysis-rin-templates,https://www.aer.gov.au/authors/ausnet-services-t?page=4,validated_manifest_match,Transmission lines maintenance,submitted,14,meaningful,True,transmission_lines_maintenance,Transmission lines maintenance,conductors,Conductors,mapped,mapped,km,1.0,standardized_source_unit,6611.465,numeric,2203.8216666666667,numeric,46.17143016090654,numeric,3.0,numeric,0.0,numeric
2022-23,Transmission lines maintenance,Transmission cables,Route length,km,8.542370333333333,17.084740666666665,29.135,1.0,1.0,Ausnet Services (ET) 2022-23 - Category Analysis - RIN Response - Consolidated - 28 July 2023 - PUBLIC(15600825.1).xlsx,2.8 Maintenance,15,AusNet Transmission,https://www.aer.gov.au/documents/ausnet-services-transmission-2022-23-category-analysis-rin-templates,https://www.aer.gov.au/authors/ausnet-services-t?page=4,validated_manifest_match,Transmission lines maintenance,submitted,15,meaningful,True,transmission_lines_maintenance,Transmission lines maintenance,transmission_cables,Transmission cables,mapped,mapped,km,1.0,standardized_source_unit,8.542370333333333,numeric,17.084740666666665,numeric,29.135,numeric,1.0,numeric,1.0,numeric
2022-23,Substations equipment & property maintenance,Substation switchbays (incl. Reactive plant),Number of switchbays,0's,1218.0,8005.0,21.963875833424417,1.0,6.0,Ausnet Services (ET) 2022-23 - Category Analysis - RIN Response - Consolidated - 28 July 2023 - PUBLIC(15600825.1).xlsx,2.8 Maintenance,16,AusNet Transmission,https://www.aer.gov.au/documents/ausnet-services-transmission-2022-23-category-analysis-rin-templates,https://www.aer.gov.au/authors/ausnet-services-t?page=4,validated_manifest_match,Substations equipment & property maintenance,submitted,16,meaningful,True,substations_equipment_property_maintenance,Substations equipment & property maintenance,substation_switchbays,Substation switchbays (incl. Reactive plant),mapped,mapped,count,1.0,standardized_source_unit,1218.0,numeric,8005.0,numeric,21.963875833424417,numeric,1.0,numeric,6.0,numeric
2022-23,Substations equipment & property maintenance,Substation power transformers,Number of transformers,0's,184.0,2095.0,28.10122699386503,1.0,4.0,Ausnet Services (ET) 2022-23 - Category Analysis - RIN Response - Consolidated - 28 July 2023 - PUBLIC(15600825.1).xlsx,2.8 Maintenance,17,AusNet Transmission,https://www.aer.gov.au/documents/ausnet-services-transmission-2022-23-category-analysis-rin-templates,https://www.aer.gov.au/authors/ausnet-services-t?page=4,validated_manifest_match,Substations equipment & property maintenance,submitted,17,meaningful,True,substations_equipment_property_maintenance,Substations equipment & property maintenance,substation_power_transformers,Substation power transformers,mapped,mapped,count,1.0,standardized_source_unit,184.0,numeric,2095.0,numeric,28.10122699386503,numeric,1.0,numeric,4.0,numeric
2022-23,Substations equipment & property maintenance,Substation property,Number of substation properties maintained,0's,47.0,1857.0,41.96521739130435,0.083,0.5,Ausnet Services (ET) 2022-23 - Category Analysis - RIN Response - Consolidated - 28 July 2023 - PUBLIC(15600825.1).xlsx,2.8 Maintenance,18,AusNet Transmission,https://www.aer.gov.au/documents/ausnet-services-transmission-2022-23-category-analysis-rin-templates,https://www.aer.gov.au/authors/ausnet-services-t?page=4,validated_manifest_match,Substations equipment & property maintenance,submitted,18,meaningful,True,substations_equipment_property_maintenance,Substations equipment & property maintenance,substation_property,Substation property,mapped,mapped,count,1.0,standardized_source_unit,47.0,numeric,1857.0,numeric,41.96521739130435,numeric,0.083,numeric,0.5,numeric
2022-23,SCADA & network control maintenance,SCADA & network control maintenance,Units,,20981.11759000001,10490.558795000004,19.335684559751524,4.0,4.0,Ausnet Services (ET) 2022-23 - Category Analysis - RIN Response - Consolidated - 28 July 2023 - PUBLIC(15600825.1).xlsx,2.8 Maintenance,19,AusNet Transmission,https://www.aer.gov.au/documents/ausnet-services-transmission-2022-23-category-analysis-rin-templates,https://www.aer.gov.au/authors/ausnet-services-t?page=4,validated_manifest_match,SCADA & network control maintenance,submitted,19,meaningful,True,scada_network_control_maintenance,SCADA & network control maintenance,scada_network_control,SCADA & network control maintenance,mapped,mapped,count,1.0,inferred_from_measure,20981.11759000001,numeric,10490.558795000004,numeric,19.335684559751524,numeric,4.0,numeric,4.0,numeric
2022-23,Protection systems maintenance,Protection systems maintenance,Units,,6680.999999999999,4453.999999999999,16.09722464688453,3.0,3.0,Ausnet Services (ET) 2022-23 - Category Analysis - RIN Response - Consolidated - 28 July 2023 - PUBLIC(15600825.1).xlsx,2.8 Maintenance,20,AusNet Transmission,https://www.aer.gov.au/documents/ausnet-services-transmission-2022-23-category-analysis-rin-templates,https://www.aer.gov.au/authors/ausnet-services-t?page=4,validated_manifest_match,Protection systems maintenance,submitted,20,meaningful,True,protection_systems_maintenance,Protection systems maintenance,protection_systems,Protection systems maintenance,mapped,mapped,count,1.0,inferred_from_measure,6680.999999999999,numeric,4453.999999999999,numeric,16.09722464688453,numeric,3.0,numeric,3.0,numeric
2022-23,Other maintenance activity ,,,,,,,,,Ausnet Services (ET) 2022-23 - Category Analysis - RIN Response - Consolidated - 28 July 2023 - PUBLIC(15600825.1).xlsx,2.8 Maintenance,21,AusNet Transmission,https://www.aer.gov.au/documents/ausnet-services-transmission-2022-23-category-analysis-rin-templates,https://www.aer.gov.au/authors/ausnet-services-t?page=4,validated_manifest_match,Other maintenance activity ,submitted,21,empty_template_row,False,,,,,not_applicable,not_applicable,,,not_applicable,,blank,,blank,,blank,,blank,,blank
2023-24,Transmission lines maintenance,Transmission towers,Number of towers,number,13180.0,14644.444444444443,53.75386949924128,1.0,9.0,Ausnet Services (ET) 2023-24 - Category Analysis - RIN Response - Consolidated - 26 July 2024 - PUBLIC(17069098.2).xlsx,2.8 Maintenance,13,AusNet Transmission,https://www.aer.gov.au/documents/ausnet-services-transmission-2023-24-category-analysis-rin-templates,https://www.aer.gov.au/authors/ausnet-services-t?page=4,validated_manifest_match,Transmission lines maintenance,submitted,13,meaningful,True,transmission_lines_maintenance,Transmission lines maintenance,transmission_towers,Transmission towers,mapped,mapped,count,1.0,standardized_source_unit,13180.0,numeric,14644.444444444443,numeric,53.75386949924128,numeric,1.0,numeric,9.0,numeric
2023-24,Transmission lines maintenance,Transmission tower support structures,Number of towers,number,62770.0,41846.66666666666,50.88018161542138,3.0,3.0,Ausnet Services (ET) 2023-24 - Category Analysis - RIN Response - Consolidated - 26 July 2024 - PUBLIC(17069098.2).xlsx,2.8 Maintenance,14,AusNet Transmission,https://www.aer.gov.au/documents/ausnet-services-transmission-2023-24-category-analysis-rin-templates,https://www.aer.gov.au/authors/ausnet-services-t?page=4,validated_manifest_match,Transmission lines maintenance,submitted,14,meaningful,True,transmission_lines_maintenance,Transmission lines maintenance,transmission_tower_support_structures,Transmission tower support structures,mapped,mapped,count,1.0,standardized_source_unit,62770.0,numeric,41846.66666666666,numeric,50.88018161542138,numeric,3.0,numeric,3.0,numeric
2023-24,Transmission lines maintenance,Conductors,Route length,km,6533.498306666666,2177.832768888889,47.1287401205571,3.0,0.0,Ausnet Services (ET) 2023-24 - Category Analysis - RIN Response - Consolidated - 26 July 2024 - PUBLIC(17069098.2).xlsx,2.8 Maintenance,15,AusNet Transmission,https://www.aer.gov.au/documents/ausnet-services-transmission-2023-24-category-analysis-rin-templates,https://www.aer.gov.au/authors/ausnet-services-t?page=4,validated_manifest_match,Transmission lines maintenance,submitted,15,meaningful,True,transmission_lines_maintenance,Transmission lines maintenance,conductors,Conductors,mapped,mapped,km,1.0,standardized_source_unit,6533.498306666666,numeric,2177.832768888889,numeric,47.1287401205571,numeric,3.0,numeric,0.0,numeric
2023-24,Transmission lines maintenance,Transmission cables,Route length,km,8.542370333333333,17.084740666666665,30.134999999999994,1.0,1.0,Ausnet Services (ET) 2023-24 - Category Analysis - RIN Response - Consolidated - 26 July 2024 - PUBLIC(17069098.2).xlsx,2.8 Maintenance,16,AusNet Transmission,https://www.aer.gov.au/documents/ausnet-services-transmission-2023-24-category-analysis-rin-templates,https://www.aer.gov.au/authors/ausnet-services-t?page=4,validated_manifest_match,Transmission lines maintenance,submitted,16,meaningful,True,transmission_lines_maintenance,Transmission lines maintenance,transmission_cables,Transmission cables,mapped,mapped,km,1.0,standardized_source_unit,8.542370333333333,numeric,17.084740666666665,numeric,30.134999999999994,numeric,1.0,numeric,1.0,numeric
2023-24,Substations equipment & property maintenance,Substation switchbays (incl. Reactive plant),Number of switchbays,number,1058.0,2223.0,22.64871514488792,1.0,6.0,Ausnet Services (ET) 2023-24 - Category Analysis - RIN Response - Consolidated - 26 July 2024 - PUBLIC(17069098.2).xlsx,2.8 Maintenance,17,AusNet Transmission,https://www.aer.gov.au/documents/ausnet-services-transmission-2023-24-category-analysis-rin-templates,https://www.aer.gov.au/authors/ausnet-services-t?page=4,validated_manifest_match,Substations equipment & property maintenance,submitted,17,meaningful,True,substations_equipment_property_maintenance,Substations equipment & property maintenance,substation_switchbays,Substation switchbays (incl. Reactive plant),mapped,mapped,count,1.0,standardized_source_unit,1058.0,numeric,2223.0,numeric,22.64871514488792,numeric,1.0,numeric,6.0,numeric
2023-24,Substations equipment & property maintenance,Substation power transformers,Number of transformers,number,161.0,1635.0,28.30434782608696,1.0,4.0,Ausnet Services (ET) 2023-24 - Category Analysis - RIN Response - Consolidated - 26 July 2024 - PUBLIC(17069098.2).xlsx,2.8 Maintenance,18,AusNet Transmission,https://www.aer.gov.au/documents/ausnet-services-transmission-2023-24-category-analysis-rin-templates,https://www.aer.gov.au/authors/ausnet-services-t?page=4,validated_manifest_match,Substations equipment & property maintenance,submitted,18,meaningful,True,substations_equipment_property_maintenance,Substations equipment & property maintenance,substation_power_transformers,Substation power transformers,mapped,mapped,count,1.0,standardized_source_unit,161.0,numeric,1635.0,numeric,28.30434782608696,numeric,1.0,numeric,4.0,numeric
2023-24,Substations equipment & property maintenance,Substation property,Number of substation properties maintained,number,47.0,997.0,42.96521739130435,0.083,0.5,Ausnet Services (ET) 2023-24 - Category Analysis - RIN Response - Consolidated - 26 July 2024 - PUBLIC(17069098.2).xlsx,2.8 Maintenance,19,AusNet Transmission,https://www.aer.gov.au/documents/ausnet-services-transmission-2023-24-category-analysis-rin-templates,https://www.aer.gov.au/authors/ausnet-services-t?page=4,validated_manifest_match,Substations equipment & property maintenance,submitted,19,meaningful,True,substations_equipment_property_maintenance,Substations equipment & property maintenance,substation_property,Substation property,mapped,mapped,count,1.0,standardized_source_unit,47.0,numeric,997.0,numeric,42.96521739130435,numeric,0.083,numeric,0.5,numeric
2023-24,SCADA & network control maintenance,SCADA & network control maintenance,Units,,19503.181689999998,9751.590844999995,20.18886077118391,4.0,4.0,Ausnet Services (ET) 2023-24 - Category Analysis - RIN Response - Consolidated - 26 July 2024 - PUBLIC(17069098.2).xlsx,2.8 Maintenance,20,AusNet Transmission,https://www.aer.gov.au/documents/ausnet-services-transmission-2023-24-category-analysis-rin-templates,https://www.aer.gov.au/authors/ausnet-services-t?page=4,validated_manifest_match,SCADA & network control maintenance,submitted,20,meaningful,True,scada_network_control_maintenance,SCADA & network control maintenance,scada_network_control,SCADA & network control maintenance,mapped,mapped,count,1.0,inferred_from_measure,19503.181689999998,numeric,9751.590844999995,numeric,20.18886077118391,numeric,4.0,numeric,4.0,numeric
2023-24,Protection systems maintenance,Protection systems maintenance,Units,,5401.000000000001,3600.6666666666674,16.52988526491195,3.0,3.0,Ausnet Services (ET) 2023-24 - Category Analysis - RIN Response - Consolidated - 26 July 2024 - PUBLIC(17069098.2).xlsx,2.8 Maintenance,21,AusNet Transmission,https://www.aer.gov.au/documents/ausnet-services-transmission-2023-24-category-analysis-rin-templates,https://www.aer.gov.au/authors/ausnet-services-t?page=4,validated_manifest_match,Protection systems maintenance,submitted,21,meaningful,True,protection_systems_maintenance,Protection systems maintenance,protection_systems,Protection systems maintenance,mapped,mapped,count,1.0,inferred_from_measure,5401.000000000001,numeric,3600.6666666666674,numeric,16.52988526491195,numeric,3.0,numeric,3.0,numeric
2023-24,Other maintenance activity ,,,,,,,,,Ausnet Services (ET) 2023-24 - Category Analysis - RIN Response - Consolidated - 26 July 2024 - PUBLIC(17069098.2).xlsx,2.8 Maintenance,22,AusNet Transmission,https://www.aer.gov.au/documents/ausnet-services-transmission-2023-24-category-analysis-rin-templates,https://www.aer.gov.au/authors/ausnet-services-t?page=4,validated_manifest_match,Other maintenance activity ,submitted,22,empty_template_row,False,,,,,not_applicable,not_applicable,,,not_applicable,,blank,,blank,,blank,,blank,,blank
2013-14,Transmission lines maintenance,Transmission towers,Number of towers (000's),,37.65,28.15,36.01,1.8,5.4,Copy of D14-00150087(V02) - transgrid (t) 2013-14 - category analysis rin response - templates - consolidated - 31 october 2014 - public.xlsm,2.8 Maintenance,12,Transgrid,https://www.aer.gov.au/documents/transgrid-transmission-2013-14-category-analysis-rin-templates,https://www.aer.gov.au/authors/transgrid-t?page=3,validated_manifest_match,Transmission lines maintenance,submitted,12,meaningful,True,transmission_lines_maintenance,Transmission lines maintenance,transmission_towers,Transmission towers,mapped,mapped,count,1000.0,inferred_from_measure,37650.0,numeric,28150.0,numeric,36.01,numeric,1.8,numeric,5.4,numeric
2013-14,Transmission lines maintenance,Transmission tower support structures,Number of towers (000's),,0.0,0.0,0.0,0.0,0.0,Copy of D14-00150087(V02) - transgrid (t) 2013-14 - category analysis rin response - templates - consolidated - 31 october 2014 - public.xlsm,2.8 Maintenance,13,Transgrid,https://www.aer.gov.au/documents/transgrid-transmission-2013-14-category-analysis-rin-templates,https://www.aer.gov.au/authors/transgrid-t?page=3,validated_manifest_match,Transmission lines maintenance,submitted,13,meaningful,True,transmission_lines_maintenance,Transmission lines maintenance,transmission_tower_support_structures,Transmission tower support structures,mapped,mapped,count,1000.0,inferred_from_measure,0.0,numeric,0.0,numeric,0.0,numeric,0.0,numeric,0.0,numeric
2013-14,Transmission lines maintenance,Conductors,Route length (km),,11258.618,47.486,36.384,7.2,0.0,Copy of D14-00150087(V02) - transgrid (t) 2013-14 - category analysis rin response - templates - consolidated - 31 october 2014 - public.xlsm,2.8 Maintenance,14,Transgrid,https://www.aer.gov.au/documents/transgrid-transmission-2013-14-category-analysis-rin-templates,https://www.aer.gov.au/authors/transgrid-t?page=3,validated_manifest_match,Transmission lines maintenance,submitted,14,meaningful,True,transmission_lines_maintenance,Transmission lines maintenance,conductors,Conductors,mapped,mapped,km,1.0,inferred_from_measure,11258.618,numeric,47.486,numeric,36.384,numeric,7.2,numeric,0.0,numeric
2013-14,Transmission lines maintenance,Transmission cables,Route length (km),,51.437,51.437,18.889,0.003,0.75,Copy of D14-00150087(V02) - transgrid (t) 2013-14 - category analysis rin response - templates - consolidated - 31 october 2014 - public.xlsm,2.8 Maintenance,15,Transgrid,https://www.aer.gov.au/documents/transgrid-transmission-2013-14-category-analysis-rin-templates,https://www.aer.gov.au/authors/transgrid-t?page=3,validated_manifest_match,Transmission lines maintenance,submitted,15,meaningful,True,transmission_lines_maintenance,Transmission lines maintenance,transmission_cables,Transmission cables,mapped,mapped,km,1.0,inferred_from_measure,51.437,numeric,51.437,numeric,18.889,numeric,0.003,numeric,0.75,numeric
2013-14,Substations equipment & property maintenance,Substation switchbays (incl. Reactive plant),Number of switchbays (000's),,2.338,0.552,25.555603079555176,0.5,4.0,Copy of D14-00150087(V02) - transgrid (t) 2013-14 - category analysis rin response - templates - consolidated - 31 october 2014 - public.xlsm,2.8 Maintenance,16,Transgrid,https://www.aer.gov.au/documents/transgrid-transmission-2013-14-category-analysis-rin-templates,https://www.aer.gov.au/authors/transgrid-t?page=3,validated_manifest_match,Substations equipment & property maintenance,submitted,16,meaningful,True,substations_equipment_property_maintenance,Substations equipment & property maintenance,substation_switchbays,Substation switchbays (incl. Reactive plant),mapped,mapped,count,1000.0,inferred_from_measure,2338.0,numeric,552.0,numeric,25.555603079555176,numeric,0.5,numeric,4.0,numeric
2013-14,Substations equipment & property maintenance,Substation power transformers,Number of transformers (000's),,0.223,0.206,20.721973,0.5,4.0,Copy of D14-00150087(V02) - transgrid (t) 2013-14 - category analysis rin response - templates - consolidated - 31 october 2014 - public.xlsm,2.8 Maintenance,17,Transgrid,https://www.aer.gov.au/documents/transgrid-transmission-2013-14-category-analysis-rin-templates,https://www.aer.gov.au/authors/transgrid-t?page=3,validated_manifest_match,Substations equipment & property maintenance,submitted,17,meaningful,True,substations_equipment_property_maintenance,Substations equipment & property maintenance,substation_power_transformers,Substation power transformers,mapped,mapped,count,1000.0,inferred_from_measure,223.0,numeric,206.0,numeric,20.721973,numeric,0.5,numeric,4.0,numeric
2013-14,Substations equipment & property maintenance,Substation property,Number of substation properties maintained (000's),,0.093,0.092,32.3,0.0833333333333333,0.25,Copy of D14-00150087(V02) - transgrid (t) 2013-14 - category analysis rin response - templates - consolidated - 31 october 2014 - public.xlsm,2.8 Maintenance,18,Transgrid,https://www.aer.gov.au/documents/transgrid-transmission-2013-14-category-analysis-rin-templates,https://www.aer.gov.au/authors/transgrid-t?page=3,validated_manifest_match,Substations equipment & property maintenance,submitted,18,meaningful,True,substations_equipment_property_maintenance,Substations equipment & property maintenance,substation_property,Substation property,mapped,mapped,count,1000.0,inferred_from_measure,93.0,numeric,92.0,numeric,32.3,numeric,0.0833333333333333,numeric,0.25,numeric
2013-14,SCADA & network control maintenance,SCADA & network control maintenance,NO. OF CONTROL IEDs,,1602.0,589.0,7.17,0.0,0.0,Copy of D14-00150087(V02) - transgrid (t) 2013-14 - category analysis rin response - templates - consolidated - 31 october 2014 - public.xlsm,2.8 Maintenance,19,Transgrid,https://www.aer.gov.au/documents/transgrid-transmission-2013-14-category-analysis-rin-templates,https://www.aer.gov.au/authors/transgrid-t?page=3,validated_manifest_match,SCADA & network control maintenance,submitted,19,meaningful,True,scada_network_control_maintenance,SCADA & network control maintenance,scada_network_control,SCADA & network control maintenance,mapped,mapped,count,1.0,inferred_from_measure,1602.0,numeric,589.0,numeric,7.17,numeric,0.0,numeric,0.0,numeric
2013-14,Protection systems maintenance,Protection systems maintenance,NO.OF MAIN RELAYS,,5749.0,1538.0,20.24,0.0,3.2457,Copy of D14-00150087(V02) - transgrid (t) 2013-14 - category analysis rin response - templates - consolidated - 31 october 2014 - public.xlsm,2.8 Maintenance,20,Transgrid,https://www.aer.gov.au/documents/transgrid-transmission-2013-14-category-analysis-rin-templates,https://www.aer.gov.au/authors/transgrid-t?page=3,validated_manifest_match,Protection systems maintenance,submitted,20,meaningful,True,protection_systems_maintenance,Protection systems maintenance,protection_systems,Protection systems maintenance,mapped,mapped,count,1.0,inferred_from_measure,5749.0,numeric,1538.0,numeric,20.24,numeric,0.0,numeric,3.2457,numeric
2013-14,Other maintenance activity ,Telecomms Systems,NO. OF TERMINAL EQUIPMENT/BASE STATION/MUX/POWER SUPPLIES,,2024.0,1131.0,13.07,0.36,3.0,Copy of D14-00150087(V02) - transgrid (t) 2013-14 - category analysis rin response - templates - consolidated - 31 october 2014 - public.xlsm,2.8 Maintenance,21,Transgrid,https://www.aer.gov.au/documents/transgrid-transmission-2013-14-category-analysis-rin-templates,https://www.aer.gov.au/authors/transgrid-t?page=3,validated_manifest_match,Other maintenance activity ,submitted,21,meaningful,True,other_maintenance_activity,Other maintenance activity,telecomms_systems,Telecomms Systems,mapped,mapped,count,1.0,inferred_from_measure,2024.0,numeric,1131.0,numeric,13.07,numeric,0.36,numeric,3.0,numeric
2013-14,,Metering Systems,NO. OF METERS,,863.0,889.0,10.76,2.5,5.0,Copy of D14-00150087(V02) - transgrid (t) 2013-14 - category analysis rin response - templates - consolidated - 31 october 2014 - public.xlsm,2.8 Maintenance,22,Transgrid,https://www.aer.gov.au/documents/transgrid-transmission-2013-14-category-analysis-rin-templates,https://www.aer.gov.au/authors/transgrid-t?page=3,validated_manifest_match,Other maintenance activity ,continued_group_label,21,meaningful,True,other_maintenance_activity,Other maintenance activity,metering_systems,Metering Systems,mapped,mapped,count,1.0,inferred_from_measure,863.0,numeric,889.0,numeric,10.76,numeric,2.5,numeric,5.0,numeric
2015-16,Transmission lines maintenance,Transmission towers,Number of towers,0's,13.253,13.253,44.3,0.5,Nil. Cond mon.&corr mtce,Copy of D16 147530(V3)  ElectraNet 2015-16 - Category Analysis RIN Response - Public Version - 31 October 2016 - PUBLIC.xlsm,2.8 Maintenance,12,ElectraNet,https://www.aer.gov.au/documents/electranet-2015-16-category-analysis-rin-templates,https://www.aer.gov.au/authors/electranet?page=11,validated_manifest_match,Transmission lines maintenance,submitted,12,meaningful,True,transmission_lines_maintenance,Transmission lines maintenance,transmission_towers,Transmission towers,mapped,mapped,count,1.0,standardized_source_unit,13.253,numeric,13.253,numeric,44.3,numeric,0.5,numeric,,recognized_special
2015-16,Transmission lines maintenance,Transmission tower support structures,Number of towers,0's,58.668,58.668,42.0,0.5,Nil. Cond mon.&corr mtce,Copy of D16 147530(V3)  ElectraNet 2015-16 - Category Analysis RIN Response - Public Version - 31 October 2016 - PUBLIC.xlsm,2.8 Maintenance,13,ElectraNet,https://www.aer.gov.au/documents/electranet-2015-16-category-analysis-rin-templates,https://www.aer.gov.au/authors/electranet?page=11,validated_manifest_match,Transmission lines maintenance,submitted,13,meaningful,True,transmission_lines_maintenance,Transmission lines maintenance,transmission_tower_support_structures,Transmission tower support structures,mapped,mapped,count,1.0,standardized_source_unit,58.668,numeric,58.668,numeric,42.0,numeric,0.5,numeric,,recognized_special
2015-16,Transmission lines maintenance,Conductors,Route length,km,5.497,5.497,42.7,0.5,Nil. Cond mon.&corr mtce,Copy of D16 147530(V3)  ElectraNet 2015-16 - Category Analysis RIN Response - Public Version - 31 October 2016 - PUBLIC.xlsm,2.8 Maintenance,14,ElectraNet,https://www.aer.gov.au/documents/electranet-2015-16-category-analysis-rin-templates,https://www.aer.gov.au/authors/electranet?page=11,validated_manifest_match,Transmission lines maintenance,submitted,14,meaningful,True,transmission_lines_maintenance,Transmission lines maintenance,conductors,Conductors,mapped,mapped,km,1.0,standardized_source_unit,5.497,numeric,5.497,numeric,42.7,numeric,0.5,numeric,,recognized_special
2015-16,Transmission lines maintenance,Transmission cables,Route length,km,0.027,0.027,12.5,0.02,Nil. Cond mon.&corr mtce,Copy of D16 147530(V3)  ElectraNet 2015-16 - Category Analysis RIN Response - Public Version - 31 October 2016 - PUBLIC.xlsm,2.8 Maintenance,15,ElectraNet,https://www.aer.gov.au/documents/electranet-2015-16-category-analysis-rin-templates,https://www.aer.gov.au/authors/electranet?page=11,validated_manifest_match,Transmission lines maintenance,submitted,15,meaningful,True,transmission_lines_maintenance,Transmission lines maintenance,transmission_cables,Transmission cables,mapped,mapped,km,1.0,standardized_source_unit,0.027,numeric,0.027,numeric,12.5,numeric,0.02,numeric,,recognized_special
2015-16,Substations equipment & property maintenance,Substation switchbays (incl. Reactive plant),Number of switchbays,0's,1.346,1.346,22.7,0.25,6,Copy of D16 147530(V3)  ElectraNet 2015-16 - Category Analysis RIN Response - Public Version - 31 October 2016 - PUBLIC.xlsm,2.8 Maintenance,16,ElectraNet,https://www.aer.gov.au/documents/electranet-2015-16-category-analysis-rin-templates,https://www.aer.gov.au/authors/electranet?page=11,validated_manifest_match,Substations equipment & property maintenance,submitted,16,meaningful,True,substations_equipment_property_maintenance,Substations equipment & property maintenance,substation_switchbays,Substation switchbays (incl. Reactive plant),mapped,mapped,count,1.0,standardized_source_unit,1.346,numeric,1.346,numeric,22.7,numeric,0.25,numeric,6.0,numeric
2015-16,Substations equipment & property maintenance,Substation power transformers,Number of transformers,0's,0.139,0.139,29.1,0.25,6,Copy of D16 147530(V3)  ElectraNet 2015-16 - Category Analysis RIN Response - Public Version - 31 October 2016 - PUBLIC.xlsm,2.8 Maintenance,17,ElectraNet,https://www.aer.gov.au/documents/electranet-2015-16-category-analysis-rin-templates,https://www.aer.gov.au/authors/electranet?page=11,validated_manifest_match,Substations equipment & property maintenance,submitted,17,meaningful,True,substations_equipment_property_maintenance,Substations equipment & property maintenance,substation_power_transformers,Substation power transformers,mapped,mapped,count,1.0,standardized_source_unit,0.139,numeric,0.139,numeric,29.1,numeric,0.25,numeric,6.0,numeric
2015-16,Substations equipment & property maintenance,Substation property,Number of substation properties maintained,0's,0.077,0.077,37.9,0.25,0.5,Copy of D16 147530(V3)  ElectraNet 2015-16 - Category Analysis RIN Response - Public Version - 31 October 2016 - PUBLIC.xlsm,2.8 Maintenance,18,ElectraNet,https://www.aer.gov.au/documents/electranet-2015-16-category-analysis-rin-templates,https://www.aer.gov.au/authors/electranet?page=11,validated_manifest_match,Substations equipment & property maintenance,submitted,18,meaningful,True,substations_equipment_property_maintenance,Substations equipment & property maintenance,substation_property,Substation property,mapped,mapped,count,1.0,standardized_source_unit,0.077,numeric,0.077,numeric,37.9,numeric,0.25,numeric,0.5,numeric
2015-16,SCADA & network control maintenance,SCADA & network control maintenance,Number of comms sites,0's,120.0,120.0,30.0,0.5,Nil. Cond mon.&corr mtce,Copy of D16 147530(V3)  ElectraNet 2015-16 - Category Analysis RIN Response - Public Version - 31 October 2016 - PUBLIC.xlsm,2.8 Maintenance,19,ElectraNet,https://www.aer.gov.au/documents/electranet-2015-16-category-analysis-rin-templates,https://www.aer.gov.au/authors/electranet?page=11,validated_manifest_match,SCADA & network control maintenance,submitted,19,meaningful,True,scada_network_control_maintenance,SCADA & network control maintenance,scada_network_control,SCADA & network control maintenance,mapped,mapped,count,1.0,standardized_source_unit,120.0,numeric,120.0,numeric,30.0,numeric,0.5,numeric,,recognized_special
2015-16,Protection systems maintenance,Protection systems maintenance,Number of protection systems,0's,1362.0,1362.0,13.6,0.25,4,Copy of D16 147530(V3)  ElectraNet 2015-16 - Category Analysis RIN Response - Public Version - 31 October 2016 - PUBLIC.xlsm,2.8 Maintenance,20,ElectraNet,https://www.aer.gov.au/documents/electranet-2015-16-category-analysis-rin-templates,https://www.aer.gov.au/authors/electranet?page=11,validated_manifest_match,Protection systems maintenance,submitted,20,meaningful,True,protection_systems_maintenance,Protection systems maintenance,protection_systems,Protection systems maintenance,mapped,mapped,count,1.0,standardized_source_unit,1362.0,numeric,1362.0,numeric,13.6,numeric,0.25,numeric,4.0,numeric
2015-16,Right of way (Row) maintenance,Row Maintenance ,Length (Route Km),000' km,4.539,4.539,42.7,0.5,3,Copy of D16 147530(V3)  ElectraNet 2015-16 - Category Analysis RIN Response - Public Version - 31 October 2016 - PUBLIC.xlsm,2.8 Maintenance,21,ElectraNet,https://www.aer.gov.au/documents/electranet-2015-16-category-analysis-rin-templates,https://www.aer.gov.au/authors/electranet?page=11,validated_manifest_match,Right of way (Row) maintenance,submitted,21,meaningful,True,right_of_way_maintenance,Right of way (ROW) maintenance,row_maintenance,ROW Maintenance,mapped,mapped,km,1000.0,standardized_source_unit,4539.0,numeric,4539.0,numeric,42.7,numeric,0.5,numeric,3.0,numeric
2016-17,Transmission lines maintenance,Transmission towers,Number of towers,0's,13.257,13.257,45.2,0.5,Nil. Cond mon.&corr mtce,Copy of D17 153782  ElectraNet 2016-17 - Category Analysis RIN - Template - 31 October 2017 - PUBLIC.xlsm,2.8 Maintenance,12,ElectraNet,https://www.aer.gov.au/documents/electranet-2016-17-category-analysis-rin-templates,https://www.aer.gov.au/authors/electranet?page=14,validated_manifest_match,Transmission lines maintenance,submitted,12,meaningful,True,transmission_lines_maintenance,Transmission lines maintenance,transmission_towers,Transmission towers,mapped,mapped,count,1.0,standardized_source_unit,13.257,numeric,13.257,numeric,45.2,numeric,0.5,numeric,,recognized_special
2016-17,Transmission lines maintenance,Transmission tower support structures,Number of towers,0's,58.956,58.956,43.3420447284345,0.5,Nil. Cond mon.&corr mtce,Copy of D17 153782  ElectraNet 2016-17 - Category Analysis RIN - Template - 31 October 2017 - PUBLIC.xlsm,2.8 Maintenance,13,ElectraNet,https://www.aer.gov.au/documents/electranet-2016-17-category-analysis-rin-templates,https://www.aer.gov.au/authors/electranet?page=14,validated_manifest_match,Transmission lines maintenance,submitted,13,meaningful,True,transmission_lines_maintenance,Transmission lines maintenance,transmission_tower_support_structures,Transmission tower support structures,mapped,mapped,count,1.0,standardized_source_unit,58.956,numeric,58.956,numeric,43.3420447284345,numeric,0.5,numeric,,recognized_special
2016-17,Transmission lines maintenance,Conductors,Route length,km,5.49237,5.49237,43.7,0.5,Nil. Cond mon.&corr mtce,Copy of D17 153782  ElectraNet 2016-17 - Category Analysis RIN - Template - 31 October 2017 - PUBLIC.xlsm,2.8 Maintenance,14,ElectraNet,https://www.aer.gov.au/documents/electranet-2016-17-category-analysis-rin-templates,https://www.aer.gov.au/authors/electranet?page=14,validated_manifest_match,Transmission lines maintenance,submitted,14,meaningful,True,transmission_lines_maintenance,Transmission lines maintenance,conductors,Conductors,mapped,mapped,km,1.0,standardized_source_unit,5.49237,numeric,5.49237,numeric,43.7,numeric,0.5,numeric,,recognized_special
2016-17,Transmission lines maintenance,Transmission cables,Route length,km,0.027,0.027,13.4,0.02,Nil. Cond mon.&corr mtce,Copy of D17 153782  ElectraNet 2016-17 - Category Analysis RIN - Template - 31 October 2017 - PUBLIC.xlsm,2.8 Maintenance,15,ElectraNet,https://www.aer.gov.au/documents/electranet-2016-17-category-analysis-rin-templates,https://www.aer.gov.au/authors/electranet?page=14,validated_manifest_match,Transmission lines maintenance,submitted,15,meaningful,True,transmission_lines_maintenance,Transmission lines maintenance,transmission_cables,Transmission cables,mapped,mapped,km,1.0,standardized_source_unit,0.027,numeric,0.027,numeric,13.4,numeric,0.02,numeric,,recognized_special
2016-17,Substations equipment & property maintenance,Substation switchbays (incl. Reactive plant),Number of switchbays,0's,1.467,1.467,24.9,0.25,6,Copy of D17 153782  ElectraNet 2016-17 - Category Analysis RIN - Template - 31 October 2017 - PUBLIC.xlsm,2.8 Maintenance,16,ElectraNet,https://www.aer.gov.au/documents/electranet-2016-17-category-analysis-rin-templates,https://www.aer.gov.au/authors/electranet?page=14,validated_manifest_match,Substations equipment & property maintenance,submitted,16,meaningful,True,substations_equipment_property_maintenance,Substations equipment & property maintenance,substation_switchbays,Substation switchbays (incl. Reactive plant),mapped,mapped,count,1.0,standardized_source_unit,1.467,numeric,1.467,numeric,24.9,numeric,0.25,numeric,6.0,numeric
2016-17,Substations equipment & property maintenance,Substation power transformers,Number of transformers,0's,0.139,0.139,28.2,0.25,6,Copy of D17 153782  ElectraNet 2016-17 - Category Analysis RIN - Template - 31 October 2017 - PUBLIC.xlsm,2.8 Maintenance,17,ElectraNet,https://www.aer.gov.au/documents/electranet-2016-17-category-analysis-rin-templates,https://www.aer.gov.au/authors/electranet?page=14,validated_manifest_match,Substations equipment & property maintenance,submitted,17,meaningful,True,substations_equipment_property_maintenance,Substations equipment & property maintenance,substation_power_transformers,Substation power transformers,mapped,mapped,count,1.0,standardized_source_unit,0.139,numeric,0.139,numeric,28.2,numeric,0.25,numeric,6.0,numeric
2016-17,Substations equipment & property maintenance,Substation property,Number of substation properties maintained,0's,0.078,0.078,38.4,0.25,0.5,Copy of D17 153782  ElectraNet 2016-17 - Category Analysis RIN - Template - 31 October 2017 - PUBLIC.xlsm,2.8 Maintenance,18,ElectraNet,https://www.aer.gov.au/documents/electranet-2016-17-category-analysis-rin-templates,https://www.aer.gov.au/authors/electranet?page=14,validated_manifest_match,Substations equipment & property maintenance,submitted,18,meaningful,True,substations_equipment_property_maintenance,Substations equipment & property maintenance,substation_property,Substation property,mapped,mapped,count,1.0,standardized_source_unit,0.078,numeric,0.078,numeric,38.4,numeric,0.25,numeric,0.5,numeric
2016-17,SCADA & network control maintenance,SCADA & network control maintenance,Number of Comms Sites,0's,121.0,121.0,28.9,0.5,Nil. Cond mon.&corr mtce,Copy of D17 153782  ElectraNet 2016-17 - Category Analysis RIN - Template - 31 October 2017 - PUBLIC.xlsm,2.8 Maintenance,19,ElectraNet,https://www.aer.gov.au/documents/electranet-2016-17-category-analysis-rin-templates,https://www.aer.gov.au/authors/electranet?page=14,validated_manifest_match,SCADA & network control maintenance,submitted,19,meaningful,True,scada_network_control_maintenance,SCADA & network control maintenance,scada_network_control,SCADA & network control maintenance,mapped,mapped,count,1.0,standardized_source_unit,121.0,numeric,121.0,numeric,28.9,numeric,0.5,numeric,,recognized_special
2016-17,Protection systems maintenance,Protection systems maintenance,Number of Protection Systems,0's,1391.0,1391.0,13.0,0.25,4,Copy of D17 153782  ElectraNet 2016-17 - Category Analysis RIN - Template - 31 October 2017 - PUBLIC.xlsm,2.8 Maintenance,20,ElectraNet,https://www.aer.gov.au/documents/electranet-2016-17-category-analysis-rin-templates,https://www.aer.gov.au/authors/electranet?page=14,validated_manifest_match,Protection systems maintenance,submitted,20,meaningful,True,protection_systems_maintenance,Protection systems maintenance,protection_systems,Protection systems maintenance,mapped,mapped,count,1.0,standardized_source_unit,1391.0,numeric,1391.0,numeric,13.0,numeric,0.25,numeric,4.0,numeric
2016-17,Other maintenance activity ,Right of way (Row Maintenance),Length (Route KM),km,4536.0,4536.0,43.7,0.5,3,Copy of D17 153782  ElectraNet 2016-17 - Category Analysis RIN - Template - 31 October 2017 - PUBLIC.xlsm,2.8 Maintenance,21,ElectraNet,https://www.aer.gov.au/documents/electranet-2016-17-category-analysis-rin-templates,https://www.aer.gov.au/authors/electranet?page=14,validated_manifest_match,Other maintenance activity ,submitted,21,meaningful,True,other_maintenance_activity,Other maintenance activity,right_of_way_maintenance,Right of way (ROW) maintenance,mapped,mapped,km,1.0,standardized_source_unit,4536.0,numeric,4536.0,numeric,43.7,numeric,0.5,numeric,3.0,numeric
2017-18,Transmission lines maintenance,Transmission towers,Number of towers,0's,37419.0,7911.0,38.04250745166311,5.040955631399317,5.3489500842998,DORIS - D18-158142 Transgrid 2017-18 - Category Analysis RIN - Templates - Public.XLSM,2.8 Maintenance,12,Transgrid,https://www.aer.gov.au/documents/transgrid-2017-18-category-analysis-rin-templates,https://www.aer.gov.au/authors/transgrid-t?page=2,validated_manifest_match,Transmission lines maintenance,submitted,12,meaningful,True,transmission_lines_maintenance,Transmission lines maintenance,transmission_towers,Transmission towers,mapped,mapped,count,1.0,standardized_source_unit,37419.0,numeric,7911.0,numeric,38.04250745166311,numeric,5.040955631399317,numeric,5.3489500842998,numeric
2017-18,Transmission lines maintenance,Transmission tower support structures,Number of towers,0's,0.0,0.0,0.0,0.0,0.0,DORIS - D18-158142 Transgrid 2017-18 - Category Analysis RIN - Templates - Public.XLSM,2.8 Maintenance,13,Transgrid,https://www.aer.gov.au/documents/transgrid-2017-18-category-analysis-rin-templates,https://www.aer.gov.au/authors/transgrid-t?page=2,validated_manifest_match,Transmission lines maintenance,submitted,13,meaningful,True,transmission_lines_maintenance,Transmission lines maintenance,transmission_tower_support_structures,Transmission tower support structures,mapped,mapped,count,1.0,standardized_source_unit,0.0,numeric,0.0,numeric,0.0,numeric,0.0,numeric,0.0,numeric
2017-18,Transmission lines maintenance,Conductors,Route length,km,11295.173239571512,7595.382300091351,41.16846291172276,7.618687225915971,0.0,DORIS - D18-158142 Transgrid 2017-18 - Category Analysis RIN - Templates - Public.XLSM,2.8 Maintenance,14,Transgrid,https://www.aer.gov.au/documents/transgrid-2017-18-category-analysis-rin-templates,https://www.aer.gov.au/authors/transgrid-t?page=2,validated_manifest_match,Transmission lines maintenance,submitted,14,meaningful,True,transmission_lines_maintenance,Transmission lines maintenance,conductors,Conductors,mapped,mapped,km,1.0,standardized_source_unit,11295.173239571512,numeric,7595.382300091351,numeric,41.16846291172276,numeric,7.618687225915971,numeric,0.0,numeric
2017-18,Transmission lines maintenance,Transmission cables,Route length,km,66.317,66.317,19.08129424728668,0.0880151581603454,1.300198080146275,DORIS - D18-158142 Transgrid 2017-18 - Category Analysis RIN - Templates - Public.XLSM,2.8 Maintenance,15,Transgrid,https://www.aer.gov.au/documents/transgrid-2017-18-category-analysis-rin-templates,https://www.aer.gov.au/authors/transgrid-t?page=2,validated_manifest_match,Transmission lines maintenance,submitted,15,meaningful,True,transmission_lines_maintenance,Transmission lines maintenance,transmission_cables,Transmission cables,mapped,mapped,km,1.0,standardized_source_unit,66.317,numeric,66.317,numeric,19.08129424728668,numeric,0.0880151581603454,numeric,1.300198080146275,numeric
2017-18,Substations equipment & property maintenance,Substation switchbays (incl. Reactive plant),Number of switchbays,0's,2284.0,434.0,30.172504378283712,0.5,5.223774750012895,DORIS - D18-158142 Transgrid 2017-18 - Category Analysis RIN - Templates - Public.XLSM,2.8 Maintenance,16,Transgrid,https://www.aer.gov.au/documents/transgrid-2017-18-category-analysis-rin-templates,https://www.aer.gov.au/authors/transgrid-t?page=2,validated_manifest_match,Substations equipment & property maintenance,submitted,16,meaningful,True,substations_equipment_property_maintenance,Substations equipment & property maintenance,substation_switchbays,Substation switchbays (incl. Reactive plant),mapped,mapped,count,1.0,standardized_source_unit,2284.0,numeric,434.0,numeric,30.172504378283712,numeric,0.5,numeric,5.223774750012895,numeric
2017-18,Substations equipment & property maintenance,Substation power transformers,Number of transformers,0's,217.0,207.0,21.83410138248848,0.5,4.774193548387097,DORIS - D18-158142 Transgrid 2017-18 - Category Analysis RIN - Templates - Public.XLSM,2.8 Maintenance,17,Transgrid,https://www.aer.gov.au/documents/transgrid-2017-18-category-analysis-rin-templates,https://www.aer.gov.au/authors/transgrid-t?page=2,validated_manifest_match,Substations equipment & property maintenance,submitted,17,meaningful,True,substations_equipment_property_maintenance,Substations equipment & property maintenance,substation_power_transformers,Substation power transformers,mapped,mapped,count,1.0,standardized_source_unit,217.0,numeric,207.0,numeric,21.83410138248848,numeric,0.5,numeric,4.774193548387097,numeric
2017-18,Substations equipment & property maintenance,Substation property,Number of substation properties maintained,0's,94.0,92.0,34.680851063829785,0.5851063829787234,0.25,DORIS - D18-158142 Transgrid 2017-18 - Category Analysis RIN - Templates - Public.XLSM,2.8 Maintenance,18,Transgrid,https://www.aer.gov.au/documents/transgrid-2017-18-category-analysis-rin-templates,https://www.aer.gov.au/authors/transgrid-t?page=2,validated_manifest_match,Substations equipment & property maintenance,submitted,18,meaningful,True,substations_equipment_property_maintenance,Substations equipment & property maintenance,substation_property,Substation property,mapped,mapped,count,1.0,standardized_source_unit,94.0,numeric,92.0,numeric,34.680851063829785,numeric,0.5851063829787234,numeric,0.25,numeric
2017-18,SCADA & network control maintenance,SCADA & network control maintenance,Units,,1961.0,98.0,7.84,,,DORIS - D18-158142 Transgrid 2017-18 - Category Analysis RIN - Templates - Public.XLSM,2.8 Maintenance,19,Transgrid,https://www.aer.gov.au/documents/transgrid-2017-18-category-analysis-rin-templates,https://www.aer.gov.au/authors/transgrid-t?page=2,validated_manifest_match,SCADA & network control maintenance,submitted,19,meaningful,True,scada_network_control_maintenance,SCADA & network control maintenance,scada_network_control,SCADA & network control maintenance,mapped,mapped,count,1.0,inferred_from_measure,1961.0,numeric,98.0,numeric,7.84,numeric,,blank,,blank
2017-18,Protection systems maintenance,Protection systems maintenance,Units,,3183.0,1343.0,15.15,,6.24,DORIS - D18-158142 Transgrid 2017-18 - Category Analysis RIN - Templates - Public.XLSM,2.8 Maintenance,20,Transgrid,https://www.aer.gov.au/documents/transgrid-2017-18-category-analysis-rin-templates,https://www.aer.gov.au/authors/transgrid-t?page=2,validated_manifest_match,Protection systems maintenance,submitted,20,meaningful,True,protection_systems_maintenance,Protection systems maintenance,protection_systems,Protection systems maintenance,mapped,mapped,count,1.0,inferred_from_measure,3183.0,numeric,1343.0,numeric,15.15,numeric,,blank,6.24,numeric
2017-18,Other maintenance activity ,Metering,Units,,837.0,519.0,6.39,2.5,5.0,DORIS - D18-158142 Transgrid 2017-18 - Category Analysis RIN - Templates - Public.XLSM,2.8 Maintenance,21,Transgrid,https://www.aer.gov.au/documents/transgrid-2017-18-category-analysis-rin-templates,https://www.aer.gov.au/authors/transgrid-t?page=2,validated_manifest_match,Other maintenance activity ,submitted,21,meaningful,True,other_maintenance_activity,Other maintenance activity,metering,Metering,mapped,mapped,count,1.0,inferred_from_measure,837.0,numeric,519.0,numeric,6.39,numeric,2.5,numeric,5.0,numeric
2017-18,,Communications,Units,,1918.0,1352.0,6.07,0.5,3.0,DORIS - D18-158142 Transgrid 2017-18 - Category Analysis RIN - Templates - Public.XLSM,2.8 Maintenance,22,Transgrid,https://www.aer.gov.au/documents/transgrid-2017-18-category-analysis-rin-templates,https://www.aer.gov.au/authors/transgrid-t?page=2,validated_manifest_match,Other maintenance activity ,continued_group_label,21,meaningful,True,other_maintenance_activity,Other maintenance activity,communications,Communications,mapped,mapped,count,1.0,inferred_from_measure,1918.0,numeric,1352.0,numeric,6.07,numeric,0.5,numeric,3.0,numeric
2017-18,Transmission lines maintenance,Transmission towers,Number of towers,0's,13290.0,13290.0,46.1,0.5,Nil. Cond mon.&corr mtce,DORIS - D18-158267 ElectraNet 2017-18 - Category Analysis RIN - Template - Public.XLSM,2.8 Maintenance,12,ElectraNet,https://www.aer.gov.au/documents/electranet-2017-18-category-analysis-rin-templates,https://www.aer.gov.au/authors/electranet,validated_manifest_match,Transmission lines maintenance,submitted,12,meaningful,True,transmission_lines_maintenance,Transmission lines maintenance,transmission_towers,Transmission towers,mapped,mapped,count,1.0,standardized_source_unit,13290.0,numeric,13290.0,numeric,46.1,numeric,0.5,numeric,,recognized_special
2017-18,Transmission lines maintenance,Transmission tower support structures,Number of towers,0's,62202.0,62202.0,42.97,0.5,Nil. Cond mon.&corr mtce,DORIS - D18-158267 ElectraNet 2017-18 - Category Analysis RIN - Template - Public.XLSM,2.8 Maintenance,13,ElectraNet,https://www.aer.gov.au/documents/electranet-2017-18-category-analysis-rin-templates,https://www.aer.gov.au/authors/electranet,validated_manifest_match,Transmission lines maintenance,submitted,13,meaningful,True,transmission_lines_maintenance,Transmission lines maintenance,transmission_tower_support_structures,Transmission tower support structures,mapped,mapped,count,1.0,standardized_source_unit,62202.0,numeric,62202.0,numeric,42.97,numeric,0.5,numeric,,recognized_special
2017-18,Transmission lines maintenance,Conductors,Route length,km,5494.97,5494.97,44.7,0.5,Nil. Cond mon.&corr mtce,DORIS - D18-158267 ElectraNet 2017-18 - Category Analysis RIN - Template - Public.XLSM,2.8 Maintenance,14,ElectraNet,https://www.aer.gov.au/documents/electranet-2017-18-category-analysis-rin-templates,https://www.aer.gov.au/authors/electranet,validated_manifest_match,Transmission lines maintenance,submitted,14,meaningful,True,transmission_lines_maintenance,Transmission lines maintenance,conductors,Conductors,mapped,mapped,km,1.0,standardized_source_unit,5494.97,numeric,5494.97,numeric,44.7,numeric,0.5,numeric,,recognized_special
2017-18,Transmission lines maintenance,Transmission cables,Route length,km,27.0,27.0,14.2,0.02,Nil. Cond mon.&corr mtce,DORIS - D18-158267 ElectraNet 2017-18 - Category Analysis RIN - Template - Public.XLSM,2.8 Maintenance,15,ElectraNet,https://www.aer.gov.au/documents/electranet-2017-18-category-analysis-rin-templates,https://www.aer.gov.au/authors/electranet,validated_manifest_match,Transmission lines maintenance,submitted,15,meaningful,True,transmission_lines_maintenance,Transmission lines maintenance,transmission_cables,Transmission cables,mapped,mapped,km,1.0,standardized_source_unit,27.0,numeric,27.0,numeric,14.2,numeric,0.02,numeric,,recognized_special
2017-18,Substations equipment & property maintenance,Substation switchbays (incl. Reactive plant),Number of switchbays,0's,1604.0,1604.0,26.4,0.25,6,DORIS - D18-158267 ElectraNet 2017-18 - Category Analysis RIN - Template - Public.XLSM,2.8 Maintenance,16,ElectraNet,https://www.aer.gov.au/documents/electranet-2017-18-category-analysis-rin-templates,https://www.aer.gov.au/authors/electranet,validated_manifest_match,Substations equipment & property maintenance,submitted,16,meaningful,True,substations_equipment_property_maintenance,Substations equipment & property maintenance,substation_switchbays,Substation switchbays (incl. Reactive plant),mapped,mapped,count,1.0,standardized_source_unit,1604.0,numeric,1604.0,numeric,26.4,numeric,0.25,numeric,6.0,numeric
2017-18,Substations equipment & property maintenance,Substation power transformers,Number of transformers,0's,138.0,138.0,27.3,0.25,6,DORIS - D18-158267 ElectraNet 2017-18 - Category Analysis RIN - Template - Public.XLSM,2.8 Maintenance,17,ElectraNet,https://www.aer.gov.au/documents/electranet-2017-18-category-analysis-rin-templates,https://www.aer.gov.au/authors/electranet,validated_manifest_match,Substations equipment & property maintenance,submitted,17,meaningful,True,substations_equipment_property_maintenance,Substations equipment & property maintenance,substation_power_transformers,Substation power transformers,mapped,mapped,count,1.0,standardized_source_unit,138.0,numeric,138.0,numeric,27.3,numeric,0.25,numeric,6.0,numeric
2017-18,Substations equipment & property maintenance,Substation property,Number of substation properties maintained,0's,78.0,78.0,38.9,0.25,0.5,DORIS - D18-158267 ElectraNet 2017-18 - Category Analysis RIN - Template - Public.XLSM,2.8 Maintenance,18,ElectraNet,https://www.aer.gov.au/documents/electranet-2017-18-category-analysis-rin-templates,https://www.aer.gov.au/authors/electranet,validated_manifest_match,Substations equipment & property maintenance,submitted,18,meaningful,True,substations_equipment_property_maintenance,Substations equipment & property maintenance,substation_property,Substation property,mapped,mapped,count,1.0,standardized_source_unit,78.0,numeric,78.0,numeric,38.9,numeric,0.25,numeric,0.5,numeric
2017-18,SCADA & network control maintenance,SCADA & network control maintenance,Number of Comms Sites,0's,119.0,119.0,28.9,0.5,Nil. Cond mon.&corr mtce,DORIS - D18-158267 ElectraNet 2017-18 - Category Analysis RIN - Template - Public.XLSM,2.8 Maintenance,19,ElectraNet,https://www.aer.gov.au/documents/electranet-2017-18-category-analysis-rin-templates,https://www.aer.gov.au/authors/electranet,validated_manifest_match,SCADA & network control maintenance,submitted,19,meaningful,True,scada_network_control_maintenance,SCADA & network control maintenance,scada_network_control,SCADA & network control maintenance,mapped,mapped,count,1.0,standardized_source_unit,119.0,numeric,119.0,numeric,28.9,numeric,0.5,numeric,,recognized_special
2017-18,Protection systems maintenance,Protection systems maintenance,Number of Protection Systems,0's,1437.0,1437.0,13.2,0.25,4,DORIS - D18-158267 ElectraNet 2017-18 - Category Analysis RIN - Template - Public.XLSM,2.8 Maintenance,20,ElectraNet,https://www.aer.gov.au/documents/electranet-2017-18-category-analysis-rin-templates,https://www.aer.gov.au/authors/electranet,validated_manifest_match,Protection systems maintenance,submitted,20,meaningful,True,protection_systems_maintenance,Protection systems maintenance,protection_systems,Protection systems maintenance,mapped,mapped,count,1.0,standardized_source_unit,1437.0,numeric,1437.0,numeric,13.2,numeric,0.25,numeric,4.0,numeric
2017-18,Other maintenance activity ,,<NSP to enter measure>,,,,,,,DORIS - D18-158267 ElectraNet 2017-18 - Category Analysis RIN - Template - Public.XLSM,2.8 Maintenance,21,ElectraNet,https://www.aer.gov.au/documents/electranet-2017-18-category-analysis-rin-templates,https://www.aer.gov.au/authors/electranet,validated_manifest_match,Other maintenance activity ,submitted,21,empty_template_row,False,,,,,not_applicable,not_applicable,,,not_applicable,,blank,,blank,,blank,,blank,,blank
2017-18,Right of way (Row) Maintenance ,Row Maintenance,Length (Route KM),km,4537.0,4537.0,46.1,0.5,3,DORIS - D18-158267 ElectraNet 2017-18 - Category Analysis RIN - Template - Public.XLSM,2.8 Maintenance,22,ElectraNet,https://www.aer.gov.au/documents/electranet-2017-18-category-analysis-rin-templates,https://www.aer.gov.au/authors/electranet,validated_manifest_match,Right of way (Row) Maintenance ,submitted,22,meaningful,True,right_of_way_maintenance,Right of way (ROW) maintenance,row_maintenance,ROW Maintenance,mapped,mapped,km,1.0,standardized_source_unit,4537.0,numeric,4537.0,numeric,46.1,numeric,0.5,numeric,3.0,numeric
2018-19,Transmission lines maintenance,Transmission towers,Number of towers,0's,13215.0,13215.0,47.5,0.5,Nil. Cond mon.&corr mtce,ElectraNet 2018-19 - Category Analysis - RIN Response - Consolidated - 31 October 2019 - PUBLIC D19-175655.xlsx,2.8 Maintenance,12,ElectraNet,https://www.aer.gov.au/documents/electranet-2018-19-category-analysis-rin-templates,https://www.aer.gov.au/authors/electranet?page=2,validated_manifest_match,Transmission lines maintenance,submitted,12,meaningful,True,transmission_lines_maintenance,Transmission lines maintenance,transmission_towers,Transmission towers,mapped,mapped,count,1.0,standardized_source_unit,13215.0,numeric,13215.0,numeric,47.5,numeric,0.5,numeric,,recognized_special
2018-19,Transmission lines maintenance,Transmission tower support structures,Number of towers,0's,58352.0,58352.0,45.04,0.5,Nil. Cond mon.&corr mtce,ElectraNet 2018-19 - Category Analysis - RIN Response - Consolidated - 31 October 2019 - PUBLIC D19-175655.xlsx,2.8 Maintenance,13,ElectraNet,https://www.aer.gov.au/documents/electranet-2018-19-category-analysis-rin-templates,https://www.aer.gov.au/authors/electranet?page=2,validated_manifest_match,Transmission lines maintenance,submitted,13,meaningful,True,transmission_lines_maintenance,Transmission lines maintenance,transmission_tower_support_structures,Transmission tower support structures,mapped,mapped,count,1.0,standardized_source_unit,58352.0,numeric,58352.0,numeric,45.04,numeric,0.5,numeric,,recognized_special
2018-19,Transmission lines maintenance,Conductors,Route length,km,5485.47,5485.47,45.24,0.5,Nil. Cond mon.&corr mtce,ElectraNet 2018-19 - Category Analysis - RIN Response - Consolidated - 31 October 2019 - PUBLIC D19-175655.xlsx,2.8 Maintenance,14,ElectraNet,https://www.aer.gov.au/documents/electranet-2018-19-category-analysis-rin-templates,https://www.aer.gov.au/authors/electranet?page=2,validated_manifest_match,Transmission lines maintenance,submitted,14,meaningful,True,transmission_lines_maintenance,Transmission lines maintenance,conductors,Conductors,mapped,mapped,km,1.0,standardized_source_unit,5485.47,numeric,5485.47,numeric,45.24,numeric,0.5,numeric,,recognized_special
2018-19,Transmission lines maintenance,Transmission cables,Route length,km,27.0,27.0,17.4,0.02,Nil. Cond mon.&corr mtce,ElectraNet 2018-19 - Category Analysis - RIN Response - Consolidated - 31 October 2019 - PUBLIC D19-175655.xlsx,2.8 Maintenance,15,ElectraNet,https://www.aer.gov.au/documents/electranet-2018-19-category-analysis-rin-templates,https://www.aer.gov.au/authors/electranet?page=2,validated_manifest_match,Transmission lines maintenance,submitted,15,meaningful,True,transmission_lines_maintenance,Transmission lines maintenance,transmission_cables,Transmission cables,mapped,mapped,km,1.0,standardized_source_unit,27.0,numeric,27.0,numeric,17.4,numeric,0.02,numeric,,recognized_special
2018-19,Substations equipment & property maintenance,Substation switchbays (incl. Reactive plant),Number of switchbays,0's,1612.0,1612.0,26.9,0.25,6,ElectraNet 2018-19 - Category Analysis - RIN Response - Consolidated - 31 October 2019 - PUBLIC D19-175655.xlsx,2.8 Maintenance,16,ElectraNet,https://www.aer.gov.au/documents/electranet-2018-19-category-analysis-rin-templates,https://www.aer.gov.au/authors/electranet?page=2,validated_manifest_match,Substations equipment & property maintenance,submitted,16,meaningful,True,substations_equipment_property_maintenance,Substations equipment & property maintenance,substation_switchbays,Substation switchbays (incl. Reactive plant),mapped,mapped,count,1.0,standardized_source_unit,1612.0,numeric,1612.0,numeric,26.9,numeric,0.25,numeric,6.0,numeric
2018-19,Substations equipment & property maintenance,Substation power transformers,Number of transformers,0's,137.0,137.0,26.9,0.25,6,ElectraNet 2018-19 - Category Analysis - RIN Response - Consolidated - 31 October 2019 - PUBLIC D19-175655.xlsx,2.8 Maintenance,17,ElectraNet,https://www.aer.gov.au/documents/electranet-2018-19-category-analysis-rin-templates,https://www.aer.gov.au/authors/electranet?page=2,validated_manifest_match,Substations equipment & property maintenance,submitted,17,meaningful,True,substations_equipment_property_maintenance,Substations equipment & property maintenance,substation_power_transformers,Substation power transformers,mapped,mapped,count,1.0,standardized_source_unit,137.0,numeric,137.0,numeric,26.9,numeric,0.25,numeric,6.0,numeric
2018-19,Substations equipment & property maintenance,Substation property,Number of substation properties maintained,0's,78.0,78.0,39.9,0.25,0.5,ElectraNet 2018-19 - Category Analysis - RIN Response - Consolidated - 31 October 2019 - PUBLIC D19-175655.xlsx,2.8 Maintenance,18,ElectraNet,https://www.aer.gov.au/documents/electranet-2018-19-category-analysis-rin-templates,https://www.aer.gov.au/authors/electranet?page=2,validated_manifest_match,Substations equipment & property maintenance,submitted,18,meaningful,True,substations_equipment_property_maintenance,Substations equipment & property maintenance,substation_property,Substation property,mapped,mapped,count,1.0,standardized_source_unit,78.0,numeric,78.0,numeric,39.9,numeric,0.25,numeric,0.5,numeric
2018-19,SCADA & network control maintenance,SCADA & network control maintenance,NUMBER OF COMMS SITES,,120.0,120.0,30.0,0.5,Nil. Cond mon.&corr mtce,ElectraNet 2018-19 - Category Analysis - RIN Response - Consolidated - 31 October 2019 - PUBLIC D19-175655.xlsx,2.8 Maintenance,19,ElectraNet,https://www.aer.gov.au/documents/electranet-2018-19-category-analysis-rin-templates,https://www.aer.gov.au/authors/electranet?page=2,validated_manifest_match,SCADA & network control maintenance,submitted,19,meaningful,True,scada_network_control_maintenance,SCADA & network control maintenance,scada_network_control,SCADA & network control maintenance,mapped,mapped,count,1.0,inferred_from_measure,120.0,numeric,120.0,numeric,30.0,numeric,0.5,numeric,,recognized_special
2018-19,Protection systems maintenance,Protection systems maintenance,NUMBER OF PROTECTION SYSTEMS,,1436.0,1436.0,12.6,0.25,4,ElectraNet 2018-19 - Category Analysis - RIN Response - Consolidated - 31 October 2019 - PUBLIC D19-175655.xlsx,2.8 Maintenance,20,ElectraNet,https://www.aer.gov.au/documents/electranet-2018-19-category-analysis-rin-templates,https://www.aer.gov.au/authors/electranet?page=2,validated_manifest_match,Protection systems maintenance,submitted,20,meaningful,True,protection_systems_maintenance,Protection systems maintenance,protection_systems,Protection systems maintenance,mapped,mapped,count,1.0,inferred_from_measure,1436.0,numeric,1436.0,numeric,12.6,numeric,0.25,numeric,4.0,numeric
2018-19,Other maintenance activity ,RIGHT OF WAY (ROW) MAINTENANCE,LENGTH (ROUTE KM),,4526.0,4526.0,45.24,0.5,3,ElectraNet 2018-19 - Category Analysis - RIN Response - Consolidated - 31 October 2019 - PUBLIC D19-175655.xlsx,2.8 Maintenance,21,ElectraNet,https://www.aer.gov.au/documents/electranet-2018-19-category-analysis-rin-templates,https://www.aer.gov.au/authors/electranet?page=2,validated_manifest_match,Other maintenance activity ,submitted,21,meaningful,True,other_maintenance_activity,Other maintenance activity,right_of_way_maintenance,Right of way (ROW) maintenance,mapped,mapped,km,1.0,inferred_from_measure,4526.0,numeric,4526.0,numeric,45.24,numeric,0.5,numeric,3.0,numeric
2019-20,Transmission lines maintenance,Transmission towers,Number of towers,0's,13250.0,13250.0,48.3,0.5,Nil. Cond mon.&corr mtce,ElectraNet 2019-20 - Category Analysis - RIN Response - Consolidated - 30 October 2020 - PUBLIC (#11672792).xlsx,2.8 Maintenance,12,ElectraNet,https://www.aer.gov.au/documents/electranet-2019-20-category-analysis-rin-templates,https://www.aer.gov.au/authors/electranet?page=1,validated_manifest_match,Transmission lines maintenance,submitted,12,meaningful,True,transmission_lines_maintenance,Transmission lines maintenance,transmission_towers,Transmission towers,mapped,mapped,count,1.0,standardized_source_unit,13250.0,numeric,13250.0,numeric,48.3,numeric,0.5,numeric,,recognized_special
2019-20,Transmission lines maintenance,Transmission tower support structures,Number of towers,0's,58393.0,58393.0,46.0,0.5,Nil. Cond mon.&corr mtce,ElectraNet 2019-20 - Category Analysis - RIN Response - Consolidated - 30 October 2020 - PUBLIC (#11672792).xlsx,2.8 Maintenance,13,ElectraNet,https://www.aer.gov.au/documents/electranet-2019-20-category-analysis-rin-templates,https://www.aer.gov.au/authors/electranet?page=1,validated_manifest_match,Transmission lines maintenance,submitted,13,meaningful,True,transmission_lines_maintenance,Transmission lines maintenance,transmission_tower_support_structures,Transmission tower support structures,mapped,mapped,count,1.0,standardized_source_unit,58393.0,numeric,58393.0,numeric,46.0,numeric,0.5,numeric,,recognized_special
2019-20,Transmission lines maintenance,Conductors,Route length,km,5492.5,5492.5,46.6,0.5,Nil. Cond mon.&corr mtce,ElectraNet 2019-20 - Category Analysis - RIN Response - Consolidated - 30 October 2020 - PUBLIC (#11672792).xlsx,2.8 Maintenance,14,ElectraNet,https://www.aer.gov.au/documents/electranet-2019-20-category-analysis-rin-templates,https://www.aer.gov.au/authors/electranet?page=1,validated_manifest_match,Transmission lines maintenance,submitted,14,meaningful,True,transmission_lines_maintenance,Transmission lines maintenance,conductors,Conductors,mapped,mapped,km,1.0,standardized_source_unit,5492.5,numeric,5492.5,numeric,46.6,numeric,0.5,numeric,,recognized_special
2019-20,Transmission lines maintenance,Transmission cables,Route length,km,0.027,0.027,18.0,0.02,Nil. Cond mon.&corr mtce,ElectraNet 2019-20 - Category Analysis - RIN Response - Consolidated - 30 October 2020 - PUBLIC (#11672792).xlsx,2.8 Maintenance,15,ElectraNet,https://www.aer.gov.au/documents/electranet-2019-20-category-analysis-rin-templates,https://www.aer.gov.au/authors/electranet?page=1,validated_manifest_match,Transmission lines maintenance,submitted,15,meaningful,True,transmission_lines_maintenance,Transmission lines maintenance,transmission_cables,Transmission cables,mapped,mapped,km,1.0,standardized_source_unit,0.027,numeric,0.027,numeric,18.0,numeric,0.02,numeric,,recognized_special
2019-20,Substations equipment & property maintenance,Substation switchbays (incl. Reactive plant),Number of switchbays,0's,1622.0,1622.0,27.9,0.25,6,ElectraNet 2019-20 - Category Analysis - RIN Response - Consolidated - 30 October 2020 - PUBLIC (#11672792).xlsx,2.8 Maintenance,16,ElectraNet,https://www.aer.gov.au/documents/electranet-2019-20-category-analysis-rin-templates,https://www.aer.gov.au/authors/electranet?page=1,validated_manifest_match,Substations equipment & property maintenance,submitted,16,meaningful,True,substations_equipment_property_maintenance,Substations equipment & property maintenance,substation_switchbays,Substation switchbays (incl. Reactive plant),mapped,mapped,count,1.0,standardized_source_unit,1622.0,numeric,1622.0,numeric,27.9,numeric,0.25,numeric,6.0,numeric
2019-20,Substations equipment & property maintenance,Substation power transformers,Number of transformers,0's,143.0,143.0,27.0,0.25,6,ElectraNet 2019-20 - Category Analysis - RIN Response - Consolidated - 30 October 2020 - PUBLIC (#11672792).xlsx,2.8 Maintenance,17,ElectraNet,https://www.aer.gov.au/documents/electranet-2019-20-category-analysis-rin-templates,https://www.aer.gov.au/authors/electranet?page=1,validated_manifest_match,Substations equipment & property maintenance,submitted,17,meaningful,True,substations_equipment_property_maintenance,Substations equipment & property maintenance,substation_power_transformers,Substation power transformers,mapped,mapped,count,1.0,standardized_source_unit,143.0,numeric,143.0,numeric,27.0,numeric,0.25,numeric,6.0,numeric
2019-20,Substations equipment & property maintenance,Substation property,Number of substation properties maintained,0's,78.0,78.0,40.9,0.25,0.5,ElectraNet 2019-20 - Category Analysis - RIN Response - Consolidated - 30 October 2020 - PUBLIC (#11672792).xlsx,2.8 Maintenance,18,ElectraNet,https://www.aer.gov.au/documents/electranet-2019-20-category-analysis-rin-templates,https://www.aer.gov.au/authors/electranet?page=1,validated_manifest_match,Substations equipment & property maintenance,submitted,18,meaningful,True,substations_equipment_property_maintenance,Substations equipment & property maintenance,substation_property,Substation property,mapped,mapped,count,1.0,standardized_source_unit,78.0,numeric,78.0,numeric,40.9,numeric,0.25,numeric,0.5,numeric
2019-20,SCADA & network control maintenance,SCADA & network control maintenance,NUMBER OF COMMS SITES,,118.0,118.0,31.1,0.5,Nil. Cond mon.&corr mtce,ElectraNet 2019-20 - Category Analysis - RIN Response - Consolidated - 30 October 2020 - PUBLIC (#11672792).xlsx,2.8 Maintenance,19,ElectraNet,https://www.aer.gov.au/documents/electranet-2019-20-category-analysis-rin-templates,https://www.aer.gov.au/authors/electranet?page=1,validated_manifest_match,SCADA & network control maintenance,submitted,19,meaningful,True,scada_network_control_maintenance,SCADA & network control maintenance,scada_network_control,SCADA & network control maintenance,mapped,mapped,count,1.0,inferred_from_measure,118.0,numeric,118.0,numeric,31.1,numeric,0.5,numeric,,recognized_special
2019-20,Protection systems maintenance,Protection systems maintenance,NUMBER OF PROTECTION SYSTEMS,,1485.0,1485.0,14.0,0.25,4,ElectraNet 2019-20 - Category Analysis - RIN Response - Consolidated - 30 October 2020 - PUBLIC (#11672792).xlsx,2.8 Maintenance,20,ElectraNet,https://www.aer.gov.au/documents/electranet-2019-20-category-analysis-rin-templates,https://www.aer.gov.au/authors/electranet?page=1,validated_manifest_match,Protection systems maintenance,submitted,20,meaningful,True,protection_systems_maintenance,Protection systems maintenance,protection_systems,Protection systems maintenance,mapped,mapped,count,1.0,inferred_from_measure,1485.0,numeric,1485.0,numeric,14.0,numeric,0.25,numeric,4.0,numeric
2019-20,Other maintenance activity ,RIGHT OF WAY ROW MAINTENANCE,LENGTH (ROUTE KM),,4531.0,4531.0,46.6,0.5,3,ElectraNet 2019-20 - Category Analysis - RIN Response - Consolidated - 30 October 2020 - PUBLIC (#11672792).xlsx,2.8 Maintenance,21,ElectraNet,https://www.aer.gov.au/documents/electranet-2019-20-category-analysis-rin-templates,https://www.aer.gov.au/authors/electranet?page=1,validated_manifest_match,Other maintenance activity ,submitted,21,meaningful,True,other_maintenance_activity,Other maintenance activity,right_of_way_maintenance,Right of way (ROW) maintenance,mapped,mapped,km,1.0,inferred_from_measure,4531.0,numeric,4531.0,numeric,46.6,numeric,0.5,numeric,3.0,numeric
2020-21,Transmission lines maintenance,Transmission towers,Number of towers,0's,13193.0,13193.0,48.6,0.5,Nil. Cond mon.&corr mtce,ElectraNet 2020-21 - Category Analysis - RIN Response - Consolidated - 29 October 2021 - PUBLIC(13029806.1).xlsx,2.8 Maintenance,12,ElectraNet,https://www.aer.gov.au/documents/electranet-2020-21-category-analysis-rin-templates,https://www.aer.gov.au/authors/electranet?page=6,validated_manifest_match,Transmission lines maintenance,submitted,12,meaningful,True,transmission_lines_maintenance,Transmission lines maintenance,transmission_towers,Transmission towers,mapped,mapped,count,1.0,standardized_source_unit,13193.0,numeric,13193.0,numeric,48.6,numeric,0.5,numeric,,recognized_special
2020-21,Transmission lines maintenance,Transmission tower support structures,Number of towers,0's,58944.0,58944.0,46.9,0.5,Nil. Cond mon.&corr mtce,ElectraNet 2020-21 - Category Analysis - RIN Response - Consolidated - 29 October 2021 - PUBLIC(13029806.1).xlsx,2.8 Maintenance,13,ElectraNet,https://www.aer.gov.au/documents/electranet-2020-21-category-analysis-rin-templates,https://www.aer.gov.au/authors/electranet?page=6,validated_manifest_match,Transmission lines maintenance,submitted,13,meaningful,True,transmission_lines_maintenance,Transmission lines maintenance,transmission_tower_support_structures,Transmission tower support structures,mapped,mapped,count,1.0,standardized_source_unit,58944.0,numeric,58944.0,numeric,46.9,numeric,0.5,numeric,,recognized_special
2020-21,Transmission lines maintenance,Conductors,Route length,km,5488.7,5488.7,47.46,0.5,Nil. Cond mon.&corr mtce,ElectraNet 2020-21 - Category Analysis - RIN Response - Consolidated - 29 October 2021 - PUBLIC(13029806.1).xlsx,2.8 Maintenance,14,ElectraNet,https://www.aer.gov.au/documents/electranet-2020-21-category-analysis-rin-templates,https://www.aer.gov.au/authors/electranet?page=6,validated_manifest_match,Transmission lines maintenance,submitted,14,meaningful,True,transmission_lines_maintenance,Transmission lines maintenance,conductors,Conductors,mapped,mapped,km,1.0,standardized_source_unit,5488.7,numeric,5488.7,numeric,47.46,numeric,0.5,numeric,,recognized_special
2020-21,Transmission lines maintenance,Transmission cables,Route length,km,27.0,27.0,19.0,0.02,Nil. Cond mon.&corr mtce,ElectraNet 2020-21 - Category Analysis - RIN Response - Consolidated - 29 October 2021 - PUBLIC(13029806.1).xlsx,2.8 Maintenance,15,ElectraNet,https://www.aer.gov.au/documents/electranet-2020-21-category-analysis-rin-templates,https://www.aer.gov.au/authors/electranet?page=6,validated_manifest_match,Transmission lines maintenance,submitted,15,meaningful,True,transmission_lines_maintenance,Transmission lines maintenance,transmission_cables,Transmission cables,mapped,mapped,km,1.0,standardized_source_unit,27.0,numeric,27.0,numeric,19.0,numeric,0.02,numeric,,recognized_special
2020-21,Substations equipment & property maintenance,Substation switchbays (incl. Reactive plant),Number of switchbays,0's,1708.0,1708.0,26.8,0.25,6,ElectraNet 2020-21 - Category Analysis - RIN Response - Consolidated - 29 October 2021 - PUBLIC(13029806.1).xlsx,2.8 Maintenance,16,ElectraNet,https://www.aer.gov.au/documents/electranet-2020-21-category-analysis-rin-templates,https://www.aer.gov.au/authors/electranet?page=6,validated_manifest_match,Substations equipment & property maintenance,submitted,16,meaningful,True,substations_equipment_property_maintenance,Substations equipment & property maintenance,substation_switchbays,Substation switchbays (incl. Reactive plant),mapped,mapped,count,1.0,standardized_source_unit,1708.0,numeric,1708.0,numeric,26.8,numeric,0.25,numeric,6.0,numeric
2020-21,Substations equipment & property maintenance,Substation power transformers,Number of transformers,0's,146.0,146.0,27.0,0.25,6,ElectraNet 2020-21 - Category Analysis - RIN Response - Consolidated - 29 October 2021 - PUBLIC(13029806.1).xlsx,2.8 Maintenance,17,ElectraNet,https://www.aer.gov.au/documents/electranet-2020-21-category-analysis-rin-templates,https://www.aer.gov.au/authors/electranet?page=6,validated_manifest_match,Substations equipment & property maintenance,submitted,17,meaningful,True,substations_equipment_property_maintenance,Substations equipment & property maintenance,substation_power_transformers,Substation power transformers,mapped,mapped,count,1.0,standardized_source_unit,146.0,numeric,146.0,numeric,27.0,numeric,0.25,numeric,6.0,numeric
2020-21,Substations equipment & property maintenance,Substation property,Number of substation properties maintained,0's,78.0,78.0,42.2,0.25,0.5,ElectraNet 2020-21 - Category Analysis - RIN Response - Consolidated - 29 October 2021 - PUBLIC(13029806.1).xlsx,2.8 Maintenance,18,ElectraNet,https://www.aer.gov.au/documents/electranet-2020-21-category-analysis-rin-templates,https://www.aer.gov.au/authors/electranet?page=6,validated_manifest_match,Substations equipment & property maintenance,submitted,18,meaningful,True,substations_equipment_property_maintenance,Substations equipment & property maintenance,substation_property,Substation property,mapped,mapped,count,1.0,standardized_source_unit,78.0,numeric,78.0,numeric,42.2,numeric,0.25,numeric,0.5,numeric
2020-21,SCADA & network control maintenance,SCADA & network control maintenance,NUMBER OF COMMS SITES,,118.0,118.0,32.1,0.5,Nil. Cond mon.&corr mtce,ElectraNet 2020-21 - Category Analysis - RIN Response - Consolidated - 29 October 2021 - PUBLIC(13029806.1).xlsx,2.8 Maintenance,19,ElectraNet,https://www.aer.gov.au/documents/electranet-2020-21-category-analysis-rin-templates,https://www.aer.gov.au/authors/electranet?page=6,validated_manifest_match,SCADA & network control maintenance,submitted,19,meaningful,True,scada_network_control_maintenance,SCADA & network control maintenance,scada_network_control,SCADA & network control maintenance,mapped,mapped,count,1.0,inferred_from_measure,118.0,numeric,118.0,numeric,32.1,numeric,0.5,numeric,,recognized_special
2020-21,Protection systems maintenance,Protection systems maintenance,NUMBER OF PROTECTION SYSTEMS,,1521.0,1521.0,14.3,0.25,4,ElectraNet 2020-21 - Category Analysis - RIN Response - Consolidated - 29 October 2021 - PUBLIC(13029806.1).xlsx,2.8 Maintenance,20,ElectraNet,https://www.aer.gov.au/documents/electranet-2020-21-category-analysis-rin-templates,https://www.aer.gov.au/authors/electranet?page=6,validated_manifest_match,Protection systems maintenance,submitted,20,meaningful,True,protection_systems_maintenance,Protection systems maintenance,protection_systems,Protection systems maintenance,mapped,mapped,count,1.0,inferred_from_measure,1521.0,numeric,1521.0,numeric,14.3,numeric,0.25,numeric,4.0,numeric
2020-21,Other maintenance activity ,RIGHT OF WAY (ROW) MAINTENANCE,LENGTH (ROUTE KM),,4527.0,4527.0,49.8,0.5,3,ElectraNet 2020-21 - Category Analysis - RIN Response - Consolidated - 29 October 2021 - PUBLIC(13029806.1).xlsx,2.8 Maintenance,21,ElectraNet,https://www.aer.gov.au/documents/electranet-2020-21-category-analysis-rin-templates,https://www.aer.gov.au/authors/electranet?page=6,validated_manifest_match,Other maintenance activity ,submitted,21,meaningful,True,other_maintenance_activity,Other maintenance activity,right_of_way_maintenance,Right of way (ROW) maintenance,mapped,mapped,km,1.0,inferred_from_measure,4527.0,numeric,4527.0,numeric,49.8,numeric,0.5,numeric,3.0,numeric
2021-22,Transmission lines maintenance,Transmission towers,Number of towers,0's,13189.0,13189.0,49.3,0.5,Nil. Cond mon.&corr mtce,ElectraNet 2021-22 - Category Analysis - RIN response - 28 October 2022 - PUBLIC(14582813.1).xlsx,2.8 Maintenance,12,ElectraNet,https://www.aer.gov.au/documents/electranet-2021-22-category-analysis-rin-templates,https://www.aer.gov.au/authors/electranet?page=21,validated_manifest_match,Transmission lines maintenance,submitted,12,meaningful,True,transmission_lines_maintenance,Transmission lines maintenance,transmission_towers,Transmission towers,mapped,mapped,count,1.0,standardized_source_unit,13189.0,numeric,13189.0,numeric,49.3,numeric,0.5,numeric,,recognized_special
2021-22,Transmission lines maintenance,Transmission tower support structures,Number of towers,0's,59311.0,59311.0,47.6,0.5,Nil. Cond mon.&corr mtce,ElectraNet 2021-22 - Category Analysis - RIN response - 28 October 2022 - PUBLIC(14582813.1).xlsx,2.8 Maintenance,13,ElectraNet,https://www.aer.gov.au/documents/electranet-2021-22-category-analysis-rin-templates,https://www.aer.gov.au/authors/electranet?page=21,validated_manifest_match,Transmission lines maintenance,submitted,13,meaningful,True,transmission_lines_maintenance,Transmission lines maintenance,transmission_tower_support_structures,Transmission tower support structures,mapped,mapped,count,1.0,standardized_source_unit,59311.0,numeric,59311.0,numeric,47.6,numeric,0.5,numeric,,recognized_special
2021-22,Transmission lines maintenance,Conductors,Route length,km,5491.0,5491.0,48.1,0.5,Nil. Cond mon.&corr mtce,ElectraNet 2021-22 - Category Analysis - RIN response - 28 October 2022 - PUBLIC(14582813.1).xlsx,2.8 Maintenance,14,ElectraNet,https://www.aer.gov.au/documents/electranet-2021-22-category-analysis-rin-templates,https://www.aer.gov.au/authors/electranet?page=21,validated_manifest_match,Transmission lines maintenance,submitted,14,meaningful,True,transmission_lines_maintenance,Transmission lines maintenance,conductors,Conductors,mapped,mapped,km,1.0,standardized_source_unit,5491.0,numeric,5491.0,numeric,48.1,numeric,0.5,numeric,,recognized_special
2021-22,Transmission lines maintenance,Transmission cables,Route length,km,27.0,27.0,20.0,0.02,Nil. Cond mon.&corr mtce,ElectraNet 2021-22 - Category Analysis - RIN response - 28 October 2022 - PUBLIC(14582813.1).xlsx,2.8 Maintenance,15,ElectraNet,https://www.aer.gov.au/documents/electranet-2021-22-category-analysis-rin-templates,https://www.aer.gov.au/authors/electranet?page=21,validated_manifest_match,Transmission lines maintenance,submitted,15,meaningful,True,transmission_lines_maintenance,Transmission lines maintenance,transmission_cables,Transmission cables,mapped,mapped,km,1.0,standardized_source_unit,27.0,numeric,27.0,numeric,20.0,numeric,0.02,numeric,,recognized_special
2021-22,Substations equipment & property maintenance,Substation switchbays (incl. Reactive plant),Number of switchbays,0's,1738.0,1738.0,27.3,0.25,6,ElectraNet 2021-22 - Category Analysis - RIN response - 28 October 2022 - PUBLIC(14582813.1).xlsx,2.8 Maintenance,16,ElectraNet,https://www.aer.gov.au/documents/electranet-2021-22-category-analysis-rin-templates,https://www.aer.gov.au/authors/electranet?page=21,validated_manifest_match,Substations equipment & property maintenance,submitted,16,meaningful,True,substations_equipment_property_maintenance,Substations equipment & property maintenance,substation_switchbays,Substation switchbays (incl. Reactive plant),mapped,mapped,count,1.0,standardized_source_unit,1738.0,numeric,1738.0,numeric,27.3,numeric,0.25,numeric,6.0,numeric
2021-22,Substations equipment & property maintenance,Substation power transformers,Number of transformers,0's,146.0,146.0,28.0,0.25,6,ElectraNet 2021-22 - Category Analysis - RIN response - 28 October 2022 - PUBLIC(14582813.1).xlsx,2.8 Maintenance,17,ElectraNet,https://www.aer.gov.au/documents/electranet-2021-22-category-analysis-rin-templates,https://www.aer.gov.au/authors/electranet?page=21,validated_manifest_match,Substations equipment & property maintenance,submitted,17,meaningful,True,substations_equipment_property_maintenance,Substations equipment & property maintenance,substation_power_transformers,Substation power transformers,mapped,mapped,count,1.0,standardized_source_unit,146.0,numeric,146.0,numeric,28.0,numeric,0.25,numeric,6.0,numeric
2021-22,Substations equipment & property maintenance,Substation property,Number of substation properties maintained,0's,77.0,77.0,42.9,0.25,0.5,ElectraNet 2021-22 - Category Analysis - RIN response - 28 October 2022 - PUBLIC(14582813.1).xlsx,2.8 Maintenance,18,ElectraNet,https://www.aer.gov.au/documents/electranet-2021-22-category-analysis-rin-templates,https://www.aer.gov.au/authors/electranet?page=21,validated_manifest_match,Substations equipment & property maintenance,submitted,18,meaningful,True,substations_equipment_property_maintenance,Substations equipment & property maintenance,substation_property,Substation property,mapped,mapped,count,1.0,standardized_source_unit,77.0,numeric,77.0,numeric,42.9,numeric,0.25,numeric,0.5,numeric
2021-22,SCADA & network control maintenance,SCADA & network control maintenance,NUMBER OF COMMS SITES,,118.0,118.0,33.1,0.5,Nil. Cond mon.&corr mtce,ElectraNet 2021-22 - Category Analysis - RIN response - 28 October 2022 - PUBLIC(14582813.1).xlsx,2.8 Maintenance,19,ElectraNet,https://www.aer.gov.au/documents/electranet-2021-22-category-analysis-rin-templates,https://www.aer.gov.au/authors/electranet?page=21,validated_manifest_match,SCADA & network control maintenance,submitted,19,meaningful,True,scada_network_control_maintenance,SCADA & network control maintenance,scada_network_control,SCADA & network control maintenance,mapped,mapped,count,1.0,inferred_from_measure,118.0,numeric,118.0,numeric,33.1,numeric,0.5,numeric,,recognized_special
2021-22,Protection systems maintenance,Protection systems maintenance,NUMBER OF PROTECTION SYSTEMS,,1545.0,1545.0,14.7,0.25,4,ElectraNet 2021-22 - Category Analysis - RIN response - 28 October 2022 - PUBLIC(14582813.1).xlsx,2.8 Maintenance,20,ElectraNet,https://www.aer.gov.au/documents/electranet-2021-22-category-analysis-rin-templates,https://www.aer.gov.au/authors/electranet?page=21,validated_manifest_match,Protection systems maintenance,submitted,20,meaningful,True,protection_systems_maintenance,Protection systems maintenance,protection_systems,Protection systems maintenance,mapped,mapped,count,1.0,inferred_from_measure,1545.0,numeric,1545.0,numeric,14.7,numeric,0.25,numeric,4.0,numeric
2021-22,Other maintenance activity ,Right of Way (Row) Maintenance,LENGTH (ROUTE KM),,4509.8,4509.8,50.6,0.5,3,ElectraNet 2021-22 - Category Analysis - RIN response - 28 October 2022 - PUBLIC(14582813.1).xlsx,2.8 Maintenance,21,ElectraNet,https://www.aer.gov.au/documents/electranet-2021-22-category-analysis-rin-templates,https://www.aer.gov.au/authors/electranet?page=21,validated_manifest_match,Other maintenance activity ,submitted,21,meaningful,True,other_maintenance_activity,Other maintenance activity,right_of_way_maintenance,Right of way (ROW) maintenance,mapped,mapped,km,1.0,inferred_from_measure,4509.8,numeric,4509.8,numeric,50.6,numeric,0.5,numeric,3.0,numeric
2022-23,Transmission lines maintenance,Transmission towers,Number of towers,0's,13699.0,13699.0,48.7,0.5,Nil. Cond mon.&corr mtce,ElectraNet 2022-23 - Category analysis - RIN responses - Consolidated - 27 October 2023 - PUBLIC(15999621.1).xlsx,2.8 Maintenance,12,ElectraNet,https://www.aer.gov.au/documents/electranet-2022-23-category-analysis-rin-templates,https://www.aer.gov.au/authors/electranet?page=8,validated_manifest_match,Transmission lines maintenance,submitted,12,meaningful,True,transmission_lines_maintenance,Transmission lines maintenance,transmission_towers,Transmission towers,mapped,mapped,count,1.0,standardized_source_unit,13699.0,numeric,13699.0,numeric,48.7,numeric,0.5,numeric,,recognized_special
2022-23,Transmission lines maintenance,Transmission tower support structures,Number of towers,0's,61006.0,61006.0,45.38,0.5,Nil. Cond mon.&corr mtce,ElectraNet 2022-23 - Category analysis - RIN responses - Consolidated - 27 October 2023 - PUBLIC(15999621.1).xlsx,2.8 Maintenance,13,ElectraNet,https://www.aer.gov.au/documents/electranet-2022-23-category-analysis-rin-templates,https://www.aer.gov.au/authors/electranet?page=8,validated_manifest_match,Transmission lines maintenance,submitted,13,meaningful,True,transmission_lines_maintenance,Transmission lines maintenance,transmission_tower_support_structures,Transmission tower support structures,mapped,mapped,count,1.0,standardized_source_unit,61006.0,numeric,61006.0,numeric,45.38,numeric,0.5,numeric,,recognized_special
2022-23,Transmission lines maintenance,Conductors,Route length,km,6014.67,6014.67,46.36,0.5,Nil. Cond mon.&corr mtce,ElectraNet 2022-23 - Category analysis - RIN responses - Consolidated - 27 October 2023 - PUBLIC(15999621.1).xlsx,2.8 Maintenance,14,ElectraNet,https://www.aer.gov.au/documents/electranet-2022-23-category-analysis-rin-templates,https://www.aer.gov.au/authors/electranet?page=8,validated_manifest_match,Transmission lines maintenance,submitted,14,meaningful,True,transmission_lines_maintenance,Transmission lines maintenance,conductors,Conductors,mapped,mapped,km,1.0,standardized_source_unit,6014.67,numeric,6014.67,numeric,46.36,numeric,0.5,numeric,,recognized_special
2022-23,Transmission lines maintenance,Transmission cables,Route length,km,27.0,27.0,21.0,0.02,Nil. Cond mon.&corr mtce,ElectraNet 2022-23 - Category analysis - RIN responses - Consolidated - 27 October 2023 - PUBLIC(15999621.1).xlsx,2.8 Maintenance,15,ElectraNet,https://www.aer.gov.au/documents/electranet-2022-23-category-analysis-rin-templates,https://www.aer.gov.au/authors/electranet?page=8,validated_manifest_match,Transmission lines maintenance,submitted,15,meaningful,True,transmission_lines_maintenance,Transmission lines maintenance,transmission_cables,Transmission cables,mapped,mapped,km,1.0,standardized_source_unit,27.0,numeric,27.0,numeric,21.0,numeric,0.02,numeric,,recognized_special
2022-23,Substations equipment & property maintenance,Substation switchbays (incl. Reactive plant),Number of switchbays,0's,1761.0,1761.0,28.3,0.25,6,ElectraNet 2022-23 - Category analysis - RIN responses - Consolidated - 27 October 2023 - PUBLIC(15999621.1).xlsx,2.8 Maintenance,16,ElectraNet,https://www.aer.gov.au/documents/electranet-2022-23-category-analysis-rin-templates,https://www.aer.gov.au/authors/electranet?page=8,validated_manifest_match,Substations equipment & property maintenance,submitted,16,meaningful,True,substations_equipment_property_maintenance,Substations equipment & property maintenance,substation_switchbays,Substation switchbays (incl. Reactive plant),mapped,mapped,count,1.0,standardized_source_unit,1761.0,numeric,1761.0,numeric,28.3,numeric,0.25,numeric,6.0,numeric
2022-23,Substations equipment & property maintenance,Substation power transformers,Number of transformers,0's,147.0,147.0,28.9,0.25,6,ElectraNet 2022-23 - Category analysis - RIN responses - Consolidated - 27 October 2023 - PUBLIC(15999621.1).xlsx,2.8 Maintenance,17,ElectraNet,https://www.aer.gov.au/documents/electranet-2022-23-category-analysis-rin-templates,https://www.aer.gov.au/authors/electranet?page=8,validated_manifest_match,Substations equipment & property maintenance,submitted,17,meaningful,True,substations_equipment_property_maintenance,Substations equipment & property maintenance,substation_power_transformers,Substation power transformers,mapped,mapped,count,1.0,standardized_source_unit,147.0,numeric,147.0,numeric,28.9,numeric,0.25,numeric,6.0,numeric
2022-23,Substations equipment & property maintenance,Substation property,Number of substation properties maintained,0's,77.0,77.0,44.0,0.25,0.5,ElectraNet 2022-23 - Category analysis - RIN responses - Consolidated - 27 October 2023 - PUBLIC(15999621.1).xlsx,2.8 Maintenance,18,ElectraNet,https://www.aer.gov.au/documents/electranet-2022-23-category-analysis-rin-templates,https://www.aer.gov.au/authors/electranet?page=8,validated_manifest_match,Substations equipment & property maintenance,submitted,18,meaningful,True,substations_equipment_property_maintenance,Substations equipment & property maintenance,substation_property,Substation property,mapped,mapped,count,1.0,standardized_source_unit,77.0,numeric,77.0,numeric,44.0,numeric,0.25,numeric,0.5,numeric
2022-23,SCADA & network control maintenance,SCADA & network control maintenance,NUMBER OF COMMS SITES,,122.0,122.0,33.1,0.5,Nil. Cond mon.&corr mtce,ElectraNet 2022-23 - Category analysis - RIN responses - Consolidated - 27 October 2023 - PUBLIC(15999621.1).xlsx,2.8 Maintenance,19,ElectraNet,https://www.aer.gov.au/documents/electranet-2022-23-category-analysis-rin-templates,https://www.aer.gov.au/authors/electranet?page=8,validated_manifest_match,SCADA & network control maintenance,submitted,19,meaningful,True,scada_network_control_maintenance,SCADA & network control maintenance,scada_network_control,SCADA & network control maintenance,mapped,mapped,count,1.0,inferred_from_measure,122.0,numeric,122.0,numeric,33.1,numeric,0.5,numeric,,recognized_special
2022-23,Protection systems maintenance,Protection systems maintenance,NUMBER OF PROTECTION SYSTEMS,,1624.0,1624.0,14.3,0.25,4,ElectraNet 2022-23 - Category analysis - RIN responses - Consolidated - 27 October 2023 - PUBLIC(15999621.1).xlsx,2.8 Maintenance,20,ElectraNet,https://www.aer.gov.au/documents/electranet-2022-23-category-analysis-rin-templates,https://www.aer.gov.au/authors/electranet?page=8,validated_manifest_match,Protection systems maintenance,submitted,20,meaningful,True,protection_systems_maintenance,Protection systems maintenance,protection_systems,Protection systems maintenance,mapped,mapped,count,1.0,inferred_from_measure,1624.0,numeric,1624.0,numeric,14.3,numeric,0.25,numeric,4.0,numeric
2022-23,Other maintenance activity ,Right of Way (Row) Maintenance,LENGTH (ROUTE KM),,4773.2,4773.2,49.8,0.5,3,ElectraNet 2022-23 - Category analysis - RIN responses - Consolidated - 27 October 2023 - PUBLIC(15999621.1).xlsx,2.8 Maintenance,21,ElectraNet,https://www.aer.gov.au/documents/electranet-2022-23-category-analysis-rin-templates,https://www.aer.gov.au/authors/electranet?page=8,validated_manifest_match,Other maintenance activity ,submitted,21,meaningful,True,other_maintenance_activity,Other maintenance activity,right_of_way_maintenance,Right of way (ROW) maintenance,mapped,mapped,km,1.0,inferred_from_measure,4773.2,numeric,4773.2,numeric,49.8,numeric,0.5,numeric,3.0,numeric
2023-24,Transmission lines maintenance,Transmission towers,Number of towers,number,13578.0,13578.0,47.9,0.5,,ElectraNet 2023-24 - Category Analysis - RIN response - Consolidated - 31 October 2024 - PUBLIC(17494700.2).xlsx,2.8 Maintenance,13,ElectraNet,https://www.aer.gov.au/documents/electranet-2023-24-category-analysis-rin-templates,https://www.aer.gov.au/authors/electranet?page=23,validated_manifest_match,Transmission lines maintenance,submitted,13,meaningful,True,transmission_lines_maintenance,Transmission lines maintenance,transmission_towers,Transmission towers,mapped,mapped,count,1.0,standardized_source_unit,13578.0,numeric,13578.0,numeric,47.9,numeric,0.5,numeric,,blank
2023-24,Transmission lines maintenance,Transmission tower support structures,Number of towers,number,63115.0,63115.0,43.96,0.5,,ElectraNet 2023-24 - Category Analysis - RIN response - Consolidated - 31 October 2024 - PUBLIC(17494700.2).xlsx,2.8 Maintenance,14,ElectraNet,https://www.aer.gov.au/documents/electranet-2023-24-category-analysis-rin-templates,https://www.aer.gov.au/authors/electranet?page=23,validated_manifest_match,Transmission lines maintenance,submitted,14,meaningful,True,transmission_lines_maintenance,Transmission lines maintenance,transmission_tower_support_structures,Transmission tower support structures,mapped,mapped,count,1.0,standardized_source_unit,63115.0,numeric,63115.0,numeric,43.96,numeric,0.5,numeric,,blank
2023-24,Transmission lines maintenance,Conductors,Route length,km,6211.59,6211.59,44.95,0.5,,ElectraNet 2023-24 - Category Analysis - RIN response - Consolidated - 31 October 2024 - PUBLIC(17494700.2).xlsx,2.8 Maintenance,15,ElectraNet,https://www.aer.gov.au/documents/electranet-2023-24-category-analysis-rin-templates,https://www.aer.gov.au/authors/electranet?page=23,validated_manifest_match,Transmission lines maintenance,submitted,15,meaningful,True,transmission_lines_maintenance,Transmission lines maintenance,conductors,Conductors,mapped,mapped,km,1.0,standardized_source_unit,6211.59,numeric,6211.59,numeric,44.95,numeric,0.5,numeric,,blank
2023-24,Transmission lines maintenance,Transmission cables,Route length,km,27.0,27.0,22.0,0.02,,ElectraNet 2023-24 - Category Analysis - RIN response - Consolidated - 31 October 2024 - PUBLIC(17494700.2).xlsx,2.8 Maintenance,16,ElectraNet,https://www.aer.gov.au/documents/electranet-2023-24-category-analysis-rin-templates,https://www.aer.gov.au/authors/electranet?page=23,validated_manifest_match,Transmission lines maintenance,submitted,16,meaningful,True,transmission_lines_maintenance,Transmission lines maintenance,transmission_cables,Transmission cables,mapped,mapped,km,1.0,standardized_source_unit,27.0,numeric,27.0,numeric,22.0,numeric,0.02,numeric,,blank
2023-24,Substations equipment & property maintenance,Substation switchbays (incl. Reactive plant),Number of switchbays,number,1835.0,1835.0,28.8,0.25,6.0,ElectraNet 2023-24 - Category Analysis - RIN response - Consolidated - 31 October 2024 - PUBLIC(17494700.2).xlsx,2.8 Maintenance,17,ElectraNet,https://www.aer.gov.au/documents/electranet-2023-24-category-analysis-rin-templates,https://www.aer.gov.au/authors/electranet?page=23,validated_manifest_match,Substations equipment & property maintenance,submitted,17,meaningful,True,substations_equipment_property_maintenance,Substations equipment & property maintenance,substation_switchbays,Substation switchbays (incl. Reactive plant),mapped,mapped,count,1.0,standardized_source_unit,1835.0,numeric,1835.0,numeric,28.8,numeric,0.25,numeric,6.0,numeric
2023-24,Substations equipment & property maintenance,Substation power transformers,Number of transformers,number,152.0,152.0,28.0,0.25,6.0,ElectraNet 2023-24 - Category Analysis - RIN response - Consolidated - 31 October 2024 - PUBLIC(17494700.2).xlsx,2.8 Maintenance,18,ElectraNet,https://www.aer.gov.au/documents/electranet-2023-24-category-analysis-rin-templates,https://www.aer.gov.au/authors/electranet?page=23,validated_manifest_match,Substations equipment & property maintenance,submitted,18,meaningful,True,substations_equipment_property_maintenance,Substations equipment & property maintenance,substation_power_transformers,Substation power transformers,mapped,mapped,count,1.0,standardized_source_unit,152.0,numeric,152.0,numeric,28.0,numeric,0.25,numeric,6.0,numeric
2023-24,Substations equipment & property maintenance,Substation property,Number of substation properties maintained,number,78.0,78.0,44.4,0.25,0.5,ElectraNet 2023-24 - Category Analysis - RIN response - Consolidated - 31 October 2024 - PUBLIC(17494700.2).xlsx,2.8 Maintenance,19,ElectraNet,https://www.aer.gov.au/documents/electranet-2023-24-category-analysis-rin-templates,https://www.aer.gov.au/authors/electranet?page=23,validated_manifest_match,Substations equipment & property maintenance,submitted,19,meaningful,True,substations_equipment_property_maintenance,Substations equipment & property maintenance,substation_property,Substation property,mapped,mapped,count,1.0,standardized_source_unit,78.0,numeric,78.0,numeric,44.4,numeric,0.25,numeric,0.5,numeric
2023-24,SCADA & network control maintenance,SCADA & network control maintenance,NUMBER OF COMMS SITES,,126.0,126.0,33.0,0.5,,ElectraNet 2023-24 - Category Analysis - RIN response - Consolidated - 31 October 2024 - PUBLIC(17494700.2).xlsx,2.8 Maintenance,20,ElectraNet,https://www.aer.gov.au/documents/electranet-2023-24-category-analysis-rin-templates,https://www.aer.gov.au/authors/electranet?page=23,validated_manifest_match,SCADA & network control maintenance,submitted,20,meaningful,True,scada_network_control_maintenance,SCADA & network control maintenance,scada_network_control,SCADA & network control maintenance,mapped,mapped,count,1.0,inferred_from_measure,126.0,numeric,126.0,numeric,33.0,numeric,0.5,numeric,,blank
2023-24,Protection systems maintenance,Protection systems maintenance,NUMBER OF PROTECTION SYSTEMS,,1678.0,1678.0,15.0,0.25,4.0,ElectraNet 2023-24 - Category Analysis - RIN response - Consolidated - 31 October 2024 - PUBLIC(17494700.2).xlsx,2.8 Maintenance,21,ElectraNet,https://www.aer.gov.au/documents/electranet-2023-24-category-analysis-rin-templates,https://www.aer.gov.au/authors/electranet?page=23,validated_manifest_match,Protection systems maintenance,submitted,21,meaningful,True,protection_systems_maintenance,Protection systems maintenance,protection_systems,Protection systems maintenance,mapped,mapped,count,1.0,inferred_from_measure,1678.0,numeric,1678.0,numeric,15.0,numeric,0.25,numeric,4.0,numeric
2023-24,Other maintenance activity ,ROW MAINTENANCE,LENGTH (ROUTE KM),,4765.72,4765.72,51.4,0.5,3.0,ElectraNet 2023-24 - Category Analysis - RIN response - Consolidated - 31 October 2024 - PUBLIC(17494700.2).xlsx,2.8 Maintenance,22,ElectraNet,https://www.aer.gov.au/documents/electranet-2023-24-category-analysis-rin-templates,https://www.aer.gov.au/authors/electranet?page=23,validated_manifest_match,Other maintenance activity ,submitted,22,meaningful,True,other_maintenance_activity,Other maintenance activity,right_of_way_maintenance,Right of way (ROW) maintenance,mapped,mapped,km,1.0,inferred_from_measure,4765.72,numeric,4765.72,numeric,51.4,numeric,0.5,numeric,3.0,numeric
2019-20,Transmission lines maintenance,Transmission towers,Number of towers,0's,23537.0,23537.0,31.18,1.0,0,Powerlink 2019-20 - Category Analysis - RIN Response - Consolidated - 23 October 2020 - PUBLIC (11647526.2).xlsx,2.8 Maintenance,12,Powerlink,https://www.aer.gov.au/documents/powerlink-2019-20-category-analysis-rin-templates,https://www.aer.gov.au/search?search=Powerlink+2019%E2%80%9320,validated_manifest_match,Transmission lines maintenance,submitted,12,meaningful,True,transmission_lines_maintenance,Transmission lines maintenance,transmission_towers,Transmission towers,mapped,mapped,count,1.0,standardized_source_unit,23537.0,numeric,23537.0,numeric,31.18,numeric,1.0,numeric,0.0,numeric
2019-20,Transmission lines maintenance,Transmission tower support structures,Number of towers,0's,23537.0,23537.0,31.18,1.0,0,Powerlink 2019-20 - Category Analysis - RIN Response - Consolidated - 23 October 2020 - PUBLIC (11647526.2).xlsx,2.8 Maintenance,13,Powerlink,https://www.aer.gov.au/documents/powerlink-2019-20-category-analysis-rin-templates,https://www.aer.gov.au/search?search=Powerlink+2019%E2%80%9320,validated_manifest_match,Transmission lines maintenance,submitted,13,meaningful,True,transmission_lines_maintenance,Transmission lines maintenance,transmission_tower_support_structures,Transmission tower support structures,mapped,mapped,count,1.0,standardized_source_unit,23537.0,numeric,23537.0,numeric,31.18,numeric,1.0,numeric,0.0,numeric
2019-20,Transmission lines maintenance,Conductors,Route length,km,9627.0,9627.0,29.06,1.0,0,Powerlink 2019-20 - Category Analysis - RIN Response - Consolidated - 23 October 2020 - PUBLIC (11647526.2).xlsx,2.8 Maintenance,14,Powerlink,https://www.aer.gov.au/documents/powerlink-2019-20-category-analysis-rin-templates,https://www.aer.gov.au/search?search=Powerlink+2019%E2%80%9320,validated_manifest_match,Transmission lines maintenance,submitted,14,meaningful,True,transmission_lines_maintenance,Transmission lines maintenance,conductors,Conductors,mapped,mapped,km,1.0,standardized_source_unit,9627.0,numeric,9627.0,numeric,29.06,numeric,1.0,numeric,0.0,numeric
2019-20,Transmission lines maintenance,Transmission cables,Route length,km,20.24,20.24,22.07,0.5,0,Powerlink 2019-20 - Category Analysis - RIN Response - Consolidated - 23 October 2020 - PUBLIC (11647526.2).xlsx,2.8 Maintenance,15,Powerlink,https://www.aer.gov.au/documents/powerlink-2019-20-category-analysis-rin-templates,https://www.aer.gov.au/search?search=Powerlink+2019%E2%80%9320,validated_manifest_match,Transmission lines maintenance,submitted,15,meaningful,True,transmission_lines_maintenance,Transmission lines maintenance,transmission_cables,Transmission cables,mapped,mapped,km,1.0,standardized_source_unit,20.24,numeric,20.24,numeric,22.07,numeric,0.5,numeric,0.0,numeric
2019-20,Substations equipment & property maintenance,Substation switchbays (incl. Reactive plant),Number of switchbays,0's,1485.0,1485.0,17.88,0.5,6,Powerlink 2019-20 - Category Analysis - RIN Response - Consolidated - 23 October 2020 - PUBLIC (11647526.2).xlsx,2.8 Maintenance,16,Powerlink,https://www.aer.gov.au/documents/powerlink-2019-20-category-analysis-rin-templates,https://www.aer.gov.au/search?search=Powerlink+2019%E2%80%9320,validated_manifest_match,Substations equipment & property maintenance,submitted,16,meaningful,True,substations_equipment_property_maintenance,Substations equipment & property maintenance,substation_switchbays,Substation switchbays (incl. Reactive plant),mapped,mapped,count,1.0,standardized_source_unit,1485.0,numeric,1485.0,numeric,17.88,numeric,0.5,numeric,6.0,numeric
2019-20,Substations equipment & property maintenance,Substation power transformers,Number of transformers,0's,201.0,201.0,19.62,0.5,6,Powerlink 2019-20 - Category Analysis - RIN Response - Consolidated - 23 October 2020 - PUBLIC (11647526.2).xlsx,2.8 Maintenance,17,Powerlink,https://www.aer.gov.au/documents/powerlink-2019-20-category-analysis-rin-templates,https://www.aer.gov.au/search?search=Powerlink+2019%E2%80%9320,validated_manifest_match,Substations equipment & property maintenance,submitted,17,meaningful,True,substations_equipment_property_maintenance,Substations equipment & property maintenance,substation_power_transformers,Substation power transformers,mapped,mapped,count,1.0,standardized_source_unit,201.0,numeric,201.0,numeric,19.62,numeric,0.5,numeric,6.0,numeric
2019-20,Substations equipment & property maintenance,Substation property,Number of substation properties maintained,0's,127.0,127.0,29.04,0.5,0,Powerlink 2019-20 - Category Analysis - RIN Response - Consolidated - 23 October 2020 - PUBLIC (11647526.2).xlsx,2.8 Maintenance,18,Powerlink,https://www.aer.gov.au/documents/powerlink-2019-20-category-analysis-rin-templates,https://www.aer.gov.au/search?search=Powerlink+2019%E2%80%9320,validated_manifest_match,Substations equipment & property maintenance,submitted,18,meaningful,True,substations_equipment_property_maintenance,Substations equipment & property maintenance,substation_property,Substation property,mapped,mapped,count,1.0,standardized_source_unit,127.0,numeric,127.0,numeric,29.04,numeric,0.5,numeric,0.0,numeric
2019-20,SCADA & network control maintenance,SCADA & network control maintenance,COMMS AND SCADA EQUIPMENT,,5998.0,5998.0,11.044,1.0,0,Powerlink 2019-20 - Category Analysis - RIN Response - Consolidated - 23 October 2020 - PUBLIC (11647526.2).xlsx,2.8 Maintenance,19,Powerlink,https://www.aer.gov.au/documents/powerlink-2019-20-category-analysis-rin-templates,https://www.aer.gov.au/search?search=Powerlink+2019%E2%80%9320,validated_manifest_match,SCADA & network control maintenance,submitted,19,meaningful,True,scada_network_control_maintenance,SCADA & network control maintenance,scada_network_control,SCADA & network control maintenance,mapped,mapped,count,1.0,inferred_from_measure,5998.0,numeric,5998.0,numeric,11.044,numeric,1.0,numeric,0.0,numeric
2019-20,Protection systems maintenance,Protection systems maintenance,PROTECTION RELAYS,,5027.0,5027.0,10.477,6.0,0,Powerlink 2019-20 - Category Analysis - RIN Response - Consolidated - 23 October 2020 - PUBLIC (11647526.2).xlsx,2.8 Maintenance,20,Powerlink,https://www.aer.gov.au/documents/powerlink-2019-20-category-analysis-rin-templates,https://www.aer.gov.au/search?search=Powerlink+2019%E2%80%9320,validated_manifest_match,Protection systems maintenance,submitted,20,meaningful,True,protection_systems_maintenance,Protection systems maintenance,protection_systems,Protection systems maintenance,mapped,mapped,count,1.0,inferred_from_measure,5027.0,numeric,5027.0,numeric,10.477,numeric,6.0,numeric,0.0,numeric
2019-20,Other maintenance activity ,TRANSMISSION TOWERS SUPPORT STRUCTURES,INSULATOR STRINGS (000's),,168.0,1.433,17.67,5.861,0,Powerlink 2019-20 - Category Analysis - RIN Response - Consolidated - 23 October 2020 - PUBLIC (11647526.2).xlsx,2.8 Maintenance,21,Powerlink,https://www.aer.gov.au/documents/powerlink-2019-20-category-analysis-rin-templates,https://www.aer.gov.au/search?search=Powerlink+2019%E2%80%9320,validated_manifest_match,Other maintenance activity ,submitted,21,meaningful,True,other_maintenance_activity,Other maintenance activity,transmission_tower_support_structures,Transmission tower support structures,mapped,mapped,count,1000.0,inferred_from_measure,168000.0,numeric,1433.0,numeric,17.67,numeric,5.861,numeric,0.0,numeric
2019-20,,CORRIDOR MAINTENANCE (NON VEG),LENGTH (ROUTE KM),,9634.0,1372.0,31.18,1.0,0,Powerlink 2019-20 - Category Analysis - RIN Response - Consolidated - 23 October 2020 - PUBLIC (11647526.2).xlsx,2.8 Maintenance,22,Powerlink,https://www.aer.gov.au/documents/powerlink-2019-20-category-analysis-rin-templates,https://www.aer.gov.au/search?search=Powerlink+2019%E2%80%9320,validated_manifest_match,Other maintenance activity ,continued_group_label,21,meaningful,True,other_maintenance_activity,Other maintenance activity,corridor_maintenance_non_vegetation,Corridor maintenance (non-vegetation),mapped,mapped,km,1.0,inferred_from_measure,9634.0,numeric,1372.0,numeric,31.18,numeric,1.0,numeric,0.0,numeric
2020-21,Transmission lines maintenance,Transmission towers,Number of towers,0's,23550.0,23550.0,32.12,1.0,,Powerlink 2020-21 - Category Analysis - RIN Response - Consolidated - 20 October 2021 - PUBLIC(12941266.1).xlsx,2.8 Maintenance,12,Powerlink,https://www.aer.gov.au/documents/powerlink-2020-21-category-analysis-rin-templates,https://www.aer.gov.au/authors/powerlink?page=11,validated_manifest_match,Transmission lines maintenance,submitted,12,meaningful,True,transmission_lines_maintenance,Transmission lines maintenance,transmission_towers,Transmission towers,mapped,mapped,count,1.0,standardized_source_unit,23550.0,numeric,23550.0,numeric,32.12,numeric,1.0,numeric,,blank
2020-21,Transmission lines maintenance,Transmission tower support structures,Number of towers,0's,23550.0,23550.0,32.12,1.0,,Powerlink 2020-21 - Category Analysis - RIN Response - Consolidated - 20 October 2021 - PUBLIC(12941266.1).xlsx,2.8 Maintenance,13,Powerlink,https://www.aer.gov.au/documents/powerlink-2020-21-category-analysis-rin-templates,https://www.aer.gov.au/authors/powerlink?page=11,validated_manifest_match,Transmission lines maintenance,submitted,13,meaningful,True,transmission_lines_maintenance,Transmission lines maintenance,transmission_tower_support_structures,Transmission tower support structures,mapped,mapped,count,1.0,standardized_source_unit,23550.0,numeric,23550.0,numeric,32.12,numeric,1.0,numeric,,blank
2020-21,Transmission lines maintenance,Conductors,Route length,km,9629.0,9629.0,30.0,1.0,,Powerlink 2020-21 - Category Analysis - RIN Response - Consolidated - 20 October 2021 - PUBLIC(12941266.1).xlsx,2.8 Maintenance,14,Powerlink,https://www.aer.gov.au/documents/powerlink-2020-21-category-analysis-rin-templates,https://www.aer.gov.au/authors/powerlink?page=11,validated_manifest_match,Transmission lines maintenance,submitted,14,meaningful,True,transmission_lines_maintenance,Transmission lines maintenance,conductors,Conductors,mapped,mapped,km,1.0,standardized_source_unit,9629.0,numeric,9629.0,numeric,30.0,numeric,1.0,numeric,,blank
2020-21,Transmission lines maintenance,Transmission cables,Route length,km,20.24,20.24,23.07,1.0,,Powerlink 2020-21 - Category Analysis - RIN Response - Consolidated - 20 October 2021 - PUBLIC(12941266.1).xlsx,2.8 Maintenance,15,Powerlink,https://www.aer.gov.au/documents/powerlink-2020-21-category-analysis-rin-templates,https://www.aer.gov.au/authors/powerlink?page=11,validated_manifest_match,Transmission lines maintenance,submitted,15,meaningful,True,transmission_lines_maintenance,Transmission lines maintenance,transmission_cables,Transmission cables,mapped,mapped,km,1.0,standardized_source_unit,20.24,numeric,20.24,numeric,23.07,numeric,1.0,numeric,,blank
2020-21,Substations equipment & property maintenance,Substation switchbays (incl. Reactive plant),Number of switchbays,0's,1482.0,1482.0,18.09,0.5,6.0,Powerlink 2020-21 - Category Analysis - RIN Response - Consolidated - 20 October 2021 - PUBLIC(12941266.1).xlsx,2.8 Maintenance,16,Powerlink,https://www.aer.gov.au/documents/powerlink-2020-21-category-analysis-rin-templates,https://www.aer.gov.au/authors/powerlink?page=11,validated_manifest_match,Substations equipment & property maintenance,submitted,16,meaningful,True,substations_equipment_property_maintenance,Substations equipment & property maintenance,substation_switchbays,Substation switchbays (incl. Reactive plant),mapped,mapped,count,1.0,standardized_source_unit,1482.0,numeric,1482.0,numeric,18.09,numeric,0.5,numeric,6.0,numeric
2020-21,Substations equipment & property maintenance,Substation power transformers,Number of transformers,0's,201.0,201.0,20.18,0.5,6.0,Powerlink 2020-21 - Category Analysis - RIN Response - Consolidated - 20 October 2021 - PUBLIC(12941266.1).xlsx,2.8 Maintenance,17,Powerlink,https://www.aer.gov.au/documents/powerlink-2020-21-category-analysis-rin-templates,https://www.aer.gov.au/authors/powerlink?page=11,validated_manifest_match,Substations equipment & property maintenance,submitted,17,meaningful,True,substations_equipment_property_maintenance,Substations equipment & property maintenance,substation_power_transformers,Substation power transformers,mapped,mapped,count,1.0,standardized_source_unit,201.0,numeric,201.0,numeric,20.18,numeric,0.5,numeric,6.0,numeric
2020-21,Substations equipment & property maintenance,Substation property,Number of substation properties maintained,0's,128.0,128.0,29.83,0.5,,Powerlink 2020-21 - Category Analysis - RIN Response - Consolidated - 20 October 2021 - PUBLIC(12941266.1).xlsx,2.8 Maintenance,18,Powerlink,https://www.aer.gov.au/documents/powerlink-2020-21-category-analysis-rin-templates,https://www.aer.gov.au/authors/powerlink?page=11,validated_manifest_match,Substations equipment & property maintenance,submitted,18,meaningful,True,substations_equipment_property_maintenance,Substations equipment & property maintenance,substation_property,Substation property,mapped,mapped,count,1.0,standardized_source_unit,128.0,numeric,128.0,numeric,29.83,numeric,0.5,numeric,,blank
2020-21,SCADA & network control maintenance,SCADA & network control maintenance,Comms and SCADA equipment,,6212.0,6212.0,11.48,1.0,,Powerlink 2020-21 - Category Analysis - RIN Response - Consolidated - 20 October 2021 - PUBLIC(12941266.1).xlsx,2.8 Maintenance,19,Powerlink,https://www.aer.gov.au/documents/powerlink-2020-21-category-analysis-rin-templates,https://www.aer.gov.au/authors/powerlink?page=11,validated_manifest_match,SCADA & network control maintenance,submitted,19,meaningful,True,scada_network_control_maintenance,SCADA & network control maintenance,scada_network_control,SCADA & network control maintenance,mapped,mapped,count,1.0,inferred_from_measure,6212.0,numeric,6212.0,numeric,11.48,numeric,1.0,numeric,,blank
2020-21,Protection systems maintenance,Protection systems maintenance,Protection relays,,5030.0,5030.0,11.12,6.0,,Powerlink 2020-21 - Category Analysis - RIN Response - Consolidated - 20 October 2021 - PUBLIC(12941266.1).xlsx,2.8 Maintenance,20,Powerlink,https://www.aer.gov.au/documents/powerlink-2020-21-category-analysis-rin-templates,https://www.aer.gov.au/authors/powerlink?page=11,validated_manifest_match,Protection systems maintenance,submitted,20,meaningful,True,protection_systems_maintenance,Protection systems maintenance,protection_systems,Protection systems maintenance,mapped,mapped,count,1.0,inferred_from_measure,5030.0,numeric,5030.0,numeric,11.12,numeric,6.0,numeric,,blank
2020-21,Other maintenance activity ,Tramsission tower support structures,Insulator Strings (000's),,168.5,1457.0,17.76,5.782,,Powerlink 2020-21 - Category Analysis - RIN Response - Consolidated - 20 October 2021 - PUBLIC(12941266.1).xlsx,2.8 Maintenance,21,Powerlink,https://www.aer.gov.au/documents/powerlink-2020-21-category-analysis-rin-templates,https://www.aer.gov.au/authors/powerlink?page=11,validated_manifest_match,Other maintenance activity ,submitted,21,meaningful,True,other_maintenance_activity,Other maintenance activity,transmission_tower_support_structures,Transmission tower support structures,mapped,mapped,count,1000.0,inferred_from_measure,168500.0,numeric,1457000.0,numeric,17.76,numeric,5.782,numeric,,blank
2020-21,,Corridor maintenance (Non vegetation),Length (Route km),km,9636.0,1363.0,32.12,1.0,,Powerlink 2020-21 - Category Analysis - RIN Response - Consolidated - 20 October 2021 - PUBLIC(12941266.1).xlsx,2.8 Maintenance,22,Powerlink,https://www.aer.gov.au/documents/powerlink-2020-21-category-analysis-rin-templates,https://www.aer.gov.au/authors/powerlink?page=11,validated_manifest_match,Other maintenance activity ,continued_group_label,21,meaningful,True,other_maintenance_activity,Other maintenance activity,corridor_maintenance_non_vegetation,Corridor maintenance (non-vegetation),mapped,mapped,km,1.0,standardized_source_unit,9636.0,numeric,1363.0,numeric,32.12,numeric,1.0,numeric,,blank
2021-22,Transmission lines maintenance,Transmission towers,Number of towers,0's,23551.0,23551.0,33.13,1.0,0,Powerlink 2021-22 - Category analysis - Consolidated - 26 October 2022 - PUBLIC(14556313.1).xlsx,2.8 Maintenance,12,Powerlink,https://www.aer.gov.au/documents/powerlink-2021-22-category-analysis-rin-templates,https://www.aer.gov.au/authors/powerlink?page=12,validated_manifest_match,Transmission lines maintenance,submitted,12,meaningful,True,transmission_lines_maintenance,Transmission lines maintenance,transmission_towers,Transmission towers,mapped,mapped,count,1.0,standardized_source_unit,23551.0,numeric,23551.0,numeric,33.13,numeric,1.0,numeric,0.0,numeric
2021-22,Transmission lines maintenance,Transmission tower support structures,Number of towers,0's,23551.0,23551.0,33.13,1.0,0,Powerlink 2021-22 - Category analysis - Consolidated - 26 October 2022 - PUBLIC(14556313.1).xlsx,2.8 Maintenance,13,Powerlink,https://www.aer.gov.au/documents/powerlink-2021-22-category-analysis-rin-templates,https://www.aer.gov.au/authors/powerlink?page=12,validated_manifest_match,Transmission lines maintenance,submitted,13,meaningful,True,transmission_lines_maintenance,Transmission lines maintenance,transmission_tower_support_structures,Transmission tower support structures,mapped,mapped,count,1.0,standardized_source_unit,23551.0,numeric,23551.0,numeric,33.13,numeric,1.0,numeric,0.0,numeric
2021-22,Transmission lines maintenance,Conductors,Route length,km,9629.0,9629.0,31.0,1.0,0,Powerlink 2021-22 - Category analysis - Consolidated - 26 October 2022 - PUBLIC(14556313.1).xlsx,2.8 Maintenance,14,Powerlink,https://www.aer.gov.au/documents/powerlink-2021-22-category-analysis-rin-templates,https://www.aer.gov.au/authors/powerlink?page=12,validated_manifest_match,Transmission lines maintenance,submitted,14,meaningful,True,transmission_lines_maintenance,Transmission lines maintenance,conductors,Conductors,mapped,mapped,km,1.0,standardized_source_unit,9629.0,numeric,9629.0,numeric,31.0,numeric,1.0,numeric,0.0,numeric
2021-22,Transmission lines maintenance,Transmission cables,Route length,km,20.24,20.24,24.07,1.0,0,Powerlink 2021-22 - Category analysis - Consolidated - 26 October 2022 - PUBLIC(14556313.1).xlsx,2.8 Maintenance,15,Powerlink,https://www.aer.gov.au/documents/powerlink-2021-22-category-analysis-rin-templates,https://www.aer.gov.au/authors/powerlink?page=12,validated_manifest_match,Transmission lines maintenance,submitted,15,meaningful,True,transmission_lines_maintenance,Transmission lines maintenance,transmission_cables,Transmission cables,mapped,mapped,km,1.0,standardized_source_unit,20.24,numeric,20.24,numeric,24.07,numeric,1.0,numeric,0.0,numeric
2021-22,Substations equipment & property maintenance,Substation switchbays (incl. Reactive plant),Number of switchbays,0's,1475.0,1475.0,18.42,0.5,6,Powerlink 2021-22 - Category analysis - Consolidated - 26 October 2022 - PUBLIC(14556313.1).xlsx,2.8 Maintenance,16,Powerlink,https://www.aer.gov.au/documents/powerlink-2021-22-category-analysis-rin-templates,https://www.aer.gov.au/authors/powerlink?page=12,validated_manifest_match,Substations equipment & property maintenance,submitted,16,meaningful,True,substations_equipment_property_maintenance,Substations equipment & property maintenance,substation_switchbays,Substation switchbays (incl. Reactive plant),mapped,mapped,count,1.0,standardized_source_unit,1475.0,numeric,1475.0,numeric,18.42,numeric,0.5,numeric,6.0,numeric
2021-22,Substations equipment & property maintenance,Substation power transformers,Number of transformers,0's,197.0,197.0,20.18,0.5,6,Powerlink 2021-22 - Category analysis - Consolidated - 26 October 2022 - PUBLIC(14556313.1).xlsx,2.8 Maintenance,17,Powerlink,https://www.aer.gov.au/documents/powerlink-2021-22-category-analysis-rin-templates,https://www.aer.gov.au/authors/powerlink?page=12,validated_manifest_match,Substations equipment & property maintenance,submitted,17,meaningful,True,substations_equipment_property_maintenance,Substations equipment & property maintenance,substation_power_transformers,Substation power transformers,mapped,mapped,count,1.0,standardized_source_unit,197.0,numeric,197.0,numeric,20.18,numeric,0.5,numeric,6.0,numeric
2021-22,Substations equipment & property maintenance,Substation property,Number of substation properties maintained,0's,128.0,128.0,30.83,0.5,6,Powerlink 2021-22 - Category analysis - Consolidated - 26 October 2022 - PUBLIC(14556313.1).xlsx,2.8 Maintenance,18,Powerlink,https://www.aer.gov.au/documents/powerlink-2021-22-category-analysis-rin-templates,https://www.aer.gov.au/authors/powerlink?page=12,validated_manifest_match,Substations equipment & property maintenance,submitted,18,meaningful,True,substations_equipment_property_maintenance,Substations equipment & property maintenance,substation_property,Substation property,mapped,mapped,count,1.0,standardized_source_unit,128.0,numeric,128.0,numeric,30.83,numeric,0.5,numeric,6.0,numeric
2021-22,SCADA & network control maintenance,SCADA & network control maintenance,Comms and SCADA equipment,,6386.0,6386.0,11.929,1.0,0,Powerlink 2021-22 - Category analysis - Consolidated - 26 October 2022 - PUBLIC(14556313.1).xlsx,2.8 Maintenance,19,Powerlink,https://www.aer.gov.au/documents/powerlink-2021-22-category-analysis-rin-templates,https://www.aer.gov.au/authors/powerlink?page=12,validated_manifest_match,SCADA & network control maintenance,submitted,19,meaningful,True,scada_network_control_maintenance,SCADA & network control maintenance,scada_network_control,SCADA & network control maintenance,mapped,mapped,count,1.0,inferred_from_measure,6386.0,numeric,6386.0,numeric,11.929,numeric,1.0,numeric,0.0,numeric
2021-22,Protection systems maintenance,Protection systems maintenance,Protection relays,,4967.0,4967.0,11.691,6.0,0,Powerlink 2021-22 - Category analysis - Consolidated - 26 October 2022 - PUBLIC(14556313.1).xlsx,2.8 Maintenance,20,Powerlink,https://www.aer.gov.au/documents/powerlink-2021-22-category-analysis-rin-templates,https://www.aer.gov.au/authors/powerlink?page=12,validated_manifest_match,Protection systems maintenance,submitted,20,meaningful,True,protection_systems_maintenance,Protection systems maintenance,protection_systems,Protection systems maintenance,mapped,mapped,count,1.0,inferred_from_measure,4967.0,numeric,4967.0,numeric,11.691,numeric,6.0,numeric,0.0,numeric
2021-22,Other maintenance activity ,Transmission tower support structures,Insulator strings (000's),,168.845,1.48,16.56,5.706,0,Powerlink 2021-22 - Category analysis - Consolidated - 26 October 2022 - PUBLIC(14556313.1).xlsx,2.8 Maintenance,21,Powerlink,https://www.aer.gov.au/documents/powerlink-2021-22-category-analysis-rin-templates,https://www.aer.gov.au/authors/powerlink?page=12,validated_manifest_match,Other maintenance activity ,submitted,21,meaningful,True,other_maintenance_activity,Other maintenance activity,transmission_tower_support_structures,Transmission tower support structures,mapped,mapped,count,1000.0,inferred_from_measure,168845.0,numeric,1480.0,numeric,16.56,numeric,5.706,numeric,0.0,numeric
2021-22,,Corridor maintenance (non vegetation),Length (Route km),,9636.0,1549.0,33.13,1.0,0,Powerlink 2021-22 - Category analysis - Consolidated - 26 October 2022 - PUBLIC(14556313.1).xlsx,2.8 Maintenance,22,Powerlink,https://www.aer.gov.au/documents/powerlink-2021-22-category-analysis-rin-templates,https://www.aer.gov.au/authors/powerlink?page=12,validated_manifest_match,Other maintenance activity ,continued_group_label,21,meaningful,True,other_maintenance_activity,Other maintenance activity,corridor_maintenance_non_vegetation,Corridor maintenance (non-vegetation),mapped,mapped,km,1.0,inferred_from_measure,9636.0,numeric,1549.0,numeric,33.13,numeric,1.0,numeric,0.0,numeric
2022-23,Transmission lines maintenance,Transmission towers,Number of towers,number,23599.0,23599.0,34.09,1.0,0,Powerlink 2022-23 - Category Analysis - RIN Response - Consolidated - 27 October 2023 - PUBLIC(15996094.1).xlsx,2.8 Maintenance,13,Powerlink,https://www.aer.gov.au/documents/powerlink-2022-23-category-analysis-rin-templates,https://www.aer.gov.au/authors/powerlink?page=12,validated_manifest_match,Transmission lines maintenance,submitted,13,meaningful,True,transmission_lines_maintenance,Transmission lines maintenance,transmission_towers,Transmission towers,mapped,mapped,count,1.0,standardized_source_unit,23599.0,numeric,23599.0,numeric,34.09,numeric,1.0,numeric,0.0,numeric
2022-23,Transmission lines maintenance,Transmission tower support structures,Number of towers,number,23599.0,23599.0,34.1,1.0,0,Powerlink 2022-23 - Category Analysis - RIN Response - Consolidated - 27 October 2023 - PUBLIC(15996094.1).xlsx,2.8 Maintenance,14,Powerlink,https://www.aer.gov.au/documents/powerlink-2022-23-category-analysis-rin-templates,https://www.aer.gov.au/authors/powerlink?page=12,validated_manifest_match,Transmission lines maintenance,submitted,14,meaningful,True,transmission_lines_maintenance,Transmission lines maintenance,transmission_tower_support_structures,Transmission tower support structures,mapped,mapped,count,1.0,standardized_source_unit,23599.0,numeric,23599.0,numeric,34.1,numeric,1.0,numeric,0.0,numeric
2022-23,Transmission lines maintenance,Conductors,Route length,km,9636.0,9636.0,31.97,1.0,0,Powerlink 2022-23 - Category Analysis - RIN Response - Consolidated - 27 October 2023 - PUBLIC(15996094.1).xlsx,2.8 Maintenance,15,Powerlink,https://www.aer.gov.au/documents/powerlink-2022-23-category-analysis-rin-templates,https://www.aer.gov.au/authors/powerlink?page=12,validated_manifest_match,Transmission lines maintenance,submitted,15,meaningful,True,transmission_lines_maintenance,Transmission lines maintenance,conductors,Conductors,mapped,mapped,km,1.0,standardized_source_unit,9636.0,numeric,9636.0,numeric,31.97,numeric,1.0,numeric,0.0,numeric
2022-23,Transmission lines maintenance,Transmission cables,Route length,km,20.24,20.24,25.07,1.0,0,Powerlink 2022-23 - Category Analysis - RIN Response - Consolidated - 27 October 2023 - PUBLIC(15996094.1).xlsx,2.8 Maintenance,16,Powerlink,https://www.aer.gov.au/documents/powerlink-2022-23-category-analysis-rin-templates,https://www.aer.gov.au/authors/powerlink?page=12,validated_manifest_match,Transmission lines maintenance,submitted,16,meaningful,True,transmission_lines_maintenance,Transmission lines maintenance,transmission_cables,Transmission cables,mapped,mapped,km,1.0,standardized_source_unit,20.24,numeric,20.24,numeric,25.07,numeric,1.0,numeric,0.0,numeric
2022-23,Substations equipment & property maintenance,Substation switchbays (incl. Reactive plant),Number of switchbays,number,1485.0,1485.0,18.87,0.5,6,Powerlink 2022-23 - Category Analysis - RIN Response - Consolidated - 27 October 2023 - PUBLIC(15996094.1).xlsx,2.8 Maintenance,17,Powerlink,https://www.aer.gov.au/documents/powerlink-2022-23-category-analysis-rin-templates,https://www.aer.gov.au/authors/powerlink?page=12,validated_manifest_match,Substations equipment & property maintenance,submitted,17,meaningful,True,substations_equipment_property_maintenance,Substations equipment & property maintenance,substation_switchbays,Substation switchbays (incl. Reactive plant),mapped,mapped,count,1.0,standardized_source_unit,1485.0,numeric,1485.0,numeric,18.87,numeric,0.5,numeric,6.0,numeric
2022-23,Substations equipment & property maintenance,Substation power transformers,Number of transformers,number,199.0,199.0,20.54,0.5,6,Powerlink 2022-23 - Category Analysis - RIN Response - Consolidated - 27 October 2023 - PUBLIC(15996094.1).xlsx,2.8 Maintenance,18,Powerlink,https://www.aer.gov.au/documents/powerlink-2022-23-category-analysis-rin-templates,https://www.aer.gov.au/authors/powerlink?page=12,validated_manifest_match,Substations equipment & property maintenance,submitted,18,meaningful,True,substations_equipment_property_maintenance,Substations equipment & property maintenance,substation_power_transformers,Substation power transformers,mapped,mapped,count,1.0,standardized_source_unit,199.0,numeric,199.0,numeric,20.54,numeric,0.5,numeric,6.0,numeric
2022-23,Substations equipment & property maintenance,Substation property,Number of substation properties maintained,number,129.0,129.0,31.28,0.5,0,Powerlink 2022-23 - Category Analysis - RIN Response - Consolidated - 27 October 2023 - PUBLIC(15996094.1).xlsx,2.8 Maintenance,19,Powerlink,https://www.aer.gov.au/documents/powerlink-2022-23-category-analysis-rin-templates,https://www.aer.gov.au/authors/powerlink?page=12,validated_manifest_match,Substations equipment & property maintenance,submitted,19,meaningful,True,substations_equipment_property_maintenance,Substations equipment & property maintenance,substation_property,Substation property,mapped,mapped,count,1.0,standardized_source_unit,129.0,numeric,129.0,numeric,31.28,numeric,0.5,numeric,0.0,numeric
2022-23,SCADA & network control maintenance,SCADA & network control maintenance,Comms & SCADA equipment,,6378.0,6378.0,12.54,1.0,0,Powerlink 2022-23 - Category Analysis - RIN Response - Consolidated - 27 October 2023 - PUBLIC(15996094.1).xlsx,2.8 Maintenance,20,Powerlink,https://www.aer.gov.au/documents/powerlink-2022-23-category-analysis-rin-templates,https://www.aer.gov.au/authors/powerlink?page=12,validated_manifest_match,SCADA & network control maintenance,submitted,20,meaningful,True,scada_network_control_maintenance,SCADA & network control maintenance,scada_network_control,SCADA & network control maintenance,mapped,mapped,count,1.0,inferred_from_measure,6378.0,numeric,6378.0,numeric,12.54,numeric,1.0,numeric,0.0,numeric
2022-23,Protection systems maintenance,Protection systems maintenance,Protection relays,,4901.0,4901.0,12.23,6.0,0,Powerlink 2022-23 - Category Analysis - RIN Response - Consolidated - 27 October 2023 - PUBLIC(15996094.1).xlsx,2.8 Maintenance,21,Powerlink,https://www.aer.gov.au/documents/powerlink-2022-23-category-analysis-rin-templates,https://www.aer.gov.au/authors/powerlink?page=12,validated_manifest_match,Protection systems maintenance,submitted,21,meaningful,True,protection_systems_maintenance,Protection systems maintenance,protection_systems,Protection systems maintenance,mapped,mapped,count,1.0,inferred_from_measure,4901.0,numeric,4901.0,numeric,12.23,numeric,6.0,numeric,0.0,numeric
2022-23,Other maintenance activity ,Transmission tower support structures,Insulator Strings,,168191.0,1470.0,17.51,5.72,0,Powerlink 2022-23 - Category Analysis - RIN Response - Consolidated - 27 October 2023 - PUBLIC(15996094.1).xlsx,2.8 Maintenance,22,Powerlink,https://www.aer.gov.au/documents/powerlink-2022-23-category-analysis-rin-templates,https://www.aer.gov.au/authors/powerlink?page=12,validated_manifest_match,Other maintenance activity ,submitted,22,meaningful,True,other_maintenance_activity,Other maintenance activity,transmission_tower_support_structures,Transmission tower support structures,mapped,mapped,count,1.0,inferred_from_measure,168191.0,numeric,1470.0,numeric,17.51,numeric,5.72,numeric,0.0,numeric
2022-23,,Corridor maintenance (non veg),Route length,km,9645.0,2789.0,34.09,1.0,0,Powerlink 2022-23 - Category Analysis - RIN Response - Consolidated - 27 October 2023 - PUBLIC(15996094.1).xlsx,2.8 Maintenance,23,Powerlink,https://www.aer.gov.au/documents/powerlink-2022-23-category-analysis-rin-templates,https://www.aer.gov.au/authors/powerlink?page=12,validated_manifest_match,Other maintenance activity ,continued_group_label,22,meaningful,True,other_maintenance_activity,Other maintenance activity,corridor_maintenance_non_vegetation,Corridor maintenance (non-vegetation),mapped,mapped,km,1.0,standardized_source_unit,9645.0,numeric,2789.0,numeric,34.09,numeric,1.0,numeric,0.0,numeric
2023-24,Transmission lines maintenance,Transmission towers,Number of towers,number,23626.0,23626.0,35.04,1.0,0,Powerlink 2023-24 - Category Analysis - RIN Response - Consolidated - 28 October 2024 - PUBLIC(17452408.1).xlsx,2.8 Maintenance,13,Powerlink,https://www.aer.gov.au/documents/powerlink-2023-24-category-analysis-rin-templates,https://www.aer.gov.au/authors/powerlink?page=3,validated_manifest_match,Transmission lines maintenance,submitted,13,meaningful,True,transmission_lines_maintenance,Transmission lines maintenance,transmission_towers,Transmission towers,mapped,mapped,count,1.0,standardized_source_unit,23626.0,numeric,23626.0,numeric,35.04,numeric,1.0,numeric,0.0,numeric
2023-24,Transmission lines maintenance,Transmission tower support structures,Number of towers,number,23626.0,23626.0,35.04,1.0,0,Powerlink 2023-24 - Category Analysis - RIN Response - Consolidated - 28 October 2024 - PUBLIC(17452408.1).xlsx,2.8 Maintenance,14,Powerlink,https://www.aer.gov.au/documents/powerlink-2023-24-category-analysis-rin-templates,https://www.aer.gov.au/authors/powerlink?page=3,validated_manifest_match,Transmission lines maintenance,submitted,14,meaningful,True,transmission_lines_maintenance,Transmission lines maintenance,transmission_tower_support_structures,Transmission tower support structures,mapped,mapped,count,1.0,standardized_source_unit,23626.0,numeric,23626.0,numeric,35.04,numeric,1.0,numeric,0.0,numeric
2023-24,Transmission lines maintenance,Conductors,Route length,km,9640.0,9640.0,32.94,1.0,0,Powerlink 2023-24 - Category Analysis - RIN Response - Consolidated - 28 October 2024 - PUBLIC(17452408.1).xlsx,2.8 Maintenance,15,Powerlink,https://www.aer.gov.au/documents/powerlink-2023-24-category-analysis-rin-templates,https://www.aer.gov.au/authors/powerlink?page=3,validated_manifest_match,Transmission lines maintenance,submitted,15,meaningful,True,transmission_lines_maintenance,Transmission lines maintenance,conductors,Conductors,mapped,mapped,km,1.0,standardized_source_unit,9640.0,numeric,9640.0,numeric,32.94,numeric,1.0,numeric,0.0,numeric
2023-24,Transmission lines maintenance,Transmission cables,Route length,km,20.24,20.24,26.07,1.0,0,Powerlink 2023-24 - Category Analysis - RIN Response - Consolidated - 28 October 2024 - PUBLIC(17452408.1).xlsx,2.8 Maintenance,16,Powerlink,https://www.aer.gov.au/documents/powerlink-2023-24-category-analysis-rin-templates,https://www.aer.gov.au/authors/powerlink?page=3,validated_manifest_match,Transmission lines maintenance,submitted,16,meaningful,True,transmission_lines_maintenance,Transmission lines maintenance,transmission_cables,Transmission cables,mapped,mapped,km,1.0,standardized_source_unit,20.24,numeric,20.24,numeric,26.07,numeric,1.0,numeric,0.0,numeric
2023-24,Substations equipment & property maintenance,Substation switchbays (incl. Reactive plant),Number of switchbays,number,1493.0,1493.0,19.56,0.5,6,Powerlink 2023-24 - Category Analysis - RIN Response - Consolidated - 28 October 2024 - PUBLIC(17452408.1).xlsx,2.8 Maintenance,17,Powerlink,https://www.aer.gov.au/documents/powerlink-2023-24-category-analysis-rin-templates,https://www.aer.gov.au/authors/powerlink?page=3,validated_manifest_match,Substations equipment & property maintenance,submitted,17,meaningful,True,substations_equipment_property_maintenance,Substations equipment & property maintenance,substation_switchbays,Substation switchbays (incl. Reactive plant),mapped,mapped,count,1.0,standardized_source_unit,1493.0,numeric,1493.0,numeric,19.56,numeric,0.5,numeric,6.0,numeric
2023-24,Substations equipment & property maintenance,Substation power transformers,Number of transformers,number,197.0,197.0,21.22,0.5,6,Powerlink 2023-24 - Category Analysis - RIN Response - Consolidated - 28 October 2024 - PUBLIC(17452408.1).xlsx,2.8 Maintenance,18,Powerlink,https://www.aer.gov.au/documents/powerlink-2023-24-category-analysis-rin-templates,https://www.aer.gov.au/authors/powerlink?page=3,validated_manifest_match,Substations equipment & property maintenance,submitted,18,meaningful,True,substations_equipment_property_maintenance,Substations equipment & property maintenance,substation_power_transformers,Substation power transformers,mapped,mapped,count,1.0,standardized_source_unit,197.0,numeric,197.0,numeric,21.22,numeric,0.5,numeric,6.0,numeric
2023-24,Substations equipment & property maintenance,Substation property,Number of substation properties maintained,number,130.0,130.0,32.03,0.5,0,Powerlink 2023-24 - Category Analysis - RIN Response - Consolidated - 28 October 2024 - PUBLIC(17452408.1).xlsx,2.8 Maintenance,19,Powerlink,https://www.aer.gov.au/documents/powerlink-2023-24-category-analysis-rin-templates,https://www.aer.gov.au/authors/powerlink?page=3,validated_manifest_match,Substations equipment & property maintenance,submitted,19,meaningful,True,substations_equipment_property_maintenance,Substations equipment & property maintenance,substation_property,Substation property,mapped,mapped,count,1.0,standardized_source_unit,130.0,numeric,130.0,numeric,32.03,numeric,0.5,numeric,0.0,numeric
2023-24,SCADA & network control maintenance,SCADA & network control maintenance,Equipment Count,,6303.0,6303.0,12.531,1.0,0,Powerlink 2023-24 - Category Analysis - RIN Response - Consolidated - 28 October 2024 - PUBLIC(17452408.1).xlsx,2.8 Maintenance,20,Powerlink,https://www.aer.gov.au/documents/powerlink-2023-24-category-analysis-rin-templates,https://www.aer.gov.au/authors/powerlink?page=3,validated_manifest_match,SCADA & network control maintenance,submitted,20,meaningful,True,scada_network_control_maintenance,SCADA & network control maintenance,scada_network_control,SCADA & network control maintenance,mapped,mapped,count,1.0,inferred_from_measure,6303.0,numeric,6303.0,numeric,12.531,numeric,1.0,numeric,0.0,numeric
2023-24,Protection systems maintenance,Protection systems maintenance,Equipment Count,,4879.0,4879.0,12.5628,6.0,0,Powerlink 2023-24 - Category Analysis - RIN Response - Consolidated - 28 October 2024 - PUBLIC(17452408.1).xlsx,2.8 Maintenance,21,Powerlink,https://www.aer.gov.au/documents/powerlink-2023-24-category-analysis-rin-templates,https://www.aer.gov.au/authors/powerlink?page=3,validated_manifest_match,Protection systems maintenance,submitted,21,meaningful,True,protection_systems_maintenance,Protection systems maintenance,protection_systems,Protection systems maintenance,mapped,mapped,count,1.0,inferred_from_measure,4879.0,numeric,4879.0,numeric,12.5628,numeric,6.0,numeric,0.0,numeric
2023-24,Other maintenance activity ,Transmission Towers Support,Insulator Strings (000's),,168.8,1.489,18.74,5.668,0,Powerlink 2023-24 - Category Analysis - RIN Response - Consolidated - 28 October 2024 - PUBLIC(17452408.1).xlsx,2.8 Maintenance,22,Powerlink,https://www.aer.gov.au/documents/powerlink-2023-24-category-analysis-rin-templates,https://www.aer.gov.au/authors/powerlink?page=3,validated_manifest_match,Other maintenance activity ,submitted,22,meaningful,True,other_maintenance_activity,Other maintenance activity,transmission_tower_support_structures,Transmission tower support structures,mapped,mapped,count,1000.0,inferred_from_measure,168800.0,numeric,1489.0,numeric,18.74,numeric,5.668,numeric,0.0,numeric
2023-24,,Corridor Maintenance (Non-Veg),Route length,km,9648.0,3416.0,35.04,1.0,0,Powerlink 2023-24 - Category Analysis - RIN Response - Consolidated - 28 October 2024 - PUBLIC(17452408.1).xlsx,2.8 Maintenance,23,Powerlink,https://www.aer.gov.au/documents/powerlink-2023-24-category-analysis-rin-templates,https://www.aer.gov.au/authors/powerlink?page=3,validated_manifest_match,Other maintenance activity ,continued_group_label,22,meaningful,True,other_maintenance_activity,Other maintenance activity,corridor_maintenance_non_vegetation,Corridor maintenance (non-vegetation),mapped,mapped,km,1.0,standardized_source_unit,9648.0,numeric,3416.0,numeric,35.04,numeric,1.0,numeric,0.0,numeric
2018-19,Transmission lines maintenance,Transmission towers,Number of towers,0's,37276.0,7491.0,38.20396501770576,5.041950449116573,5.3387313650979245,Transgrid 2018-19 - Category Analysis - RIN Response - Consolidated - 31 October 2019 - PUBLIC D19-175594.XLSM.xlsx,2.8 Maintenance,12,Transgrid,https://www.aer.gov.au/documents/transgrid-2018-19-category-analysis-rin-templates,https://www.aer.gov.au/authors/transgrid-t?page=2,validated_manifest_match,Transmission lines maintenance,submitted,12,meaningful,True,transmission_lines_maintenance,Transmission lines maintenance,transmission_towers,Transmission towers,mapped,mapped,count,1.0,standardized_source_unit,37276.0,numeric,7491.0,numeric,38.20396501770576,numeric,5.041950449116573,numeric,5.3387313650979245,numeric
2018-19,Transmission lines maintenance,Transmission tower support structures,Number of towers,0's,,,,,,Transgrid 2018-19 - Category Analysis - RIN Response - Consolidated - 31 October 2019 - PUBLIC D19-175594.XLSM.xlsx,2.8 Maintenance,13,Transgrid,https://www.aer.gov.au/documents/transgrid-2018-19-category-analysis-rin-templates,https://www.aer.gov.au/authors/transgrid-t?page=2,validated_manifest_match,Transmission lines maintenance,submitted,13,meaningful,True,transmission_lines_maintenance,Transmission lines maintenance,transmission_tower_support_structures,Transmission tower support structures,mapped,mapped,count,1.0,standardized_source_unit,,blank,,blank,,blank,,blank,,blank
2018-19,Transmission lines maintenance,Conductors,Route length,km,11258.806083333331,6285.280250000001,41.90247232818594,7.778307062381246,0.0,Transgrid 2018-19 - Category Analysis - RIN Response - Consolidated - 31 October 2019 - PUBLIC D19-175594.XLSM.xlsx,2.8 Maintenance,14,Transgrid,https://www.aer.gov.au/documents/transgrid-2018-19-category-analysis-rin-templates,https://www.aer.gov.au/authors/transgrid-t?page=2,validated_manifest_match,Transmission lines maintenance,submitted,14,meaningful,True,transmission_lines_maintenance,Transmission lines maintenance,conductors,Conductors,mapped,mapped,km,1.0,standardized_source_unit,11258.806083333331,numeric,6285.280250000001,numeric,41.90247232818594,numeric,7.778307062381246,numeric,0.0,numeric
2018-19,Transmission lines maintenance,Transmission cables,Route length,km,70.01499999999999,66.39799999999998,15.598181669164491,0.0967327027443891,1.4835392415910882,Transgrid 2018-19 - Category Analysis - RIN Response - Consolidated - 31 October 2019 - PUBLIC D19-175594.XLSM.xlsx,2.8 Maintenance,15,Transgrid,https://www.aer.gov.au/documents/transgrid-2018-19-category-analysis-rin-templates,https://www.aer.gov.au/authors/transgrid-t?page=2,validated_manifest_match,Transmission lines maintenance,submitted,15,meaningful,True,transmission_lines_maintenance,Transmission lines maintenance,transmission_cables,Transmission cables,mapped,mapped,km,1.0,standardized_source_unit,70.01499999999999,numeric,66.39799999999998,numeric,15.598181669164491,numeric,0.0967327027443891,numeric,1.4835392415910882,numeric
2018-19,Substations equipment & property maintenance,Substation switchbays (incl. Reactive plant),Number of switchbays,0's,2273.0,672.0,30.56577210734712,0.5,5.340773873123715,Transgrid 2018-19 - Category Analysis - RIN Response - Consolidated - 31 October 2019 - PUBLIC D19-175594.XLSM.xlsx,2.8 Maintenance,16,Transgrid,https://www.aer.gov.au/documents/transgrid-2018-19-category-analysis-rin-templates,https://www.aer.gov.au/authors/transgrid-t?page=2,validated_manifest_match,Substations equipment & property maintenance,submitted,16,meaningful,True,substations_equipment_property_maintenance,Substations equipment & property maintenance,substation_switchbays,Substation switchbays (incl. Reactive plant),mapped,mapped,count,1.0,standardized_source_unit,2273.0,numeric,672.0,numeric,30.56577210734712,numeric,0.5,numeric,5.340773873123715,numeric
2018-19,Substations equipment & property maintenance,Substation power transformers,Number of transformers,0's,218.0,210.0,22.86697247706422,0.5,5.10091743119266,Transgrid 2018-19 - Category Analysis - RIN Response - Consolidated - 31 October 2019 - PUBLIC D19-175594.XLSM.xlsx,2.8 Maintenance,17,Transgrid,https://www.aer.gov.au/documents/transgrid-2018-19-category-analysis-rin-templates,https://www.aer.gov.au/authors/transgrid-t?page=2,validated_manifest_match,Substations equipment & property maintenance,submitted,17,meaningful,True,substations_equipment_property_maintenance,Substations equipment & property maintenance,substation_power_transformers,Substation power transformers,mapped,mapped,count,1.0,standardized_source_unit,218.0,numeric,210.0,numeric,22.86697247706422,numeric,0.5,numeric,5.10091743119266,numeric
2018-19,Substations equipment & property maintenance,Substation property,Number of substation properties maintained,0's,94.0,94.0,35.680851063829785,0.5851063829787234,0.25,Transgrid 2018-19 - Category Analysis - RIN Response - Consolidated - 31 October 2019 - PUBLIC D19-175594.XLSM.xlsx,2.8 Maintenance,18,Transgrid,https://www.aer.gov.au/documents/transgrid-2018-19-category-analysis-rin-templates,https://www.aer.gov.au/authors/transgrid-t?page=2,validated_manifest_match,Substations equipment & property maintenance,submitted,18,meaningful,True,substations_equipment_property_maintenance,Substations equipment & property maintenance,substation_property,Substation property,mapped,mapped,count,1.0,standardized_source_unit,94.0,numeric,94.0,numeric,35.680851063829785,numeric,0.5851063829787234,numeric,0.25,numeric
2018-19,SCADA & network control maintenance,SCADA & network control maintenance,Number,0's,1887.0,160.0,8.15,,,Transgrid 2018-19 - Category Analysis - RIN Response - Consolidated - 31 October 2019 - PUBLIC D19-175594.XLSM.xlsx,2.8 Maintenance,19,Transgrid,https://www.aer.gov.au/documents/transgrid-2018-19-category-analysis-rin-templates,https://www.aer.gov.au/authors/transgrid-t?page=2,validated_manifest_match,SCADA & network control maintenance,submitted,19,meaningful,True,scada_network_control_maintenance,SCADA & network control maintenance,scada_network_control,SCADA & network control maintenance,mapped,mapped,count,1.0,standardized_source_unit,1887.0,numeric,160.0,numeric,8.15,numeric,,blank,,blank
2018-19,Protection systems maintenance,Protection systems maintenance,Number of main protection assets,0's,3125.0,1251.0,14.92,,6.27,Transgrid 2018-19 - Category Analysis - RIN Response - Consolidated - 31 October 2019 - PUBLIC D19-175594.XLSM.xlsx,2.8 Maintenance,20,Transgrid,https://www.aer.gov.au/documents/transgrid-2018-19-category-analysis-rin-templates,https://www.aer.gov.au/authors/transgrid-t?page=2,validated_manifest_match,Protection systems maintenance,submitted,20,meaningful,True,protection_systems_maintenance,Protection systems maintenance,protection_systems,Protection systems maintenance,mapped,mapped,count,1.0,standardized_source_unit,3125.0,numeric,1251.0,numeric,14.92,numeric,,blank,6.27,numeric
2018-19,Other maintenance activity ,Metering,Number,0's,828.0,318.0,7.14,2.5,5.0,Transgrid 2018-19 - Category Analysis - RIN Response - Consolidated - 31 October 2019 - PUBLIC D19-175594.XLSM.xlsx,2.8 Maintenance,21,Transgrid,https://www.aer.gov.au/documents/transgrid-2018-19-category-analysis-rin-templates,https://www.aer.gov.au/authors/transgrid-t?page=2,validated_manifest_match,Other maintenance activity ,submitted,21,meaningful,True,other_maintenance_activity,Other maintenance activity,metering,Metering,mapped,mapped,count,1.0,standardized_source_unit,828.0,numeric,318.0,numeric,7.14,numeric,2.5,numeric,5.0,numeric
2018-19,,Communications,Number,0's,1806.0,1257.0,6.36,0.5,3.0,Transgrid 2018-19 - Category Analysis - RIN Response - Consolidated - 31 October 2019 - PUBLIC D19-175594.XLSM.xlsx,2.8 Maintenance,22,Transgrid,https://www.aer.gov.au/documents/transgrid-2018-19-category-analysis-rin-templates,https://www.aer.gov.au/authors/transgrid-t?page=2,validated_manifest_match,Other maintenance activity ,continued_group_label,21,meaningful,True,other_maintenance_activity,Other maintenance activity,communications,Communications,mapped,mapped,count,1.0,standardized_source_unit,1806.0,numeric,1257.0,numeric,6.36,numeric,0.5,numeric,3.0,numeric
2019-20,Transmission lines maintenance,Transmission towers,Number of towers,0's,37282.0,13784.0,38.54656403,5.087986,5.065677,"TransGrid 2019-20 - Category Analysis - RIN Response - Consolidated - 30 October 2020 - PUBLIC (#11,665,158).xlsx",2.8 Maintenance,12,Transgrid,https://www.aer.gov.au/documents/transgrid-2019-20-category-analysis-rin-templates,https://www.aer.gov.au/authors/transgrid-t?page=3,validated_manifest_match,Transmission lines maintenance,submitted,12,meaningful,True,transmission_lines_maintenance,Transmission lines maintenance,transmission_towers,Transmission towers,mapped,mapped,count,1.0,standardized_source_unit,37282.0,numeric,13784.0,numeric,38.54656403,numeric,5.087986,numeric,5.065677,numeric
2019-20,Transmission lines maintenance,Transmission tower support structures,Number of towers,0's,,,,,,"TransGrid 2019-20 - Category Analysis - RIN Response - Consolidated - 30 October 2020 - PUBLIC (#11,665,158).xlsx",2.8 Maintenance,13,Transgrid,https://www.aer.gov.au/documents/transgrid-2019-20-category-analysis-rin-templates,https://www.aer.gov.au/authors/transgrid-t?page=3,validated_manifest_match,Transmission lines maintenance,submitted,13,meaningful,True,transmission_lines_maintenance,Transmission lines maintenance,transmission_tower_support_structures,Transmission tower support structures,mapped,mapped,count,1.0,standardized_source_unit,,blank,,blank,,blank,,blank,,blank
2019-20,Transmission lines maintenance,Conductors,Route length,km,11262.39089,2050.748667,42.83425168,3.441036,0.0,"TransGrid 2019-20 - Category Analysis - RIN Response - Consolidated - 30 October 2020 - PUBLIC (#11,665,158).xlsx",2.8 Maintenance,14,Transgrid,https://www.aer.gov.au/documents/transgrid-2019-20-category-analysis-rin-templates,https://www.aer.gov.au/authors/transgrid-t?page=3,validated_manifest_match,Transmission lines maintenance,submitted,14,meaningful,True,transmission_lines_maintenance,Transmission lines maintenance,conductors,Conductors,mapped,mapped,km,1.0,standardized_source_unit,11262.39089,numeric,2050.748667,numeric,42.83425168,numeric,3.441036,numeric,0.0,numeric
2019-20,Transmission lines maintenance,Transmission cables,Route length,km,70.165,70.165,15.6,0.1,1.5,"TransGrid 2019-20 - Category Analysis - RIN Response - Consolidated - 30 October 2020 - PUBLIC (#11,665,158).xlsx",2.8 Maintenance,15,Transgrid,https://www.aer.gov.au/documents/transgrid-2019-20-category-analysis-rin-templates,https://www.aer.gov.au/authors/transgrid-t?page=3,validated_manifest_match,Transmission lines maintenance,submitted,15,meaningful,True,transmission_lines_maintenance,Transmission lines maintenance,transmission_cables,Transmission cables,mapped,mapped,km,1.0,standardized_source_unit,70.165,numeric,70.165,numeric,15.6,numeric,0.1,numeric,1.5,numeric
2019-20,Substations equipment & property maintenance,Substation switchbays (incl. Reactive plant),Number of switchbays,0's,2276.0,608.0,31.3,0.5,5.7,"TransGrid 2019-20 - Category Analysis - RIN Response - Consolidated - 30 October 2020 - PUBLIC (#11,665,158).xlsx",2.8 Maintenance,16,Transgrid,https://www.aer.gov.au/documents/transgrid-2019-20-category-analysis-rin-templates,https://www.aer.gov.au/authors/transgrid-t?page=3,validated_manifest_match,Substations equipment & property maintenance,submitted,16,meaningful,True,substations_equipment_property_maintenance,Substations equipment & property maintenance,substation_switchbays,Substation switchbays (incl. Reactive plant),mapped,mapped,count,1.0,standardized_source_unit,2276.0,numeric,608.0,numeric,31.3,numeric,0.5,numeric,5.7,numeric
2019-20,Substations equipment & property maintenance,Substation power transformers,Number of transformers,0's,218.0,210.0,23.9,0.5,5.4,"TransGrid 2019-20 - Category Analysis - RIN Response - Consolidated - 30 October 2020 - PUBLIC (#11,665,158).xlsx",2.8 Maintenance,17,Transgrid,https://www.aer.gov.au/documents/transgrid-2019-20-category-analysis-rin-templates,https://www.aer.gov.au/authors/transgrid-t?page=3,validated_manifest_match,Substations equipment & property maintenance,submitted,17,meaningful,True,substations_equipment_property_maintenance,Substations equipment & property maintenance,substation_power_transformers,Substation power transformers,mapped,mapped,count,1.0,standardized_source_unit,218.0,numeric,210.0,numeric,23.9,numeric,0.5,numeric,5.4,numeric
2019-20,Substations equipment & property maintenance,Substation property,Number of substation properties maintained,0's,94.0,94.0,36.7,0.5,0.3,"TransGrid 2019-20 - Category Analysis - RIN Response - Consolidated - 30 October 2020 - PUBLIC (#11,665,158).xlsx",2.8 Maintenance,18,Transgrid,https://www.aer.gov.au/documents/transgrid-2019-20-category-analysis-rin-templates,https://www.aer.gov.au/authors/transgrid-t?page=3,validated_manifest_match,Substations equipment & property maintenance,submitted,18,meaningful,True,substations_equipment_property_maintenance,Substations equipment & property maintenance,substation_property,Substation property,mapped,mapped,count,1.0,standardized_source_unit,94.0,numeric,94.0,numeric,36.7,numeric,0.5,numeric,0.3,numeric
2019-20,SCADA & network control maintenance,SCADA & network control maintenance,Number,0's,1894.0,167.0,9.17,,,"TransGrid 2019-20 - Category Analysis - RIN Response - Consolidated - 30 October 2020 - PUBLIC (#11,665,158).xlsx",2.8 Maintenance,19,Transgrid,https://www.aer.gov.au/documents/transgrid-2019-20-category-analysis-rin-templates,https://www.aer.gov.au/authors/transgrid-t?page=3,validated_manifest_match,SCADA & network control maintenance,submitted,19,meaningful,True,scada_network_control_maintenance,SCADA & network control maintenance,scada_network_control,SCADA & network control maintenance,mapped,mapped,count,1.0,standardized_source_unit,1894.0,numeric,167.0,numeric,9.17,numeric,,blank,,blank
2019-20,Protection systems maintenance,Protection systems maintenance,Number of main protection assets,0's,3148.0,778.0,15.56,,6.3,"TransGrid 2019-20 - Category Analysis - RIN Response - Consolidated - 30 October 2020 - PUBLIC (#11,665,158).xlsx",2.8 Maintenance,20,Transgrid,https://www.aer.gov.au/documents/transgrid-2019-20-category-analysis-rin-templates,https://www.aer.gov.au/authors/transgrid-t?page=3,validated_manifest_match,Protection systems maintenance,submitted,20,meaningful,True,protection_systems_maintenance,Protection systems maintenance,protection_systems,Protection systems maintenance,mapped,mapped,count,1.0,standardized_source_unit,3148.0,numeric,778.0,numeric,15.56,numeric,,blank,6.3,numeric
2019-20,Other maintenance activity ,Metering Systems,Number,0's,837.0,451.0,7.93,2.5,5.0,"TransGrid 2019-20 - Category Analysis - RIN Response - Consolidated - 30 October 2020 - PUBLIC (#11,665,158).xlsx",2.8 Maintenance,21,Transgrid,https://www.aer.gov.au/documents/transgrid-2019-20-category-analysis-rin-templates,https://www.aer.gov.au/authors/transgrid-t?page=3,validated_manifest_match,Other maintenance activity ,submitted,21,meaningful,True,other_maintenance_activity,Other maintenance activity,metering_systems,Metering Systems,mapped,mapped,count,1.0,standardized_source_unit,837.0,numeric,451.0,numeric,7.93,numeric,2.5,numeric,5.0,numeric
2019-20,,Communications,Number,0's,1765.0,1035.0,7.13,0.5,3.0,"TransGrid 2019-20 - Category Analysis - RIN Response - Consolidated - 30 October 2020 - PUBLIC (#11,665,158).xlsx",2.8 Maintenance,22,Transgrid,https://www.aer.gov.au/documents/transgrid-2019-20-category-analysis-rin-templates,https://www.aer.gov.au/authors/transgrid-t?page=3,validated_manifest_match,Other maintenance activity ,continued_group_label,21,meaningful,True,other_maintenance_activity,Other maintenance activity,communications,Communications,mapped,mapped,count,1.0,standardized_source_unit,1765.0,numeric,1035.0,numeric,7.13,numeric,0.5,numeric,3.0,numeric
2020-21,Transmission lines maintenance,Transmission towers,Number of towers,0's,37305.0,8340.0,39.05337086,5.610796244,5.253979416,TransGrid 2020-21 - Category Analysis - RIN Response - Consolidated - 29 October 2021 - PUBLIC(13029988.1).xlsx,2.8 Maintenance,12,Transgrid,https://www.aer.gov.au/documents/transgrid-2020-21-category-analysis-rin-templates,https://www.aer.gov.au/authors/transgrid-t,validated_manifest_match,Transmission lines maintenance,submitted,12,meaningful,True,transmission_lines_maintenance,Transmission lines maintenance,transmission_towers,Transmission towers,mapped,mapped,count,1.0,standardized_source_unit,37305.0,numeric,8340.0,numeric,39.05337086,numeric,5.610796244,numeric,5.253979416,numeric
2020-21,Transmission lines maintenance,Transmission tower support structures,Number of towers,0's,,,,,,TransGrid 2020-21 - Category Analysis - RIN Response - Consolidated - 29 October 2021 - PUBLIC(13029988.1).xlsx,2.8 Maintenance,13,Transgrid,https://www.aer.gov.au/documents/transgrid-2020-21-category-analysis-rin-templates,https://www.aer.gov.au/authors/transgrid-t,validated_manifest_match,Transmission lines maintenance,submitted,13,meaningful,True,transmission_lines_maintenance,Transmission lines maintenance,transmission_tower_support_structures,Transmission tower support structures,mapped,mapped,count,1.0,standardized_source_unit,,blank,,blank,,blank,,blank,,blank
2020-21,Transmission lines maintenance,Conductors,Route length,km,11241.0,9085.0,43.78200132,3.417180641,,TransGrid 2020-21 - Category Analysis - RIN Response - Consolidated - 29 October 2021 - PUBLIC(13029988.1).xlsx,2.8 Maintenance,14,Transgrid,https://www.aer.gov.au/documents/transgrid-2020-21-category-analysis-rin-templates,https://www.aer.gov.au/authors/transgrid-t,validated_manifest_match,Transmission lines maintenance,submitted,14,meaningful,True,transmission_lines_maintenance,Transmission lines maintenance,conductors,Conductors,mapped,mapped,km,1.0,standardized_source_unit,11241.0,numeric,9085.0,numeric,43.78200132,numeric,3.417180641,numeric,,blank
2020-21,Transmission lines maintenance,Transmission cables,Route length,km,70.165,70.165,16.44536683,0.100206108,1.480367705,TransGrid 2020-21 - Category Analysis - RIN Response - Consolidated - 29 October 2021 - PUBLIC(13029988.1).xlsx,2.8 Maintenance,15,Transgrid,https://www.aer.gov.au/documents/transgrid-2020-21-category-analysis-rin-templates,https://www.aer.gov.au/authors/transgrid-t,validated_manifest_match,Transmission lines maintenance,submitted,15,meaningful,True,transmission_lines_maintenance,Transmission lines maintenance,transmission_cables,Transmission cables,mapped,mapped,km,1.0,standardized_source_unit,70.165,numeric,70.165,numeric,16.44536683,numeric,0.100206108,numeric,1.480367705,numeric
2020-21,Substations equipment & property maintenance,Substation switchbays (incl. Reactive plant),Number of switchbays,0's,2282.0,581.0,32.1,0.5,5.4,TransGrid 2020-21 - Category Analysis - RIN Response - Consolidated - 29 October 2021 - PUBLIC(13029988.1).xlsx,2.8 Maintenance,16,Transgrid,https://www.aer.gov.au/documents/transgrid-2020-21-category-analysis-rin-templates,https://www.aer.gov.au/authors/transgrid-t,validated_manifest_match,Substations equipment & property maintenance,submitted,16,meaningful,True,substations_equipment_property_maintenance,Substations equipment & property maintenance,substation_switchbays,Substation switchbays (incl. Reactive plant),mapped,mapped,count,1.0,standardized_source_unit,2282.0,numeric,581.0,numeric,32.1,numeric,0.5,numeric,5.4,numeric
2020-21,Substations equipment & property maintenance,Substation power transformers,Number of transformers,0's,215.0,195.0,24.0,0.5,5.5,TransGrid 2020-21 - Category Analysis - RIN Response - Consolidated - 29 October 2021 - PUBLIC(13029988.1).xlsx,2.8 Maintenance,17,Transgrid,https://www.aer.gov.au/documents/transgrid-2020-21-category-analysis-rin-templates,https://www.aer.gov.au/authors/transgrid-t,validated_manifest_match,Substations equipment & property maintenance,submitted,17,meaningful,True,substations_equipment_property_maintenance,Substations equipment & property maintenance,substation_power_transformers,Substation power transformers,mapped,mapped,count,1.0,standardized_source_unit,215.0,numeric,195.0,numeric,24.0,numeric,0.5,numeric,5.5,numeric
2020-21,Substations equipment & property maintenance,Substation property,Number of substation properties maintained,0's,95.0,94.0,36.3,0.5,0.3,TransGrid 2020-21 - Category Analysis - RIN Response - Consolidated - 29 October 2021 - PUBLIC(13029988.1).xlsx,2.8 Maintenance,18,Transgrid,https://www.aer.gov.au/documents/transgrid-2020-21-category-analysis-rin-templates,https://www.aer.gov.au/authors/transgrid-t,validated_manifest_match,Substations equipment & property maintenance,submitted,18,meaningful,True,substations_equipment_property_maintenance,Substations equipment & property maintenance,substation_property,Substation property,mapped,mapped,count,1.0,standardized_source_unit,95.0,numeric,94.0,numeric,36.3,numeric,0.5,numeric,0.3,numeric
2020-21,SCADA & network control maintenance,SCADA & network control maintenance,Number,0's,1875.0,161.0,10.1,,,TransGrid 2020-21 - Category Analysis - RIN Response - Consolidated - 29 October 2021 - PUBLIC(13029988.1).xlsx,2.8 Maintenance,19,Transgrid,https://www.aer.gov.au/documents/transgrid-2020-21-category-analysis-rin-templates,https://www.aer.gov.au/authors/transgrid-t,validated_manifest_match,SCADA & network control maintenance,submitted,19,meaningful,True,scada_network_control_maintenance,SCADA & network control maintenance,scada_network_control,SCADA & network control maintenance,mapped,mapped,count,1.0,standardized_source_unit,1875.0,numeric,161.0,numeric,10.1,numeric,,blank,,blank
2020-21,Protection systems maintenance,Protection systems maintenance,Number,0's,3158.0,640.0,15.7,,6.3,TransGrid 2020-21 - Category Analysis - RIN Response - Consolidated - 29 October 2021 - PUBLIC(13029988.1).xlsx,2.8 Maintenance,20,Transgrid,https://www.aer.gov.au/documents/transgrid-2020-21-category-analysis-rin-templates,https://www.aer.gov.au/authors/transgrid-t,validated_manifest_match,Protection systems maintenance,submitted,20,meaningful,True,protection_systems_maintenance,Protection systems maintenance,protection_systems,Protection systems maintenance,mapped,mapped,count,1.0,standardized_source_unit,3158.0,numeric,640.0,numeric,15.7,numeric,,blank,6.3,numeric
2020-21,Other maintenance activity ,Metering Systems,Number,0's,842.0,476.0,8.8,2.5,5.0,TransGrid 2020-21 - Category Analysis - RIN Response - Consolidated - 29 October 2021 - PUBLIC(13029988.1).xlsx,2.8 Maintenance,21,Transgrid,https://www.aer.gov.au/documents/transgrid-2020-21-category-analysis-rin-templates,https://www.aer.gov.au/authors/transgrid-t,validated_manifest_match,Other maintenance activity ,submitted,21,meaningful,True,other_maintenance_activity,Other maintenance activity,metering_systems,Metering Systems,mapped,mapped,count,1.0,standardized_source_unit,842.0,numeric,476.0,numeric,8.8,numeric,2.5,numeric,5.0,numeric
2020-21,,Communications,Number,0's,1804.0,730.0,7.9,0.5,3.0,TransGrid 2020-21 - Category Analysis - RIN Response - Consolidated - 29 October 2021 - PUBLIC(13029988.1).xlsx,2.8 Maintenance,22,Transgrid,https://www.aer.gov.au/documents/transgrid-2020-21-category-analysis-rin-templates,https://www.aer.gov.au/authors/transgrid-t,validated_manifest_match,Other maintenance activity ,continued_group_label,21,meaningful,True,other_maintenance_activity,Other maintenance activity,communications,Communications,mapped,mapped,count,1.0,standardized_source_unit,1804.0,numeric,730.0,numeric,7.9,numeric,0.5,numeric,3.0,numeric
2021-22,Transmission lines maintenance,Transmission towers,Number of towers,0's,37315.0,12284.0,39.73788021,5.62,5.15,Transgrid 2021-22 - Category Analysis - RIN Response - Consolidated - 31 October 2022 - PUBLIC(14550262.2).xlsx,2.8 Maintenance,12,Transgrid,https://www.aer.gov.au/documents/transgrid-2021-22-category-analysis-rin-templates,https://www.aer.gov.au/search?search=Transgrid+2021%E2%80%9322,validated_manifest_match,Transmission lines maintenance,submitted,12,meaningful,True,transmission_lines_maintenance,Transmission lines maintenance,transmission_towers,Transmission towers,mapped,mapped,count,1.0,standardized_source_unit,37315.0,numeric,12284.0,numeric,39.73788021,numeric,5.62,numeric,5.15,numeric
2021-22,Transmission lines maintenance,Transmission tower support structures,Number of towers,0's,,,,,,Transgrid 2021-22 - Category Analysis - RIN Response - Consolidated - 31 October 2022 - PUBLIC(14550262.2).xlsx,2.8 Maintenance,13,Transgrid,https://www.aer.gov.au/documents/transgrid-2021-22-category-analysis-rin-templates,https://www.aer.gov.au/search?search=Transgrid+2021%E2%80%9322,validated_manifest_match,Transmission lines maintenance,submitted,13,meaningful,True,transmission_lines_maintenance,Transmission lines maintenance,transmission_tower_support_structures,Transmission tower support structures,mapped,mapped,count,1.0,standardized_source_unit,,blank,,blank,,blank,,blank,,blank
2021-22,Transmission lines maintenance,Conductors,Route length,km,11239.31,86.154,44.75390019,3.44,0.0,Transgrid 2021-22 - Category Analysis - RIN Response - Consolidated - 31 October 2022 - PUBLIC(14550262.2).xlsx,2.8 Maintenance,14,Transgrid,https://www.aer.gov.au/documents/transgrid-2021-22-category-analysis-rin-templates,https://www.aer.gov.au/search?search=Transgrid+2021%E2%80%9322,validated_manifest_match,Transmission lines maintenance,submitted,14,meaningful,True,transmission_lines_maintenance,Transmission lines maintenance,conductors,Conductors,mapped,mapped,km,1.0,standardized_source_unit,11239.31,numeric,86.154,numeric,44.75390019,numeric,3.44,numeric,0.0,numeric
2021-22,Transmission lines maintenance,Transmission cables,Route length,km,90.785,90.785,17.18499201,0.083339335,1.814286501,Transgrid 2021-22 - Category Analysis - RIN Response - Consolidated - 31 October 2022 - PUBLIC(14550262.2).xlsx,2.8 Maintenance,15,Transgrid,https://www.aer.gov.au/documents/transgrid-2021-22-category-analysis-rin-templates,https://www.aer.gov.au/search?search=Transgrid+2021%E2%80%9322,validated_manifest_match,Transmission lines maintenance,submitted,15,meaningful,True,transmission_lines_maintenance,Transmission lines maintenance,transmission_cables,Transmission cables,mapped,mapped,km,1.0,standardized_source_unit,90.785,numeric,90.785,numeric,17.18499201,numeric,0.083339335,numeric,1.814286501,numeric
2021-22,Substations equipment & property maintenance,Substation switchbays (incl. Reactive plant),Number of switchbays,0's,2325.0,494.0,33.0,0.5,5.9,Transgrid 2021-22 - Category Analysis - RIN Response - Consolidated - 31 October 2022 - PUBLIC(14550262.2).xlsx,2.8 Maintenance,16,Transgrid,https://www.aer.gov.au/documents/transgrid-2021-22-category-analysis-rin-templates,https://www.aer.gov.au/search?search=Transgrid+2021%E2%80%9322,validated_manifest_match,Substations equipment & property maintenance,submitted,16,meaningful,True,substations_equipment_property_maintenance,Substations equipment & property maintenance,substation_switchbays,Substation switchbays (incl. Reactive plant),mapped,mapped,count,1.0,standardized_source_unit,2325.0,numeric,494.0,numeric,33.0,numeric,0.5,numeric,5.9,numeric
2021-22,Substations equipment & property maintenance,Substation power transformers,Number of transformers,0's,208.0,192.0,19.7,0.5,5.5,Transgrid 2021-22 - Category Analysis - RIN Response - Consolidated - 31 October 2022 - PUBLIC(14550262.2).xlsx,2.8 Maintenance,17,Transgrid,https://www.aer.gov.au/documents/transgrid-2021-22-category-analysis-rin-templates,https://www.aer.gov.au/search?search=Transgrid+2021%E2%80%9322,validated_manifest_match,Substations equipment & property maintenance,submitted,17,meaningful,True,substations_equipment_property_maintenance,Substations equipment & property maintenance,substation_power_transformers,Substation power transformers,mapped,mapped,count,1.0,standardized_source_unit,208.0,numeric,192.0,numeric,19.7,numeric,0.5,numeric,5.5,numeric
2021-22,Substations equipment & property maintenance,Substation property,Number of substation properties maintained,0's,95.0,94.0,38.3,0.5,0.3,Transgrid 2021-22 - Category Analysis - RIN Response - Consolidated - 31 October 2022 - PUBLIC(14550262.2).xlsx,2.8 Maintenance,18,Transgrid,https://www.aer.gov.au/documents/transgrid-2021-22-category-analysis-rin-templates,https://www.aer.gov.au/search?search=Transgrid+2021%E2%80%9322,validated_manifest_match,Substations equipment & property maintenance,submitted,18,meaningful,True,substations_equipment_property_maintenance,Substations equipment & property maintenance,substation_property,Substation property,mapped,mapped,count,1.0,standardized_source_unit,95.0,numeric,94.0,numeric,38.3,numeric,0.5,numeric,0.3,numeric
2021-22,SCADA & network control maintenance,SCADA & network control maintenance,Number,0's,1883.0,222.0,11.1,,,Transgrid 2021-22 - Category Analysis - RIN Response - Consolidated - 31 October 2022 - PUBLIC(14550262.2).xlsx,2.8 Maintenance,19,Transgrid,https://www.aer.gov.au/documents/transgrid-2021-22-category-analysis-rin-templates,https://www.aer.gov.au/search?search=Transgrid+2021%E2%80%9322,validated_manifest_match,SCADA & network control maintenance,submitted,19,meaningful,True,scada_network_control_maintenance,SCADA & network control maintenance,scada_network_control,SCADA & network control maintenance,mapped,mapped,count,1.0,standardized_source_unit,1883.0,numeric,222.0,numeric,11.1,numeric,,blank,,blank
2021-22,Protection systems maintenance,Protection systems maintenance,Number,0's,3227.0,767.0,15.6,,6.4,Transgrid 2021-22 - Category Analysis - RIN Response - Consolidated - 31 October 2022 - PUBLIC(14550262.2).xlsx,2.8 Maintenance,20,Transgrid,https://www.aer.gov.au/documents/transgrid-2021-22-category-analysis-rin-templates,https://www.aer.gov.au/search?search=Transgrid+2021%E2%80%9322,validated_manifest_match,Protection systems maintenance,submitted,20,meaningful,True,protection_systems_maintenance,Protection systems maintenance,protection_systems,Protection systems maintenance,mapped,mapped,count,1.0,standardized_source_unit,3227.0,numeric,767.0,numeric,15.6,numeric,,blank,6.4,numeric
2021-22,Other maintenance activity ,Metering,Number,0's,839.0,622.0,9.5,2.5,5.0,Transgrid 2021-22 - Category Analysis - RIN Response - Consolidated - 31 October 2022 - PUBLIC(14550262.2).xlsx,2.8 Maintenance,21,Transgrid,https://www.aer.gov.au/documents/transgrid-2021-22-category-analysis-rin-templates,https://www.aer.gov.au/search?search=Transgrid+2021%E2%80%9322,validated_manifest_match,Other maintenance activity ,submitted,21,meaningful,True,other_maintenance_activity,Other maintenance activity,metering,Metering,mapped,mapped,count,1.0,standardized_source_unit,839.0,numeric,622.0,numeric,9.5,numeric,2.5,numeric,5.0,numeric
2021-22,,Communications,Number,0's,1779.0,820.0,8.7,0.7,3.0,Transgrid 2021-22 - Category Analysis - RIN Response - Consolidated - 31 October 2022 - PUBLIC(14550262.2).xlsx,2.8 Maintenance,22,Transgrid,https://www.aer.gov.au/documents/transgrid-2021-22-category-analysis-rin-templates,https://www.aer.gov.au/search?search=Transgrid+2021%E2%80%9322,validated_manifest_match,Other maintenance activity ,continued_group_label,21,meaningful,True,other_maintenance_activity,Other maintenance activity,communications,Communications,mapped,mapped,count,1.0,standardized_source_unit,1779.0,numeric,820.0,numeric,8.7,numeric,0.7,numeric,3.0,numeric
2021-22,,Bushfire Remediation,Number,0's,,,,,,Transgrid 2021-22 - Category Analysis - RIN Response - Consolidated - 31 October 2022 - PUBLIC(14550262.2).xlsx,2.8 Maintenance,23,Transgrid,https://www.aer.gov.au/documents/transgrid-2021-22-category-analysis-rin-templates,https://www.aer.gov.au/search?search=Transgrid+2021%E2%80%9322,validated_manifest_match,Other maintenance activity ,continued_group_label,21,meaningful,True,other_maintenance_activity,Other maintenance activity,bushfire_remediation,Bushfire Remediation,mapped,mapped,count,1.0,standardized_source_unit,,blank,,blank,,blank,,blank,,blank
2022-23,Transmission lines maintenance,Transmission towers,Number of towers,number,37308.0,9499.0,40.56,5.45,5.01,Transgrid 2022-23 - Category analysis - RIN response - Consolidated - 31 October 2023 - PUBLIC(15993699.2).xlsx,2.8 Maintenance,13,Transgrid,https://www.aer.gov.au/documents/transgrid-2022-23-category-analysis-rin-templates,https://www.aer.gov.au/authors/transgrid-t,validated_manifest_match,Transmission lines maintenance,submitted,13,meaningful,True,transmission_lines_maintenance,Transmission lines maintenance,transmission_towers,Transmission towers,mapped,mapped,count,1.0,standardized_source_unit,37308.0,numeric,9499.0,numeric,40.56,numeric,5.45,numeric,5.01,numeric
2022-23,Transmission lines maintenance,Transmission tower support structures,Number of towers,number,,,,,,Transgrid 2022-23 - Category analysis - RIN response - Consolidated - 31 October 2023 - PUBLIC(15993699.2).xlsx,2.8 Maintenance,14,Transgrid,https://www.aer.gov.au/documents/transgrid-2022-23-category-analysis-rin-templates,https://www.aer.gov.au/authors/transgrid-t,validated_manifest_match,Transmission lines maintenance,submitted,14,meaningful,True,transmission_lines_maintenance,Transmission lines maintenance,transmission_tower_support_structures,Transmission tower support structures,mapped,mapped,count,1.0,standardized_source_unit,,blank,,blank,,blank,,blank,,blank
2022-23,Transmission lines maintenance,Conductors,Route length,km,11233.24,3587.0,45.77437032,3.39,,Transgrid 2022-23 - Category analysis - RIN response - Consolidated - 31 October 2023 - PUBLIC(15993699.2).xlsx,2.8 Maintenance,15,Transgrid,https://www.aer.gov.au/documents/transgrid-2022-23-category-analysis-rin-templates,https://www.aer.gov.au/authors/transgrid-t,validated_manifest_match,Transmission lines maintenance,submitted,15,meaningful,True,transmission_lines_maintenance,Transmission lines maintenance,conductors,Conductors,mapped,mapped,km,1.0,standardized_source_unit,11233.24,numeric,3587.0,numeric,45.77437032,numeric,3.39,numeric,,blank
2022-23,Transmission lines maintenance,Transmission cables,Route length,km,90.785,90.785,18.18499201,0.086848612,1.814286501,Transgrid 2022-23 - Category analysis - RIN response - Consolidated - 31 October 2023 - PUBLIC(15993699.2).xlsx,2.8 Maintenance,16,Transgrid,https://www.aer.gov.au/documents/transgrid-2022-23-category-analysis-rin-templates,https://www.aer.gov.au/authors/transgrid-t,validated_manifest_match,Transmission lines maintenance,submitted,16,meaningful,True,transmission_lines_maintenance,Transmission lines maintenance,transmission_cables,Transmission cables,mapped,mapped,km,1.0,standardized_source_unit,90.785,numeric,90.785,numeric,18.18499201,numeric,0.086848612,numeric,1.814286501,numeric
2022-23,Substations equipment & property maintenance,Substation switchbays (incl. Reactive plant),Number of switchbays,number,2341.0,516.0,33.6,0.5,5.7,Transgrid 2022-23 - Category analysis - RIN response - Consolidated - 31 October 2023 - PUBLIC(15993699.2).xlsx,2.8 Maintenance,17,Transgrid,https://www.aer.gov.au/documents/transgrid-2022-23-category-analysis-rin-templates,https://www.aer.gov.au/authors/transgrid-t,validated_manifest_match,Substations equipment & property maintenance,submitted,17,meaningful,True,substations_equipment_property_maintenance,Substations equipment & property maintenance,substation_switchbays,Substation switchbays (incl. Reactive plant),mapped,mapped,count,1.0,standardized_source_unit,2341.0,numeric,516.0,numeric,33.6,numeric,0.5,numeric,5.7,numeric
2022-23,Substations equipment & property maintenance,Substation power transformers,Number of transformers,number,215.0,202.0,20.2,0.5,5.5,Transgrid 2022-23 - Category analysis - RIN response - Consolidated - 31 October 2023 - PUBLIC(15993699.2).xlsx,2.8 Maintenance,18,Transgrid,https://www.aer.gov.au/documents/transgrid-2022-23-category-analysis-rin-templates,https://www.aer.gov.au/authors/transgrid-t,validated_manifest_match,Substations equipment & property maintenance,submitted,18,meaningful,True,substations_equipment_property_maintenance,Substations equipment & property maintenance,substation_power_transformers,Substation power transformers,mapped,mapped,count,1.0,standardized_source_unit,215.0,numeric,202.0,numeric,20.2,numeric,0.5,numeric,5.5,numeric
2022-23,Substations equipment & property maintenance,Substation property,Number of substation properties maintained,number,96.0,96.0,38.9,0.5,0.3,Transgrid 2022-23 - Category analysis - RIN response - Consolidated - 31 October 2023 - PUBLIC(15993699.2).xlsx,2.8 Maintenance,19,Transgrid,https://www.aer.gov.au/documents/transgrid-2022-23-category-analysis-rin-templates,https://www.aer.gov.au/authors/transgrid-t,validated_manifest_match,Substations equipment & property maintenance,submitted,19,meaningful,True,substations_equipment_property_maintenance,Substations equipment & property maintenance,substation_property,Substation property,mapped,mapped,count,1.0,standardized_source_unit,96.0,numeric,96.0,numeric,38.9,numeric,0.5,numeric,0.3,numeric
2022-23,SCADA & network control maintenance,SCADA & network control maintenance,Number,0's,1977.0,173.0,12.0,,,Transgrid 2022-23 - Category analysis - RIN response - Consolidated - 31 October 2023 - PUBLIC(15993699.2).xlsx,2.8 Maintenance,20,Transgrid,https://www.aer.gov.au/documents/transgrid-2022-23-category-analysis-rin-templates,https://www.aer.gov.au/authors/transgrid-t,validated_manifest_match,SCADA & network control maintenance,submitted,20,meaningful,True,scada_network_control_maintenance,SCADA & network control maintenance,scada_network_control,SCADA & network control maintenance,mapped,mapped,count,1.0,standardized_source_unit,1977.0,numeric,173.0,numeric,12.0,numeric,,blank,,blank
2022-23,Protection systems maintenance,Protection systems maintenance,Number,0's,3240.0,1021.0,15.6,,6.4,Transgrid 2022-23 - Category analysis - RIN response - Consolidated - 31 October 2023 - PUBLIC(15993699.2).xlsx,2.8 Maintenance,21,Transgrid,https://www.aer.gov.au/documents/transgrid-2022-23-category-analysis-rin-templates,https://www.aer.gov.au/authors/transgrid-t,validated_manifest_match,Protection systems maintenance,submitted,21,meaningful,True,protection_systems_maintenance,Protection systems maintenance,protection_systems,Protection systems maintenance,mapped,mapped,count,1.0,standardized_source_unit,3240.0,numeric,1021.0,numeric,15.6,numeric,,blank,6.4,numeric
2022-23,Other maintenance activity ,Metering,Number,0's,855.0,540.0,10.2,2.5,5.0,Transgrid 2022-23 - Category analysis - RIN response - Consolidated - 31 October 2023 - PUBLIC(15993699.2).xlsx,2.8 Maintenance,22,Transgrid,https://www.aer.gov.au/documents/transgrid-2022-23-category-analysis-rin-templates,https://www.aer.gov.au/authors/transgrid-t,validated_manifest_match,Other maintenance activity ,submitted,22,meaningful,True,other_maintenance_activity,Other maintenance activity,metering,Metering,mapped,mapped,count,1.0,standardized_source_unit,855.0,numeric,540.0,numeric,10.2,numeric,2.5,numeric,5.0,numeric
2022-23,,Communications,Number,0's,1787.0,981.0,9.6,0.7,3.0,Transgrid 2022-23 - Category analysis - RIN response - Consolidated - 31 October 2023 - PUBLIC(15993699.2).xlsx,2.8 Maintenance,23,Transgrid,https://www.aer.gov.au/documents/transgrid-2022-23-category-analysis-rin-templates,https://www.aer.gov.au/authors/transgrid-t,validated_manifest_match,Other maintenance activity ,continued_group_label,22,meaningful,True,other_maintenance_activity,Other maintenance activity,communications,Communications,mapped,mapped,count,1.0,standardized_source_unit,1787.0,numeric,981.0,numeric,9.6,numeric,0.7,numeric,3.0,numeric
2023-24,Transmission lines maintenance,Transmission towers,Number of towers,number,37310.0,11506.0,41.45770571,5.61,5.41,Transgrid 2023-24 - Category Analysis - RIN Response - Consolidated - 31 October 2024 - PUBLIC(17496053.2).xlsx,2.8 Maintenance,13,Transgrid,https://www.aer.gov.au/documents/transgrid-2023-24-category-analysis-rin-templates,https://www.aer.gov.au/authors/transgrid-t,validated_manifest_match,Transmission lines maintenance,submitted,13,meaningful,True,transmission_lines_maintenance,Transmission lines maintenance,transmission_towers,Transmission towers,mapped,mapped,count,1.0,standardized_source_unit,37310.0,numeric,11506.0,numeric,41.45770571,numeric,5.61,numeric,5.41,numeric
2023-24,Transmission lines maintenance,Transmission tower support structures,Number of towers,number,,,,,,Transgrid 2023-24 - Category Analysis - RIN Response - Consolidated - 31 October 2024 - PUBLIC(17496053.2).xlsx,2.8 Maintenance,14,Transgrid,https://www.aer.gov.au/documents/transgrid-2023-24-category-analysis-rin-templates,https://www.aer.gov.au/authors/transgrid-t,validated_manifest_match,Transmission lines maintenance,submitted,14,meaningful,True,transmission_lines_maintenance,Transmission lines maintenance,transmission_tower_support_structures,Transmission tower support structures,mapped,mapped,count,1.0,standardized_source_unit,,blank,,blank,,blank,,blank,,blank
2023-24,Transmission lines maintenance,Conductors,Route length,km,11230.22,40.6,46.6636156,3.29,,Transgrid 2023-24 - Category Analysis - RIN Response - Consolidated - 31 October 2024 - PUBLIC(17496053.2).xlsx,2.8 Maintenance,15,Transgrid,https://www.aer.gov.au/documents/transgrid-2023-24-category-analysis-rin-templates,https://www.aer.gov.au/authors/transgrid-t,validated_manifest_match,Transmission lines maintenance,submitted,15,meaningful,True,transmission_lines_maintenance,Transmission lines maintenance,conductors,Conductors,mapped,mapped,km,1.0,standardized_source_unit,11230.22,numeric,40.6,numeric,46.6636156,numeric,3.29,numeric,,blank
2023-24,Transmission lines maintenance,Transmission cables,Route length,km,90.785,90.785,19.18499201,0.086848612,1.814286501,Transgrid 2023-24 - Category Analysis - RIN Response - Consolidated - 31 October 2024 - PUBLIC(17496053.2).xlsx,2.8 Maintenance,16,Transgrid,https://www.aer.gov.au/documents/transgrid-2023-24-category-analysis-rin-templates,https://www.aer.gov.au/authors/transgrid-t,validated_manifest_match,Transmission lines maintenance,submitted,16,meaningful,True,transmission_lines_maintenance,Transmission lines maintenance,transmission_cables,Transmission cables,mapped,mapped,km,1.0,standardized_source_unit,90.785,numeric,90.785,numeric,19.18499201,numeric,0.086848612,numeric,1.814286501,numeric
2023-24,Substations equipment & property maintenance,Substation switchbays (incl. Reactive plant),Number of switchbays,number,2350.0,252.0,34.4,0.5,5.9,Transgrid 2023-24 - Category Analysis - RIN Response - Consolidated - 31 October 2024 - PUBLIC(17496053.2).xlsx,2.8 Maintenance,17,Transgrid,https://www.aer.gov.au/documents/transgrid-2023-24-category-analysis-rin-templates,https://www.aer.gov.au/authors/transgrid-t,validated_manifest_match,Substations equipment & property maintenance,submitted,17,meaningful,True,substations_equipment_property_maintenance,Substations equipment & property maintenance,substation_switchbays,Substation switchbays (incl. Reactive plant),mapped,mapped,count,1.0,standardized_source_unit,2350.0,numeric,252.0,numeric,34.4,numeric,0.5,numeric,5.9,numeric
2023-24,Substations equipment & property maintenance,Substation power transformers,Number of transformers,number,215.0,206.0,21.0,0.5,5.5,Transgrid 2023-24 - Category Analysis - RIN Response - Consolidated - 31 October 2024 - PUBLIC(17496053.2).xlsx,2.8 Maintenance,18,Transgrid,https://www.aer.gov.au/documents/transgrid-2023-24-category-analysis-rin-templates,https://www.aer.gov.au/authors/transgrid-t,validated_manifest_match,Substations equipment & property maintenance,submitted,18,meaningful,True,substations_equipment_property_maintenance,Substations equipment & property maintenance,substation_power_transformers,Substation power transformers,mapped,mapped,count,1.0,standardized_source_unit,215.0,numeric,206.0,numeric,21.0,numeric,0.5,numeric,5.5,numeric
2023-24,Substations equipment & property maintenance,Substation property,Number of substation properties maintained,number,96.0,95.0,39.9,0.5,0.3,Transgrid 2023-24 - Category Analysis - RIN Response - Consolidated - 31 October 2024 - PUBLIC(17496053.2).xlsx,2.8 Maintenance,19,Transgrid,https://www.aer.gov.au/documents/transgrid-2023-24-category-analysis-rin-templates,https://www.aer.gov.au/authors/transgrid-t,validated_manifest_match,Substations equipment & property maintenance,submitted,19,meaningful,True,substations_equipment_property_maintenance,Substations equipment & property maintenance,substation_property,Substation property,mapped,mapped,count,1.0,standardized_source_unit,96.0,numeric,95.0,numeric,39.9,numeric,0.5,numeric,0.3,numeric
2023-24,SCADA & network control maintenance,SCADA & network control maintenance,Number of main control assets,0's,2046.0,196.0,12.6,,,Transgrid 2023-24 - Category Analysis - RIN Response - Consolidated - 31 October 2024 - PUBLIC(17496053.2).xlsx,2.8 Maintenance,20,Transgrid,https://www.aer.gov.au/documents/transgrid-2023-24-category-analysis-rin-templates,https://www.aer.gov.au/authors/transgrid-t,validated_manifest_match,SCADA & network control maintenance,submitted,20,meaningful,True,scada_network_control_maintenance,SCADA & network control maintenance,scada_network_control,SCADA & network control maintenance,mapped,mapped,count,1.0,standardized_source_unit,2046.0,numeric,196.0,numeric,12.6,numeric,,blank,,blank
2023-24,Protection systems maintenance,Protection systems maintenance,Number of main protection assets,0's,3286.0,893.0,15.6,,6.5,Transgrid 2023-24 - Category Analysis - RIN Response - Consolidated - 31 October 2024 - PUBLIC(17496053.2).xlsx,2.8 Maintenance,21,Transgrid,https://www.aer.gov.au/documents/transgrid-2023-24-category-analysis-rin-templates,https://www.aer.gov.au/authors/transgrid-t,validated_manifest_match,Protection systems maintenance,submitted,21,meaningful,True,protection_systems_maintenance,Protection systems maintenance,protection_systems,Protection systems maintenance,mapped,mapped,count,1.0,standardized_source_unit,3286.0,numeric,893.0,numeric,15.6,numeric,,blank,6.5,numeric
2023-24,Other maintenance activity ,Metering,Number of main metering assets,0's,838.0,639.0,10.7,2.5,5.0,Transgrid 2023-24 - Category Analysis - RIN Response - Consolidated - 31 October 2024 - PUBLIC(17496053.2).xlsx,2.8 Maintenance,22,Transgrid,https://www.aer.gov.au/documents/transgrid-2023-24-category-analysis-rin-templates,https://www.aer.gov.au/authors/transgrid-t,validated_manifest_match,Other maintenance activity ,submitted,22,meaningful,True,other_maintenance_activity,Other maintenance activity,metering,Metering,mapped,mapped,count,1.0,standardized_source_unit,838.0,numeric,639.0,numeric,10.7,numeric,2.5,numeric,5.0,numeric
2023-24,,Communications,Number of main communications assets,0's,1790.0,974.0,10.6,1.0,3.0,Transgrid 2023-24 - Category Analysis - RIN Response - Consolidated - 31 October 2024 - PUBLIC(17496053.2).xlsx,2.8 Maintenance,23,Transgrid,https://www.aer.gov.au/documents/transgrid-2023-24-category-analysis-rin-templates,https://www.aer.gov.au/authors/transgrid-t,validated_manifest_match,Other maintenance activity ,continued_group_label,22,meaningful,True,other_maintenance_activity,Other maintenance activity,communications,Communications,mapped,mapped,count,1.0,standardized_source_unit,1790.0,numeric,974.0,numeric,10.6,numeric,1.0,numeric,3.0,numeric
