reporting_period,maintenance_activity,maintenance_asset_subcategory,source_currency_unit,routine_maintenance_expenditure,non_routine_maintenance_expenditure,source_workbook,source_sheet,source_row,business,landing_page_url,source_page_url,metadata_match_status,maintenance_activity_resolved,activity_resolution_status,activity_anchor_source_row,row_classification,analytic_row_eligible,maintenance_activity_standard_id,maintenance_activity_standard,maintenance_asset_standard_id,maintenance_asset_standard,activity_mapping_status,asset_mapping_status,currency_standard,price_basis,currency_scale_factor,currency_unit_status,routine_maintenance_expenditure_standard,routine_maintenance_expenditure_status,non_routine_maintenance_expenditure_standard,non_routine_maintenance_expenditure_status,total_maintenance_expenditure_standard,total_maintenance_expenditure_status,relationship_status,descriptor_source_workbook,descriptor_source_sheet,descriptor_source_row,denominator_unit_standard,installed_quantity_standard,installed_quantity_status,serviced_quantity_standard,serviced_quantity_status,installed_ratio_unit,installed_ratio_status,serviced_ratio_unit,serviced_ratio_status,routine_expenditure_per_installed_unit,non_routine_expenditure_per_installed_unit,total_expenditure_per_installed_unit,routine_expenditure_per_serviced_unit,non_routine_expenditure_per_serviced_unit,total_expenditure_per_serviced_unit
2019-20,Transmission lines maintenance,Transmission towers,$0's,1090083.3939484735,879892.3296314386,AusNet (T) 2019-20 - Category Analysis - RIN Response - Consolidated - 28 July 2020 - PUBLIC(11429287.3).xlsx,2.8 Maintenance,50,AusNet Transmission,https://www.aer.gov.au/documents/ausnet-services-transmission-2019-20-category-analysis-rin-templates,https://www.aer.gov.au/search?search=AusNet+Transmission+2019%E2%80%9320&sort_by=relevance,validated_manifest_match,Transmission lines maintenance,submitted,50,meaningful,True,transmission_lines_maintenance,Transmission lines maintenance,transmission_towers,Transmission towers,mapped,mapped,AUD,nominal,1.0,standardized_source_unit,1090083.3939484735,numeric,879892.3296314386,numeric,1969975.723579912,numeric,matched_with_denominator,AusNet (T) 2019-20 - Category Analysis - RIN Response - Consolidated - 28 July 2020 - PUBLIC(11429287.3).xlsx,2.8 Maintenance,12,count,13204.0,numeric,17605.333333333332,numeric,nominal_AUD_per_count,calculated,nominal_AUD_per_count,calculated,82.55705800882107,66.63831639135402,149.1953744001751,61.917793506615816,49.97873729351552,111.89653080013133
2019-20,Transmission lines maintenance,Transmission tower support structures,$0's,171111.46188830375,108906.98127797247,AusNet (T) 2019-20 - Category Analysis - RIN Response - Consolidated - 28 July 2020 - PUBLIC(11429287.3).xlsx,2.8 Maintenance,51,AusNet Transmission,https://www.aer.gov.au/documents/ausnet-services-transmission-2019-20-category-analysis-rin-templates,https://www.aer.gov.au/search?search=AusNet+Transmission+2019%E2%80%9320&sort_by=relevance,validated_manifest_match,Transmission lines maintenance,submitted,51,meaningful,True,transmission_lines_maintenance,Transmission lines maintenance,transmission_tower_support_structures,Transmission tower support structures,mapped,mapped,AUD,nominal,1.0,standardized_source_unit,171111.46188830375,numeric,108906.98127797247,numeric,280018.4431662762,numeric,matched_with_denominator,AusNet (T) 2019-20 - Category Analysis - RIN Response - Consolidated - 28 July 2020 - PUBLIC(11429287.3).xlsx,2.8 Maintenance,13,count,69527.0,numeric,46351.333333333336,numeric,nominal_AUD_per_count,calculated,nominal_AUD_per_count,calculated,2.461079320095844,1.566398395989651,4.027477716085495,3.6916189801437658,2.3495975939844764,6.041216574128242
2019-20,Transmission lines maintenance,Conductors,$0's,950695.1511238446,467343.6657087683,AusNet (T) 2019-20 - Category Analysis - RIN Response - Consolidated - 28 July 2020 - PUBLIC(11429287.3).xlsx,2.8 Maintenance,52,AusNet Transmission,https://www.aer.gov.au/documents/ausnet-services-transmission-2019-20-category-analysis-rin-templates,https://www.aer.gov.au/search?search=AusNet+Transmission+2019%E2%80%9320&sort_by=relevance,validated_manifest_match,Transmission lines maintenance,submitted,52,meaningful,True,transmission_lines_maintenance,Transmission lines maintenance,conductors,Conductors,mapped,mapped,AUD,nominal,1.0,standardized_source_unit,950695.1511238446,numeric,467343.6657087683,numeric,1418038.8168326127,numeric,matched_with_denominator,AusNet (T) 2019-20 - Category Analysis - RIN Response - Consolidated - 28 July 2020 - PUBLIC(11429287.3).xlsx,2.8 Maintenance,14,km,5086.8,numeric,1695.6,numeric,nominal_AUD_per_km,calculated,nominal_AUD_per_km,calculated,186.8945409931282,91.87380390594643,278.7683448990746,560.6836229793846,275.6214117178393,836.3050346972238
2019-20,Transmission lines maintenance,Transmission cables,$0's,123058.45782732213,24838.361656799232,AusNet (T) 2019-20 - Category Analysis - RIN Response - Consolidated - 28 July 2020 - PUBLIC(11429287.3).xlsx,2.8 Maintenance,53,AusNet Transmission,https://www.aer.gov.au/documents/ausnet-services-transmission-2019-20-category-analysis-rin-templates,https://www.aer.gov.au/search?search=AusNet+Transmission+2019%E2%80%9320&sort_by=relevance,validated_manifest_match,Transmission lines maintenance,submitted,53,meaningful,True,transmission_lines_maintenance,Transmission lines maintenance,transmission_cables,Transmission cables,mapped,mapped,AUD,nominal,1.0,standardized_source_unit,123058.45782732213,numeric,24838.361656799232,numeric,147896.81948412137,numeric,matched_with_denominator,AusNet (T) 2019-20 - Category Analysis - RIN Response - Consolidated - 28 July 2020 - PUBLIC(11429287.3).xlsx,2.8 Maintenance,15,km,8.54,numeric,17.08,numeric,nominal_AUD_per_km,calculated,nominal_AUD_per_km,calculated,14409.65548329299,2908.473261920285,17318.12874521328,7204.827741646495,1454.2366309601425,8659.06437260664
2019-20,Substations equipment & property maintenance,Substation switchbays (incl. Reactive plant),$0's,3323640.3497046656,1442763.4969652786,AusNet (T) 2019-20 - Category Analysis - RIN Response - Consolidated - 28 July 2020 - PUBLIC(11429287.3).xlsx,2.8 Maintenance,54,AusNet Transmission,https://www.aer.gov.au/documents/ausnet-services-transmission-2019-20-category-analysis-rin-templates,https://www.aer.gov.au/search?search=AusNet+Transmission+2019%E2%80%9320&sort_by=relevance,validated_manifest_match,Substations equipment & property maintenance,submitted,54,meaningful,True,substations_equipment_property_maintenance,Substations equipment & property maintenance,substation_switchbays,Substation switchbays (incl. Reactive plant),mapped,mapped,AUD,nominal,1.0,standardized_source_unit,3323640.3497046656,numeric,1442763.4969652786,numeric,4766403.846669944,numeric,matched_with_denominator,AusNet (T) 2019-20 - Category Analysis - RIN Response - Consolidated - 28 July 2020 - PUBLIC(11429287.3).xlsx,2.8 Maintenance,16,count,1133.0,numeric,2340.0,numeric,nominal_AUD_per_count,calculated,nominal_AUD_per_count,calculated,2933.4866281594577,1273.40114471781,4206.887772877268,1420.3591238054125,616.5655969937088,2036.9247207991214
2019-20,Substations equipment & property maintenance,Substation power transformers,$0's,1895242.4356921536,2780588.9873634623,AusNet (T) 2019-20 - Category Analysis - RIN Response - Consolidated - 28 July 2020 - PUBLIC(11429287.3).xlsx,2.8 Maintenance,55,AusNet Transmission,https://www.aer.gov.au/documents/ausnet-services-transmission-2019-20-category-analysis-rin-templates,https://www.aer.gov.au/search?search=AusNet+Transmission+2019%E2%80%9320&sort_by=relevance,validated_manifest_match,Substations equipment & property maintenance,submitted,55,meaningful,True,substations_equipment_property_maintenance,Substations equipment & property maintenance,substation_power_transformers,Substation power transformers,mapped,mapped,AUD,nominal,1.0,standardized_source_unit,1895242.4356921536,numeric,2780588.9873634623,numeric,4675831.423055616,numeric,matched_with_denominator,AusNet (T) 2019-20 - Category Analysis - RIN Response - Consolidated - 28 July 2020 - PUBLIC(11429287.3).xlsx,2.8 Maintenance,17,count,174.0,numeric,671.0,numeric,nominal_AUD_per_count,calculated,nominal_AUD_per_count,calculated,10892.197906276746,15980.396479100358,26872.594385377106,2824.50437510008,4143.947820213803,6968.452195313884
2019-20,Substations equipment & property maintenance,Substation property,$0's,1219191.6282079946,1304413.8841710165,AusNet (T) 2019-20 - Category Analysis - RIN Response - Consolidated - 28 July 2020 - PUBLIC(11429287.3).xlsx,2.8 Maintenance,56,AusNet Transmission,https://www.aer.gov.au/documents/ausnet-services-transmission-2019-20-category-analysis-rin-templates,https://www.aer.gov.au/search?search=AusNet+Transmission+2019%E2%80%9320&sort_by=relevance,validated_manifest_match,Substations equipment & property maintenance,submitted,56,meaningful,True,substations_equipment_property_maintenance,Substations equipment & property maintenance,substation_property,Substation property,mapped,mapped,AUD,nominal,1.0,standardized_source_unit,1219191.6282079946,numeric,1304413.8841710165,numeric,2523605.512379011,numeric,matched_with_denominator,AusNet (T) 2019-20 - Category Analysis - RIN Response - Consolidated - 28 July 2020 - PUBLIC(11429287.3).xlsx,2.8 Maintenance,18,count,47.0,numeric,1660.0,numeric,nominal_AUD_per_count,calculated,nominal_AUD_per_count,calculated,25940.247408680738,27753.48689725567,53693.73430593641,734.4527880771052,785.7914964885641,1520.2442845656694
2019-20,SCADA & network control maintenance,SCADA & network control maintenance,$0's,807662.7171930161,435284.9557497263,AusNet (T) 2019-20 - Category Analysis - RIN Response - Consolidated - 28 July 2020 - PUBLIC(11429287.3).xlsx,2.8 Maintenance,57,AusNet Transmission,https://www.aer.gov.au/documents/ausnet-services-transmission-2019-20-category-analysis-rin-templates,https://www.aer.gov.au/search?search=AusNet+Transmission+2019%E2%80%9320&sort_by=relevance,validated_manifest_match,SCADA & network control maintenance,submitted,57,meaningful,True,scada_network_control_maintenance,SCADA & network control maintenance,scada_network_control,SCADA & network control maintenance,mapped,mapped,AUD,nominal,1.0,standardized_source_unit,807662.7171930161,numeric,435284.9557497263,numeric,1242947.6729427422,numeric,matched_with_denominator,AusNet (T) 2019-20 - Category Analysis - RIN Response - Consolidated - 28 July 2020 - PUBLIC(11429287.3).xlsx,2.8 Maintenance,19,count,19208.54821,numeric,9604.274105,numeric,nominal_AUD_per_count,calculated,nominal_AUD_per_count,calculated,42.0470463651462,22.661002330364365,64.70804869551056,84.0940927302924,45.32200466072873,129.4160973910211
2019-20,Protection systems maintenance,Protection systems maintenance,$0's,928996.7594142298,727385.8974755328,AusNet (T) 2019-20 - Category Analysis - RIN Response - Consolidated - 28 July 2020 - PUBLIC(11429287.3).xlsx,2.8 Maintenance,58,AusNet Transmission,https://www.aer.gov.au/documents/ausnet-services-transmission-2019-20-category-analysis-rin-templates,https://www.aer.gov.au/search?search=AusNet+Transmission+2019%E2%80%9320&sort_by=relevance,validated_manifest_match,Protection systems maintenance,submitted,58,meaningful,True,protection_systems_maintenance,Protection systems maintenance,protection_systems,Protection systems maintenance,mapped,mapped,AUD,nominal,1.0,standardized_source_unit,928996.7594142298,numeric,727385.8974755328,numeric,1656382.6568897627,numeric,matched_with_denominator,AusNet (T) 2019-20 - Category Analysis - RIN Response - Consolidated - 28 July 2020 - PUBLIC(11429287.3).xlsx,2.8 Maintenance,20,count,6556.999999999998,numeric,4371.333333333332,numeric,nominal_AUD_per_count,calculated,nominal_AUD_per_count,calculated,141.6801524194342,110.93272799687861,252.61288041631283,212.5202286291513,166.39909199531792,378.91932062446926
2020-21,Transmission lines maintenance,Transmission towers,$0's,805691.2766917964,938109.7639208642,AusNet (T) 2020-21 - Category Analysis - RIN Response - Consolidated - 29 July 2021 - PU(12595757.1).xlsx,2.8 Maintenance,50,AusNet Transmission,https://www.aer.gov.au/documents/ausnet-services-transmission-2020-21-category-analysis-rin-templates,https://www.aer.gov.au/authors/ausnet-services-t?page=4,validated_manifest_match,Transmission lines maintenance,submitted,50,meaningful,True,transmission_lines_maintenance,Transmission lines maintenance,transmission_towers,Transmission towers,mapped,mapped,AUD,nominal,1.0,standardized_source_unit,805691.2766917964,numeric,938109.7639208642,numeric,1743801.0406126606,numeric,matched_with_denominator,AusNet (T) 2020-21 - Category Analysis - RIN Response - Consolidated - 29 July 2021 - PU(12595757.1).xlsx,2.8 Maintenance,12,count,13206.0,numeric,14673.333333333334,numeric,nominal_AUD_per_count,calculated,nominal_AUD_per_count,calculated,61.009486346493745,71.03663213091505,132.0461184774088,54.90853771184437,63.932968917823544,118.84150662966792
2020-21,Transmission lines maintenance,Transmission tower support structures,$0's,249660.1924483811,104794.97872496456,AusNet (T) 2020-21 - Category Analysis - RIN Response - Consolidated - 29 July 2021 - PU(12595757.1).xlsx,2.8 Maintenance,51,AusNet Transmission,https://www.aer.gov.au/documents/ausnet-services-transmission-2020-21-category-analysis-rin-templates,https://www.aer.gov.au/authors/ausnet-services-t?page=4,validated_manifest_match,Transmission lines maintenance,submitted,51,meaningful,True,transmission_lines_maintenance,Transmission lines maintenance,transmission_tower_support_structures,Transmission tower support structures,mapped,mapped,AUD,nominal,1.0,standardized_source_unit,249660.1924483811,numeric,104794.97872496456,numeric,354455.17117334565,numeric,matched_with_denominator,AusNet (T) 2020-21 - Category Analysis - RIN Response - Consolidated - 29 July 2021 - PU(12595757.1).xlsx,2.8 Maintenance,13,count,69605.0,numeric,46403.333333333336,numeric,nominal_AUD_per_count,calculated,nominal_AUD_per_count,calculated,3.586814057156542,1.50556682314438,5.092380880300921,5.380221085734813,2.25835023471657,7.638571320451382
2020-21,Transmission lines maintenance,Conductors,$0's,1301577.8191408718,126928.4625234925,AusNet (T) 2020-21 - Category Analysis - RIN Response - Consolidated - 29 July 2021 - PU(12595757.1).xlsx,2.8 Maintenance,52,AusNet Transmission,https://www.aer.gov.au/documents/ausnet-services-transmission-2020-21-category-analysis-rin-templates,https://www.aer.gov.au/authors/ausnet-services-t?page=4,validated_manifest_match,Transmission lines maintenance,submitted,52,meaningful,True,transmission_lines_maintenance,Transmission lines maintenance,conductors,Conductors,mapped,mapped,AUD,nominal,1.0,standardized_source_unit,1301577.8191408718,numeric,126928.4625234925,numeric,1428506.2816643643,numeric,matched_with_denominator,AusNet (T) 2020-21 - Category Analysis - RIN Response - Consolidated - 29 July 2021 - PU(12595757.1).xlsx,2.8 Maintenance,14,km,5024.7,numeric,1674.9,numeric,nominal_AUD_per_km,calculated,nominal_AUD_per_km,calculated,259.0359263519955,25.260903640713376,284.29682999270887,777.1077790559864,75.78271092214013,852.8904899781265
2020-21,Transmission lines maintenance,Transmission cables,$0's,7727.256762510452,35359.77096944002,AusNet (T) 2020-21 - Category Analysis - RIN Response - Consolidated - 29 July 2021 - PU(12595757.1).xlsx,2.8 Maintenance,53,AusNet Transmission,https://www.aer.gov.au/documents/ausnet-services-transmission-2020-21-category-analysis-rin-templates,https://www.aer.gov.au/authors/ausnet-services-t?page=4,validated_manifest_match,Transmission lines maintenance,submitted,53,meaningful,True,transmission_lines_maintenance,Transmission lines maintenance,transmission_cables,Transmission cables,mapped,mapped,AUD,nominal,1.0,standardized_source_unit,7727.256762510452,numeric,35359.77096944002,numeric,43087.02773195047,numeric,matched_with_denominator,AusNet (T) 2020-21 - Category Analysis - RIN Response - Consolidated - 29 July 2021 - PU(12595757.1).xlsx,2.8 Maintenance,15,km,8.542370333333334,numeric,17.08474066666667,numeric,nominal_AUD_per_km,calculated,nominal_AUD_per_km,calculated,904.5799305091922,4139.339502931877,5043.9194334410695,452.2899652545961,2069.6697514659386,2521.9597167205347
2020-21,Substations equipment & property maintenance,Substation switchbays (incl. Reactive plant),$0's,2718726.328680422,2782992.6607578387,AusNet (T) 2020-21 - Category Analysis - RIN Response - Consolidated - 29 July 2021 - PU(12595757.1).xlsx,2.8 Maintenance,54,AusNet Transmission,https://www.aer.gov.au/documents/ausnet-services-transmission-2020-21-category-analysis-rin-templates,https://www.aer.gov.au/authors/ausnet-services-t?page=4,validated_manifest_match,Substations equipment & property maintenance,submitted,54,meaningful,True,substations_equipment_property_maintenance,Substations equipment & property maintenance,substation_switchbays,Substation switchbays (incl. Reactive plant),mapped,mapped,AUD,nominal,1.0,standardized_source_unit,2718726.328680422,numeric,2782992.6607578387,numeric,5501718.989438261,numeric,matched_with_denominator,AusNet (T) 2020-21 - Category Analysis - RIN Response - Consolidated - 29 July 2021 - PU(12595757.1).xlsx,2.8 Maintenance,16,count,1158.0,numeric,2173.0,numeric,nominal_AUD_per_count,calculated,nominal_AUD_per_count,calculated,2347.7774859071005,2403.275182001588,4751.052667908688,1251.1395898207188,1280.7145240487064,2531.854113869425
2020-21,Substations equipment & property maintenance,Substation power transformers,$0's,1804333.001472167,2396225.946977211,AusNet (T) 2020-21 - Category Analysis - RIN Response - Consolidated - 29 July 2021 - PU(12595757.1).xlsx,2.8 Maintenance,55,AusNet Transmission,https://www.aer.gov.au/documents/ausnet-services-transmission-2020-21-category-analysis-rin-templates,https://www.aer.gov.au/authors/ausnet-services-t?page=4,validated_manifest_match,Substations equipment & property maintenance,submitted,55,meaningful,True,substations_equipment_property_maintenance,Substations equipment & property maintenance,substation_power_transformers,Substation power transformers,mapped,mapped,AUD,nominal,1.0,standardized_source_unit,1804333.001472167,numeric,2396225.946977211,numeric,4200558.948449378,numeric,matched_with_denominator,AusNet (T) 2020-21 - Category Analysis - RIN Response - Consolidated - 29 July 2021 - PU(12595757.1).xlsx,2.8 Maintenance,17,count,173.0,numeric,1173.0,numeric,nominal_AUD_per_count,calculated,nominal_AUD_per_count,calculated,10429.67052874085,13851.017034550354,24280.6875632912,1538.220802619068,2042.818369119532,3581.0391717386
2020-21,Substations equipment & property maintenance,Substation property,$0's,373523.9204519498,2917832.530940347,AusNet (T) 2020-21 - Category Analysis - RIN Response - Consolidated - 29 July 2021 - PU(12595757.1).xlsx,2.8 Maintenance,56,AusNet Transmission,https://www.aer.gov.au/documents/ausnet-services-transmission-2020-21-category-analysis-rin-templates,https://www.aer.gov.au/authors/ausnet-services-t?page=4,validated_manifest_match,Substations equipment & property maintenance,submitted,56,meaningful,True,substations_equipment_property_maintenance,Substations equipment & property maintenance,substation_property,Substation property,mapped,mapped,AUD,nominal,1.0,standardized_source_unit,373523.9204519498,numeric,2917832.530940347,numeric,3291356.4513922967,numeric,matched_with_denominator,AusNet (T) 2020-21 - Category Analysis - RIN Response - Consolidated - 29 July 2021 - PU(12595757.1).xlsx,2.8 Maintenance,18,count,47.0,numeric,1277.0,numeric,nominal_AUD_per_count,calculated,nominal_AUD_per_count,calculated,7947.317456424465,62081.54321149674,70028.86066792121,292.5011123351212,2284.9119271263485,2577.4130394614695
2020-21,SCADA & network control maintenance,SCADA & network control maintenance,$0's,494177.9992198432,602762.492704215,AusNet (T) 2020-21 - Category Analysis - RIN Response - Consolidated - 29 July 2021 - PU(12595757.1).xlsx,2.8 Maintenance,57,AusNet Transmission,https://www.aer.gov.au/documents/ausnet-services-transmission-2020-21-category-analysis-rin-templates,https://www.aer.gov.au/authors/ausnet-services-t?page=4,validated_manifest_match,SCADA & network control maintenance,submitted,57,meaningful,True,scada_network_control_maintenance,SCADA & network control maintenance,scada_network_control,SCADA & network control maintenance,mapped,mapped,AUD,nominal,1.0,standardized_source_unit,494177.9992198432,numeric,602762.492704215,numeric,1096940.4919240582,numeric,matched_with_denominator,AusNet (T) 2020-21 - Category Analysis - RIN Response - Consolidated - 29 July 2021 - PU(12595757.1).xlsx,2.8 Maintenance,19,count,20989.548209999997,numeric,10494.774104999997,numeric,nominal_AUD_per_count,calculated,nominal_AUD_per_count,calculated,23.54400362864424,28.717268550689546,52.26127217933379,47.08800725728849,57.43453710137911,104.5225443586676
2020-21,Protection systems maintenance,Protection systems maintenance,$0's,610452.9461243512,1055964.482481628,AusNet (T) 2020-21 - Category Analysis - RIN Response - Consolidated - 29 July 2021 - PU(12595757.1).xlsx,2.8 Maintenance,58,AusNet Transmission,https://www.aer.gov.au/documents/ausnet-services-transmission-2020-21-category-analysis-rin-templates,https://www.aer.gov.au/authors/ausnet-services-t?page=4,validated_manifest_match,Protection systems maintenance,submitted,58,meaningful,True,protection_systems_maintenance,Protection systems maintenance,protection_systems,Protection systems maintenance,mapped,mapped,AUD,nominal,1.0,standardized_source_unit,610452.9461243512,numeric,1055964.482481628,numeric,1666417.4286059793,numeric,matched_with_denominator,AusNet (T) 2020-21 - Category Analysis - RIN Response - Consolidated - 29 July 2021 - PU(12595757.1).xlsx,2.8 Maintenance,20,count,6555.000000000003,numeric,4370.000000000002,numeric,nominal_AUD_per_count,calculated,nominal_AUD_per_count,calculated,93.12783312347078,161.09297978361977,254.22081290709056,139.69174968520616,241.63946967542964,381.3312193606358
2021-22,Transmission lines maintenance,Transmission towers,$0's,1151669.7852612073,177756.19650105145,AusNet (T) 2021-22 - Category Analysis - RIN Response - Consolidated - 28 July 2022 - PUBLIC(14205738.1).xlsx,2.8 Maintenance,50,AusNet Transmission,https://www.aer.gov.au/documents/ausnet-services-transmission-2021-22-category-analysis-rin-templates,https://www.aer.gov.au/authors/ausnet-services-t?page=4,validated_manifest_match,Transmission lines maintenance,submitted,50,meaningful,True,transmission_lines_maintenance,Transmission lines maintenance,transmission_towers,Transmission towers,mapped,mapped,AUD,nominal,1.0,standardized_source_unit,1151669.7852612073,numeric,177756.19650105145,numeric,1329425.9817622588,numeric,matched_with_denominator,AusNet (T) 2021-22 - Category Analysis - RIN Response - Consolidated - 28 July 2022 - PUBLIC(14205738.1).xlsx,2.8 Maintenance,12,count,13205.0,numeric,14672.222222222224,numeric,nominal_AUD_per_count,calculated,nominal_AUD_per_count,calculated,87.21467514284038,13.461279553279171,100.67595469611956,78.49320762855633,12.115151597951252,90.60835922650759
2021-22,Transmission lines maintenance,Transmission tower support structures,$0's,282416.586784404,23167.900443144543,AusNet (T) 2021-22 - Category Analysis - RIN Response - Consolidated - 28 July 2022 - PUBLIC(14205738.1).xlsx,2.8 Maintenance,51,AusNet Transmission,https://www.aer.gov.au/documents/ausnet-services-transmission-2021-22-category-analysis-rin-templates,https://www.aer.gov.au/authors/ausnet-services-t?page=4,validated_manifest_match,Transmission lines maintenance,submitted,51,meaningful,True,transmission_lines_maintenance,Transmission lines maintenance,transmission_tower_support_structures,Transmission tower support structures,mapped,mapped,AUD,nominal,1.0,standardized_source_unit,282416.586784404,numeric,23167.900443144543,numeric,305584.48722754855,numeric,matched_with_denominator,AusNet (T) 2021-22 - Category Analysis - RIN Response - Consolidated - 28 July 2022 - PUBLIC(14205738.1).xlsx,2.8 Maintenance,13,count,70460.0,numeric,46973.333333333336,numeric,nominal_AUD_per_count,calculated,nominal_AUD_per_count,calculated,4.008183178887369,0.32880925976645675,4.336992438653826,6.012274768331053,0.4932138896496851,6.505488657980738
2021-22,Transmission lines maintenance,Conductors,$0's,984155.484102794,5306.700985895725,AusNet (T) 2021-22 - Category Analysis - RIN Response - Consolidated - 28 July 2022 - PUBLIC(14205738.1).xlsx,2.8 Maintenance,52,AusNet Transmission,https://www.aer.gov.au/documents/ausnet-services-transmission-2021-22-category-analysis-rin-templates,https://www.aer.gov.au/authors/ausnet-services-t?page=4,validated_manifest_match,Transmission lines maintenance,submitted,52,meaningful,True,transmission_lines_maintenance,Transmission lines maintenance,conductors,Conductors,mapped,mapped,AUD,nominal,1.0,standardized_source_unit,984155.484102794,numeric,5306.700985895725,numeric,989462.1850886897,numeric,matched_with_denominator,AusNet (T) 2021-22 - Category Analysis - RIN Response - Consolidated - 28 July 2022 - PUBLIC(14205738.1).xlsx,2.8 Maintenance,14,km,6611.465,numeric,2203.8216666666667,numeric,nominal_AUD_per_km,calculated,nominal_AUD_per_km,calculated,148.85588657019193,0.8026513013221314,149.65853787151406,446.56765971057575,2.407953903966394,448.97561361454217
2021-22,Transmission lines maintenance,Transmission cables,$0's,0.0,3339.4102755443664,AusNet (T) 2021-22 - Category Analysis - RIN Response - Consolidated - 28 July 2022 - PUBLIC(14205738.1).xlsx,2.8 Maintenance,53,AusNet Transmission,https://www.aer.gov.au/documents/ausnet-services-transmission-2021-22-category-analysis-rin-templates,https://www.aer.gov.au/authors/ausnet-services-t?page=4,validated_manifest_match,Transmission lines maintenance,submitted,53,meaningful,True,transmission_lines_maintenance,Transmission lines maintenance,transmission_cables,Transmission cables,mapped,mapped,AUD,nominal,1.0,standardized_source_unit,0.0,numeric,3339.4102755443664,numeric,3339.4102755443664,numeric,matched_with_denominator,AusNet (T) 2021-22 - Category Analysis - RIN Response - Consolidated - 28 July 2022 - PUBLIC(14205738.1).xlsx,2.8 Maintenance,15,km,8.542370333333334,numeric,17.08474066666667,numeric,nominal_AUD_per_km,calculated,nominal_AUD_per_km,calculated,0.0,390.9231448926529,390.9231448926529,0.0,195.46157244632644,195.46157244632644
2021-22,Substations equipment & property maintenance,Substation switchbays (incl. Reactive plant),$0's,4635055.651136602,6708283.324724818,AusNet (T) 2021-22 - Category Analysis - RIN Response - Consolidated - 28 July 2022 - PUBLIC(14205738.1).xlsx,2.8 Maintenance,54,AusNet Transmission,https://www.aer.gov.au/documents/ausnet-services-transmission-2021-22-category-analysis-rin-templates,https://www.aer.gov.au/authors/ausnet-services-t?page=4,validated_manifest_match,Substations equipment & property maintenance,submitted,54,meaningful,True,substations_equipment_property_maintenance,Substations equipment & property maintenance,substation_switchbays,Substation switchbays (incl. Reactive plant),mapped,mapped,AUD,nominal,1.0,standardized_source_unit,4635055.651136602,numeric,6708283.324724818,numeric,11343338.975861419,numeric,matched_with_denominator,AusNet (T) 2021-22 - Category Analysis - RIN Response - Consolidated - 28 July 2022 - PUBLIC(14205738.1).xlsx,2.8 Maintenance,16,count,1216.0,numeric,4310.0,numeric,nominal_AUD_per_count,calculated,nominal_AUD_per_count,calculated,3811.7233973162847,5516.680365727646,9328.40376304393,1075.418944579258,1556.4462470359206,2631.8651916151784
2021-22,Substations equipment & property maintenance,Substation power transformers,$0's,1167823.426612792,2158755.4960138574,AusNet (T) 2021-22 - Category Analysis - RIN Response - Consolidated - 28 July 2022 - PUBLIC(14205738.1).xlsx,2.8 Maintenance,55,AusNet Transmission,https://www.aer.gov.au/documents/ausnet-services-transmission-2021-22-category-analysis-rin-templates,https://www.aer.gov.au/authors/ausnet-services-t?page=4,validated_manifest_match,Substations equipment & property maintenance,submitted,55,meaningful,True,substations_equipment_property_maintenance,Substations equipment & property maintenance,substation_power_transformers,Substation power transformers,mapped,mapped,AUD,nominal,1.0,standardized_source_unit,1167823.426612792,numeric,2158755.4960138574,numeric,3326578.9226266495,numeric,matched_with_denominator,AusNet (T) 2021-22 - Category Analysis - RIN Response - Consolidated - 28 July 2022 - PUBLIC(14205738.1).xlsx,2.8 Maintenance,17,count,184.0,numeric,1255.0,numeric,nominal_AUD_per_count,calculated,nominal_AUD_per_count,calculated,6346.866448982566,11732.366826162268,18079.233275144834,930.5365949105912,1720.1239012062608,2650.6604961168523
2021-22,Substations equipment & property maintenance,Substation property,$0's,908839.0131524244,3291536.11676183,AusNet (T) 2021-22 - Category Analysis - RIN Response - Consolidated - 28 July 2022 - PUBLIC(14205738.1).xlsx,2.8 Maintenance,56,AusNet Transmission,https://www.aer.gov.au/documents/ausnet-services-transmission-2021-22-category-analysis-rin-templates,https://www.aer.gov.au/authors/ausnet-services-t?page=4,validated_manifest_match,Substations equipment & property maintenance,submitted,56,meaningful,True,substations_equipment_property_maintenance,Substations equipment & property maintenance,substation_property,Substation property,mapped,mapped,AUD,nominal,1.0,standardized_source_unit,908839.0131524244,numeric,3291536.11676183,numeric,4200375.129914255,numeric,matched_with_denominator,AusNet (T) 2021-22 - Category Analysis - RIN Response - Consolidated - 28 July 2022 - PUBLIC(14205738.1).xlsx,2.8 Maintenance,18,count,47.0,numeric,1164.0,numeric,nominal_AUD_per_count,calculated,nominal_AUD_per_count,calculated,19337.000279838816,70032.68333535809,89369.68361519692,780.7895301996773,2827.780169039373,3608.569699239051
2021-22,SCADA & network control maintenance,SCADA & network control maintenance,$0's,514547.98277334135,186549.55619921075,AusNet (T) 2021-22 - Category Analysis - RIN Response - Consolidated - 28 July 2022 - PUBLIC(14205738.1).xlsx,2.8 Maintenance,57,AusNet Transmission,https://www.aer.gov.au/documents/ausnet-services-transmission-2021-22-category-analysis-rin-templates,https://www.aer.gov.au/authors/ausnet-services-t?page=4,validated_manifest_match,SCADA & network control maintenance,submitted,57,meaningful,True,scada_network_control_maintenance,SCADA & network control maintenance,scada_network_control,SCADA & network control maintenance,mapped,mapped,AUD,nominal,1.0,standardized_source_unit,514547.98277334135,numeric,186549.55619921075,numeric,701097.5389725522,numeric,matched_with_denominator,AusNet (T) 2021-22 - Category Analysis - RIN Response - Consolidated - 28 July 2022 - PUBLIC(14205738.1).xlsx,2.8 Maintenance,19,count,21368.54821,numeric,10684.274105,numeric,nominal_AUD_per_count,calculated,nominal_AUD_per_count,calculated,24.079688414795744,8.730099694461684,32.80978810925743,48.15937682959149,17.460199388923368,65.61957621851487
2021-22,Protection systems maintenance,Protection systems maintenance,$0's,761087.580176445,228260.2580946501,AusNet (T) 2021-22 - Category Analysis - RIN Response - Consolidated - 28 July 2022 - PUBLIC(14205738.1).xlsx,2.8 Maintenance,58,AusNet Transmission,https://www.aer.gov.au/documents/ausnet-services-transmission-2021-22-category-analysis-rin-templates,https://www.aer.gov.au/authors/ausnet-services-t?page=4,validated_manifest_match,Protection systems maintenance,submitted,58,meaningful,True,protection_systems_maintenance,Protection systems maintenance,protection_systems,Protection systems maintenance,mapped,mapped,AUD,nominal,1.0,standardized_source_unit,761087.580176445,numeric,228260.2580946501,numeric,989347.8382710951,numeric,matched_with_denominator,AusNet (T) 2021-22 - Category Analysis - RIN Response - Consolidated - 28 July 2022 - PUBLIC(14205738.1).xlsx,2.8 Maintenance,20,count,6696.999999999999,numeric,4464.666666666666,numeric,nominal_AUD_per_count,calculated,nominal_AUD_per_count,calculated,113.64604751029492,34.08395671116173,147.73000422145665,170.46907126544238,51.125935066742606,221.59500633218497
2022-23,Transmission lines maintenance,Transmission towers,$0's,303350.63676480687,186151.8396739064,Ausnet Services (ET) 2022-23 - Category Analysis - RIN Response - Consolidated - 28 July 2023 - PUBLIC(15600825.1).xlsx,2.8 Maintenance,50,AusNet Transmission,https://www.aer.gov.au/documents/ausnet-services-transmission-2022-23-category-analysis-rin-templates,https://www.aer.gov.au/authors/ausnet-services-t?page=4,validated_manifest_match,Transmission lines maintenance,submitted,50,meaningful,True,transmission_lines_maintenance,Transmission lines maintenance,transmission_towers,Transmission towers,mapped,mapped,AUD,nominal,1.0,standardized_source_unit,303350.63676480687,numeric,186151.8396739064,numeric,489502.47643871326,numeric,matched_with_denominator,Ausnet Services (ET) 2022-23 - Category Analysis - RIN Response - Consolidated - 28 July 2023 - PUBLIC(15600825.1).xlsx,2.8 Maintenance,12,count,13196.0,numeric,14662.222222222224,numeric,nominal_AUD_per_count,calculated,nominal_AUD_per_count,calculated,22.98807492913056,14.106686850098999,37.09476177922956,20.689267436217502,12.696018165089097,33.3852856013066
2022-23,Transmission lines maintenance,Transmission tower support structures,$0's,431111.2623950912,31542.373881132124,Ausnet Services (ET) 2022-23 - Category Analysis - RIN Response - Consolidated - 28 July 2023 - PUBLIC(15600825.1).xlsx,2.8 Maintenance,51,AusNet Transmission,https://www.aer.gov.au/documents/ausnet-services-transmission-2022-23-category-analysis-rin-templates,https://www.aer.gov.au/authors/ausnet-services-t?page=4,validated_manifest_match,Transmission lines maintenance,submitted,51,meaningful,True,transmission_lines_maintenance,Transmission lines maintenance,transmission_tower_support_structures,Transmission tower support structures,mapped,mapped,AUD,nominal,1.0,standardized_source_unit,431111.2623950912,numeric,31542.373881132124,numeric,462653.6362762233,numeric,matched_with_denominator,Ausnet Services (ET) 2022-23 - Category Analysis - RIN Response - Consolidated - 28 July 2023 - PUBLIC(15600825.1).xlsx,2.8 Maintenance,13,count,70616.0,numeric,47077.333333333336,numeric,nominal_AUD_per_count,calculated,nominal_AUD_per_count,calculated,6.105008247353166,0.44667460463821407,6.55168285199138,9.157512371029748,0.670011906957321,9.82752427798707
2022-23,Transmission lines maintenance,Conductors,$0's,649550.3322267368,11125.308224171336,Ausnet Services (ET) 2022-23 - Category Analysis - RIN Response - Consolidated - 28 July 2023 - PUBLIC(15600825.1).xlsx,2.8 Maintenance,52,AusNet Transmission,https://www.aer.gov.au/documents/ausnet-services-transmission-2022-23-category-analysis-rin-templates,https://www.aer.gov.au/authors/ausnet-services-t?page=4,validated_manifest_match,Transmission lines maintenance,submitted,52,meaningful,True,transmission_lines_maintenance,Transmission lines maintenance,conductors,Conductors,mapped,mapped,AUD,nominal,1.0,standardized_source_unit,649550.3322267368,numeric,11125.308224171336,numeric,660675.6404509081,numeric,matched_with_denominator,Ausnet Services (ET) 2022-23 - Category Analysis - RIN Response - Consolidated - 28 July 2023 - PUBLIC(15600825.1).xlsx,2.8 Maintenance,14,km,6611.465,numeric,2203.8216666666667,numeric,nominal_AUD_per_km,calculated,nominal_AUD_per_km,calculated,98.2460517036295,1.6827296558586238,99.92878135948811,294.7381551108885,5.0481889675758715,299.78634407846437
2022-23,Transmission lines maintenance,Transmission cables,$0's,2811.911978976268,5973.351785336195,Ausnet Services (ET) 2022-23 - Category Analysis - RIN Response - Consolidated - 28 July 2023 - PUBLIC(15600825.1).xlsx,2.8 Maintenance,53,AusNet Transmission,https://www.aer.gov.au/documents/ausnet-services-transmission-2022-23-category-analysis-rin-templates,https://www.aer.gov.au/authors/ausnet-services-t?page=4,validated_manifest_match,Transmission lines maintenance,submitted,53,meaningful,True,transmission_lines_maintenance,Transmission lines maintenance,transmission_cables,Transmission cables,mapped,mapped,AUD,nominal,1.0,standardized_source_unit,2811.911978976268,numeric,5973.351785336195,numeric,8785.263764312462,numeric,matched_with_denominator,Ausnet Services (ET) 2022-23 - Category Analysis - RIN Response - Consolidated - 28 July 2023 - PUBLIC(15600825.1).xlsx,2.8 Maintenance,15,km,8.542370333333333,numeric,17.084740666666665,numeric,nominal_AUD_per_km,calculated,nominal_AUD_per_km,calculated,329.17233381978974,699.2616278912042,1028.4339617109938,164.58616690989487,349.6308139456021,514.2169808554969
2022-23,Substations equipment & property maintenance,Substation switchbays (incl. Reactive plant),$0's,5181950.527072666,8463584.843790919,Ausnet Services (ET) 2022-23 - Category Analysis - RIN Response - Consolidated - 28 July 2023 - PUBLIC(15600825.1).xlsx,2.8 Maintenance,54,AusNet Transmission,https://www.aer.gov.au/documents/ausnet-services-transmission-2022-23-category-analysis-rin-templates,https://www.aer.gov.au/authors/ausnet-services-t?page=4,validated_manifest_match,Substations equipment & property maintenance,submitted,54,meaningful,True,substations_equipment_property_maintenance,Substations equipment & property maintenance,substation_switchbays,Substation switchbays (incl. Reactive plant),mapped,mapped,AUD,nominal,1.0,standardized_source_unit,5181950.527072666,numeric,8463584.843790919,numeric,13645535.370863585,numeric,matched_with_denominator,Ausnet Services (ET) 2022-23 - Category Analysis - RIN Response - Consolidated - 28 July 2023 - PUBLIC(15600825.1).xlsx,2.8 Maintenance,16,count,1218.0,numeric,8005.0,numeric,nominal_AUD_per_count,calculated,nominal_AUD_per_count,calculated,4254.474981176245,6948.756029384991,11203.231010561236,647.339228866042,1057.2873009107955,1704.6265297768375
2022-23,Substations equipment & property maintenance,Substation power transformers,$0's,1032729.1031327124,873400.8477039216,Ausnet Services (ET) 2022-23 - Category Analysis - RIN Response - Consolidated - 28 July 2023 - PUBLIC(15600825.1).xlsx,2.8 Maintenance,55,AusNet Transmission,https://www.aer.gov.au/documents/ausnet-services-transmission-2022-23-category-analysis-rin-templates,https://www.aer.gov.au/authors/ausnet-services-t?page=4,validated_manifest_match,Substations equipment & property maintenance,submitted,55,meaningful,True,substations_equipment_property_maintenance,Substations equipment & property maintenance,substation_power_transformers,Substation power transformers,mapped,mapped,AUD,nominal,1.0,standardized_source_unit,1032729.1031327124,numeric,873400.8477039216,numeric,1906129.950836634,numeric,matched_with_denominator,Ausnet Services (ET) 2022-23 - Category Analysis - RIN Response - Consolidated - 28 July 2023 - PUBLIC(15600825.1).xlsx,2.8 Maintenance,17,count,184.0,numeric,2095.0,numeric,nominal_AUD_per_count,calculated,nominal_AUD_per_count,calculated,5612.658169199524,4746.743737521313,10359.401906720837,492.9494525693138,416.89777933361415,909.8472319029279
2022-23,Substations equipment & property maintenance,Substation property,$0's,451981.2991740275,891420.6670553482,Ausnet Services (ET) 2022-23 - Category Analysis - RIN Response - Consolidated - 28 July 2023 - PUBLIC(15600825.1).xlsx,2.8 Maintenance,56,AusNet Transmission,https://www.aer.gov.au/documents/ausnet-services-transmission-2022-23-category-analysis-rin-templates,https://www.aer.gov.au/authors/ausnet-services-t?page=4,validated_manifest_match,Substations equipment & property maintenance,submitted,56,meaningful,True,substations_equipment_property_maintenance,Substations equipment & property maintenance,substation_property,Substation property,mapped,mapped,AUD,nominal,1.0,standardized_source_unit,451981.2991740275,numeric,891420.6670553482,numeric,1343401.9662293757,numeric,matched_with_denominator,Ausnet Services (ET) 2022-23 - Category Analysis - RIN Response - Consolidated - 28 July 2023 - PUBLIC(15600825.1).xlsx,2.8 Maintenance,18,count,47.0,numeric,1857.0,numeric,nominal_AUD_per_count,calculated,nominal_AUD_per_count,calculated,9616.623386681436,18966.397171390385,28583.020558071825,243.3932682681893,480.0326693889866,723.425937657176
2022-23,SCADA & network control maintenance,SCADA & network control maintenance,$0's,620701.7028938896,153568.09177399485,Ausnet Services (ET) 2022-23 - Category Analysis - RIN Response - Consolidated - 28 July 2023 - PUBLIC(15600825.1).xlsx,2.8 Maintenance,57,AusNet Transmission,https://www.aer.gov.au/documents/ausnet-services-transmission-2022-23-category-analysis-rin-templates,https://www.aer.gov.au/authors/ausnet-services-t?page=4,validated_manifest_match,SCADA & network control maintenance,submitted,57,meaningful,True,scada_network_control_maintenance,SCADA & network control maintenance,scada_network_control,SCADA & network control maintenance,mapped,mapped,AUD,nominal,1.0,standardized_source_unit,620701.7028938896,numeric,153568.09177399485,numeric,774269.7946678845,numeric,matched_with_denominator,Ausnet Services (ET) 2022-23 - Category Analysis - RIN Response - Consolidated - 28 July 2023 - PUBLIC(15600825.1).xlsx,2.8 Maintenance,19,count,20981.11759000001,numeric,10490.558795000004,numeric,nominal_AUD_per_count,calculated,nominal_AUD_per_count,calculated,29.583824609501622,7.319347556928438,36.90317216643006,59.167649219003245,14.638695113856876,73.80634433286012
2022-23,Protection systems maintenance,Protection systems maintenance,$0's,651916.9743609835,1040363.146111124,Ausnet Services (ET) 2022-23 - Category Analysis - RIN Response - Consolidated - 28 July 2023 - PUBLIC(15600825.1).xlsx,2.8 Maintenance,58,AusNet Transmission,https://www.aer.gov.au/documents/ausnet-services-transmission-2022-23-category-analysis-rin-templates,https://www.aer.gov.au/authors/ausnet-services-t?page=4,validated_manifest_match,Protection systems maintenance,submitted,58,meaningful,True,protection_systems_maintenance,Protection systems maintenance,protection_systems,Protection systems maintenance,mapped,mapped,AUD,nominal,1.0,standardized_source_unit,651916.9743609835,numeric,1040363.146111124,numeric,1692280.1204721075,numeric,matched_with_denominator,Ausnet Services (ET) 2022-23 - Category Analysis - RIN Response - Consolidated - 28 July 2023 - PUBLIC(15600825.1).xlsx,2.8 Maintenance,20,count,6680.999999999999,numeric,4453.999999999999,numeric,nominal_AUD_per_count,calculated,nominal_AUD_per_count,calculated,97.57775398308391,155.71967461624368,253.29742859932762,146.36663097462588,233.57951192436556,379.94614289899147
2023-24,Transmission lines maintenance,Transmission towers,$,767347.1720707123,2259402.663702387,Ausnet Services (ET) 2023-24 - Category Analysis - RIN Response - Consolidated - 26 July 2024 - PUBLIC(17069098.2).xlsx,2.8 Maintenance,51,AusNet Transmission,https://www.aer.gov.au/documents/ausnet-services-transmission-2023-24-category-analysis-rin-templates,https://www.aer.gov.au/authors/ausnet-services-t?page=4,validated_manifest_match,Transmission lines maintenance,submitted,51,meaningful,True,transmission_lines_maintenance,Transmission lines maintenance,transmission_towers,Transmission towers,mapped,mapped,AUD,nominal,1.0,standardized_source_unit,767347.1720707123,numeric,2259402.663702387,numeric,3026749.835773099,numeric,matched_with_denominator,Ausnet Services (ET) 2023-24 - Category Analysis - RIN Response - Consolidated - 26 July 2024 - PUBLIC(17069098.2).xlsx,2.8 Maintenance,13,count,13180.0,numeric,14644.444444444443,numeric,nominal_AUD_per_count,calculated,nominal_AUD_per_count,calculated,58.22057451219365,171.42660574373193,229.64718025592558,52.39851706097429,154.28394516935876,206.68246223033304
2023-24,Transmission lines maintenance,Transmission tower support structures,$,221107.543276072,29938.77775902904,Ausnet Services (ET) 2023-24 - Category Analysis - RIN Response - Consolidated - 26 July 2024 - PUBLIC(17069098.2).xlsx,2.8 Maintenance,52,AusNet Transmission,https://www.aer.gov.au/documents/ausnet-services-transmission-2023-24-category-analysis-rin-templates,https://www.aer.gov.au/authors/ausnet-services-t?page=4,validated_manifest_match,Transmission lines maintenance,submitted,52,meaningful,True,transmission_lines_maintenance,Transmission lines maintenance,transmission_tower_support_structures,Transmission tower support structures,mapped,mapped,AUD,nominal,1.0,standardized_source_unit,221107.543276072,numeric,29938.77775902904,numeric,251046.32103510105,numeric,matched_with_denominator,Ausnet Services (ET) 2023-24 - Category Analysis - RIN Response - Consolidated - 26 July 2024 - PUBLIC(17069098.2).xlsx,2.8 Maintenance,14,count,62770.0,numeric,41846.66666666666,numeric,nominal_AUD_per_count,calculated,nominal_AUD_per_count,calculated,3.5225034773948067,0.47695997704363613,3.999463454438443,5.283755216092211,0.7154399655654543,5.999195181657665
2023-24,Transmission lines maintenance,Conductors,$,0.0,114.46207713950636,Ausnet Services (ET) 2023-24 - Category Analysis - RIN Response - Consolidated - 26 July 2024 - PUBLIC(17069098.2).xlsx,2.8 Maintenance,53,AusNet Transmission,https://www.aer.gov.au/documents/ausnet-services-transmission-2023-24-category-analysis-rin-templates,https://www.aer.gov.au/authors/ausnet-services-t?page=4,validated_manifest_match,Transmission lines maintenance,submitted,53,meaningful,True,transmission_lines_maintenance,Transmission lines maintenance,conductors,Conductors,mapped,mapped,AUD,nominal,1.0,standardized_source_unit,0.0,numeric,114.46207713950636,numeric,114.46207713950636,numeric,matched_with_denominator,Ausnet Services (ET) 2023-24 - Category Analysis - RIN Response - Consolidated - 26 July 2024 - PUBLIC(17069098.2).xlsx,2.8 Maintenance,15,km,6533.498306666666,numeric,2177.832768888889,numeric,nominal_AUD_per_km,calculated,nominal_AUD_per_km,calculated,0.0,0.017519263305343064,0.017519263305343064,0.0,0.052557789916029184,0.052557789916029184
2023-24,Transmission lines maintenance,Transmission cables,$,124433.2806590153,6188.694593488294,Ausnet Services (ET) 2023-24 - Category Analysis - RIN Response - Consolidated - 26 July 2024 - PUBLIC(17069098.2).xlsx,2.8 Maintenance,54,AusNet Transmission,https://www.aer.gov.au/documents/ausnet-services-transmission-2023-24-category-analysis-rin-templates,https://www.aer.gov.au/authors/ausnet-services-t?page=4,validated_manifest_match,Transmission lines maintenance,submitted,54,meaningful,True,transmission_lines_maintenance,Transmission lines maintenance,transmission_cables,Transmission cables,mapped,mapped,AUD,nominal,1.0,standardized_source_unit,124433.2806590153,numeric,6188.694593488294,numeric,130621.9752525036,numeric,matched_with_denominator,Ausnet Services (ET) 2023-24 - Category Analysis - RIN Response - Consolidated - 26 July 2024 - PUBLIC(17069098.2).xlsx,2.8 Maintenance,16,km,8.542370333333333,numeric,17.084740666666665,numeric,nominal_AUD_per_km,calculated,nominal_AUD_per_km,calculated,14566.598707792149,724.4704165235357,15291.069124315685,7283.2993538960745,362.23520826176787,7645.534562157843
2023-24,Substations equipment & property maintenance,Substation switchbays (incl. Reactive plant),$,2622187.4477434964,3004854.5385221564,Ausnet Services (ET) 2023-24 - Category Analysis - RIN Response - Consolidated - 26 July 2024 - PUBLIC(17069098.2).xlsx,2.8 Maintenance,55,AusNet Transmission,https://www.aer.gov.au/documents/ausnet-services-transmission-2023-24-category-analysis-rin-templates,https://www.aer.gov.au/authors/ausnet-services-t?page=4,validated_manifest_match,Substations equipment & property maintenance,submitted,55,meaningful,True,substations_equipment_property_maintenance,Substations equipment & property maintenance,substation_switchbays,Substation switchbays (incl. Reactive plant),mapped,mapped,AUD,nominal,1.0,standardized_source_unit,2622187.4477434964,numeric,3004854.5385221564,numeric,5627041.986265653,numeric,matched_with_denominator,Ausnet Services (ET) 2023-24 - Category Analysis - RIN Response - Consolidated - 26 July 2024 - PUBLIC(17069098.2).xlsx,2.8 Maintenance,17,count,1058.0,numeric,2223.0,numeric,nominal_AUD_per_count,calculated,nominal_AUD_per_count,calculated,2478.4380413454596,2840.12716306442,5318.56520440988,1179.5715014590628,1351.711443329805,2531.2829447888676
2023-24,Substations equipment & property maintenance,Substation power transformers,$,2060587.3099249564,1138987.2617007678,Ausnet Services (ET) 2023-24 - Category Analysis - RIN Response - Consolidated - 26 July 2024 - PUBLIC(17069098.2).xlsx,2.8 Maintenance,56,AusNet Transmission,https://www.aer.gov.au/documents/ausnet-services-transmission-2023-24-category-analysis-rin-templates,https://www.aer.gov.au/authors/ausnet-services-t?page=4,validated_manifest_match,Substations equipment & property maintenance,submitted,56,meaningful,True,substations_equipment_property_maintenance,Substations equipment & property maintenance,substation_power_transformers,Substation power transformers,mapped,mapped,AUD,nominal,1.0,standardized_source_unit,2060587.3099249564,numeric,1138987.2617007678,numeric,3199574.5716257244,numeric,matched_with_denominator,Ausnet Services (ET) 2023-24 - Category Analysis - RIN Response - Consolidated - 26 July 2024 - PUBLIC(17069098.2).xlsx,2.8 Maintenance,18,count,161.0,numeric,1635.0,numeric,nominal_AUD_per_count,calculated,nominal_AUD_per_count,calculated,12798.67894363327,7074.455041619675,19873.133985252945,1260.2980488837654,696.6282946182066,1956.926343501972
2023-24,Substations equipment & property maintenance,Substation property,$,7873801.517888695,546453.2271714616,Ausnet Services (ET) 2023-24 - Category Analysis - RIN Response - Consolidated - 26 July 2024 - PUBLIC(17069098.2).xlsx,2.8 Maintenance,57,AusNet Transmission,https://www.aer.gov.au/documents/ausnet-services-transmission-2023-24-category-analysis-rin-templates,https://www.aer.gov.au/authors/ausnet-services-t?page=4,validated_manifest_match,Substations equipment & property maintenance,submitted,57,meaningful,True,substations_equipment_property_maintenance,Substations equipment & property maintenance,substation_property,Substation property,mapped,mapped,AUD,nominal,1.0,standardized_source_unit,7873801.517888695,numeric,546453.2271714616,numeric,8420254.745060157,numeric,matched_with_denominator,Ausnet Services (ET) 2023-24 - Category Analysis - RIN Response - Consolidated - 26 July 2024 - PUBLIC(17069098.2).xlsx,2.8 Maintenance,19,count,47.0,numeric,997.0,numeric,nominal_AUD_per_count,calculated,nominal_AUD_per_count,calculated,167527.69186997224,11626.664407903438,179154.3562778757,7897.49399988836,548.0975197306535,8445.591519619014
2023-24,SCADA & network control maintenance,SCADA & network control maintenance,$,972460.0689325116,607190.9563218385,Ausnet Services (ET) 2023-24 - Category Analysis - RIN Response - Consolidated - 26 July 2024 - PUBLIC(17069098.2).xlsx,2.8 Maintenance,58,AusNet Transmission,https://www.aer.gov.au/documents/ausnet-services-transmission-2023-24-category-analysis-rin-templates,https://www.aer.gov.au/authors/ausnet-services-t?page=4,validated_manifest_match,SCADA & network control maintenance,submitted,58,meaningful,True,scada_network_control_maintenance,SCADA & network control maintenance,scada_network_control,SCADA & network control maintenance,mapped,mapped,AUD,nominal,1.0,standardized_source_unit,972460.0689325116,numeric,607190.9563218385,numeric,1579651.0252543502,numeric,matched_with_denominator,Ausnet Services (ET) 2023-24 - Category Analysis - RIN Response - Consolidated - 26 July 2024 - PUBLIC(17069098.2).xlsx,2.8 Maintenance,20,count,19503.181689999998,numeric,9751.590844999995,numeric,nominal_AUD_per_count,calculated,nominal_AUD_per_count,calculated,49.861611525217334,31.132918001433982,80.99452952665132,99.72322305043471,62.265836002867985,161.9890590533027
2023-24,Protection systems maintenance,Protection systems maintenance,$,1242040.8695045535,1011388.4081517302,Ausnet Services (ET) 2023-24 - Category Analysis - RIN Response - Consolidated - 26 July 2024 - PUBLIC(17069098.2).xlsx,2.8 Maintenance,59,AusNet Transmission,https://www.aer.gov.au/documents/ausnet-services-transmission-2023-24-category-analysis-rin-templates,https://www.aer.gov.au/authors/ausnet-services-t?page=4,validated_manifest_match,Protection systems maintenance,submitted,59,meaningful,True,protection_systems_maintenance,Protection systems maintenance,protection_systems,Protection systems maintenance,mapped,mapped,AUD,nominal,1.0,standardized_source_unit,1242040.8695045535,numeric,1011388.4081517302,numeric,2253429.2776562837,numeric,matched_with_denominator,Ausnet Services (ET) 2023-24 - Category Analysis - RIN Response - Consolidated - 26 July 2024 - PUBLIC(17069098.2).xlsx,2.8 Maintenance,21,count,5401.000000000001,numeric,3600.6666666666674,numeric,nominal_AUD_per_count,calculated,nominal_AUD_per_count,calculated,229.9649823189323,187.25947197773192,417.2244542966642,344.9474734783984,280.88920796659784,625.8366814449963
2013-14,Transmission lines maintenance,Transmission towers,$000's,4549.413082222306,5236.667338758201,Copy of D14-00150087(V02) - transgrid (t) 2013-14 - category analysis rin response - templates - consolidated - 31 october 2014 - public.xlsm,2.8 Maintenance,12,Transgrid,https://www.aer.gov.au/documents/transgrid-transmission-2013-14-category-analysis-rin-templates,https://www.aer.gov.au/authors/transgrid-t?page=3,validated_manifest_match,Transmission lines maintenance,submitted,12,meaningful,True,transmission_lines_maintenance,Transmission lines maintenance,transmission_towers,Transmission towers,mapped,mapped,AUD,nominal,1000.0,standardized_source_unit,4549413.082222306,numeric,5236667.338758201,numeric,9786080.420980508,numeric,matched_with_denominator,Copy of D14-00150087(V02) - transgrid (t) 2013-14 - category analysis rin response - templates - consolidated - 31 october 2014 - public.xlsm,2.8 Maintenance,12,count,37650.0,numeric,28150.0,numeric,nominal_AUD_per_count,calculated,nominal_AUD_per_count,calculated,120.83434481334146,139.08810992717667,259.9224547405181,161.6132533649132,186.027258925691,347.6405122906042
2013-14,Transmission lines maintenance,Transmission tower support structures,$000's,0.0,0.0,Copy of D14-00150087(V02) - transgrid (t) 2013-14 - category analysis rin response - templates - consolidated - 31 october 2014 - public.xlsm,2.8 Maintenance,13,Transgrid,https://www.aer.gov.au/documents/transgrid-transmission-2013-14-category-analysis-rin-templates,https://www.aer.gov.au/authors/transgrid-t?page=3,validated_manifest_match,Transmission lines maintenance,submitted,13,meaningful,True,transmission_lines_maintenance,Transmission lines maintenance,transmission_tower_support_structures,Transmission tower support structures,mapped,mapped,AUD,nominal,1000.0,standardized_source_unit,0.0,numeric,0.0,numeric,0.0,numeric,matched_with_denominator,Copy of D14-00150087(V02) - transgrid (t) 2013-14 - category analysis rin response - templates - consolidated - 31 october 2014 - public.xlsm,2.8 Maintenance,13,count,0.0,numeric,0.0,numeric,,nonpositive_denominator,,nonpositive_denominator,,,,,,
2013-14,Transmission lines maintenance,Conductors,$000's,2.6113454210315066,614.8002147956536,Copy of D14-00150087(V02) - transgrid (t) 2013-14 - category analysis rin response - templates - consolidated - 31 october 2014 - public.xlsm,2.8 Maintenance,14,Transgrid,https://www.aer.gov.au/documents/transgrid-transmission-2013-14-category-analysis-rin-templates,https://www.aer.gov.au/authors/transgrid-t?page=3,validated_manifest_match,Transmission lines maintenance,submitted,14,meaningful,True,transmission_lines_maintenance,Transmission lines maintenance,conductors,Conductors,mapped,mapped,AUD,nominal,1000.0,standardized_source_unit,2611.3454210315067,numeric,614800.2147956536,numeric,617411.5602166851,numeric,matched_with_denominator,Copy of D14-00150087(V02) - transgrid (t) 2013-14 - category analysis rin response - templates - consolidated - 31 october 2014 - public.xlsm,2.8 Maintenance,14,km,11258.618,numeric,47.486,numeric,nominal_AUD_per_km,calculated,nominal_AUD_per_km,calculated,0.23194191516503238,54.60707653422947,54.8390184493945,54.99190121365259,12946.978368269673,13001.970269483323
2013-14,Transmission lines maintenance,Transmission cables,$000's,627.0232083342564,36.35763046855267,Copy of D14-00150087(V02) - transgrid (t) 2013-14 - category analysis rin response - templates - consolidated - 31 october 2014 - public.xlsm,2.8 Maintenance,15,Transgrid,https://www.aer.gov.au/documents/transgrid-transmission-2013-14-category-analysis-rin-templates,https://www.aer.gov.au/authors/transgrid-t?page=3,validated_manifest_match,Transmission lines maintenance,submitted,15,meaningful,True,transmission_lines_maintenance,Transmission lines maintenance,transmission_cables,Transmission cables,mapped,mapped,AUD,nominal,1000.0,standardized_source_unit,627023.2083342564,numeric,36357.63046855267,numeric,663380.8388028091,numeric,matched_with_denominator,Copy of D14-00150087(V02) - transgrid (t) 2013-14 - category analysis rin response - templates - consolidated - 31 october 2014 - public.xlsm,2.8 Maintenance,15,km,51.437,numeric,51.437,numeric,nominal_AUD_per_km,calculated,nominal_AUD_per_km,calculated,12190.120114591762,706.8380828693872,12896.95819746115,12190.120114591762,706.8380828693872,12896.95819746115
2013-14,Substations equipment & property maintenance,Substation switchbays (incl. Reactive plant),$000's,3638.4140282975695,5284.76597032921,Copy of D14-00150087(V02) - transgrid (t) 2013-14 - category analysis rin response - templates - consolidated - 31 october 2014 - public.xlsm,2.8 Maintenance,16,Transgrid,https://www.aer.gov.au/documents/transgrid-transmission-2013-14-category-analysis-rin-templates,https://www.aer.gov.au/authors/transgrid-t?page=3,validated_manifest_match,Substations equipment & property maintenance,submitted,16,meaningful,True,substations_equipment_property_maintenance,Substations equipment & property maintenance,substation_switchbays,Substation switchbays (incl. Reactive plant),mapped,mapped,AUD,nominal,1000.0,standardized_source_unit,3638414.0282975696,numeric,5284765.97032921,numeric,8923179.99862678,numeric,matched_with_denominator,Copy of D14-00150087(V02) - transgrid (t) 2013-14 - category analysis rin response - templates - consolidated - 31 october 2014 - public.xlsm,2.8 Maintenance,16,count,2338.0,numeric,552.0,numeric,nominal_AUD_per_count,calculated,nominal_AUD_per_count,calculated,1556.2078820776603,2260.3789436822967,3816.5868257599573,6591.3297614086405,9573.851395523932,16165.181156932573
2013-14,Substations equipment & property maintenance,Substation power transformers,$000's,1855.4837057306408,2125.130162618776,Copy of D14-00150087(V02) - transgrid (t) 2013-14 - category analysis rin response - templates - consolidated - 31 october 2014 - public.xlsm,2.8 Maintenance,17,Transgrid,https://www.aer.gov.au/documents/transgrid-transmission-2013-14-category-analysis-rin-templates,https://www.aer.gov.au/authors/transgrid-t?page=3,validated_manifest_match,Substations equipment & property maintenance,submitted,17,meaningful,True,substations_equipment_property_maintenance,Substations equipment & property maintenance,substation_power_transformers,Substation power transformers,mapped,mapped,AUD,nominal,1000.0,standardized_source_unit,1855483.7057306408,numeric,2125130.162618776,numeric,3980613.8683494166,numeric,matched_with_denominator,Copy of D14-00150087(V02) - transgrid (t) 2013-14 - category analysis rin response - templates - consolidated - 31 october 2014 - public.xlsm,2.8 Maintenance,17,count,223.0,numeric,206.0,numeric,nominal_AUD_per_count,calculated,nominal_AUD_per_count,calculated,8320.55473421812,9529.731670936215,17850.286405154337,9007.202455003111,10316.165837955223,19323.368292958334
2013-14,Substations equipment & property maintenance,Substation property,$000's,5196.232112261111,10917.71238076268,Copy of D14-00150087(V02) - transgrid (t) 2013-14 - category analysis rin response - templates - consolidated - 31 october 2014 - public.xlsm,2.8 Maintenance,18,Transgrid,https://www.aer.gov.au/documents/transgrid-transmission-2013-14-category-analysis-rin-templates,https://www.aer.gov.au/authors/transgrid-t?page=3,validated_manifest_match,Substations equipment & property maintenance,submitted,18,meaningful,True,substations_equipment_property_maintenance,Substations equipment & property maintenance,substation_property,Substation property,mapped,mapped,AUD,nominal,1000.0,standardized_source_unit,5196232.112261111,numeric,10917712.38076268,numeric,16113944.49302379,numeric,matched_with_denominator,Copy of D14-00150087(V02) - transgrid (t) 2013-14 - category analysis rin response - templates - consolidated - 31 october 2014 - public.xlsm,2.8 Maintenance,18,count,93.0,numeric,92.0,numeric,nominal_AUD_per_count,calculated,nominal_AUD_per_count,calculated,55873.463572700115,117394.7567823944,173268.22035509453,56480.783828925116,118670.78674742042,175151.57057634555
2013-14,SCADA & network control maintenance,SCADA & network control maintenance,$000's,743.3871182787794,79.72055028272796,Copy of D14-00150087(V02) - transgrid (t) 2013-14 - category analysis rin response - templates - consolidated - 31 october 2014 - public.xlsm,2.8 Maintenance,19,Transgrid,https://www.aer.gov.au/documents/transgrid-transmission-2013-14-category-analysis-rin-templates,https://www.aer.gov.au/authors/transgrid-t?page=3,validated_manifest_match,SCADA & network control maintenance,submitted,19,meaningful,True,scada_network_control_maintenance,SCADA & network control maintenance,scada_network_control,SCADA & network control maintenance,mapped,mapped,AUD,nominal,1000.0,standardized_source_unit,743387.1182787794,numeric,79720.55028272796,numeric,823107.6685615074,numeric,matched_with_denominator,Copy of D14-00150087(V02) - transgrid (t) 2013-14 - category analysis rin response - templates - consolidated - 31 october 2014 - public.xlsm,2.8 Maintenance,19,count,1602.0,numeric,589.0,numeric,nominal_AUD_per_count,calculated,nominal_AUD_per_count,calculated,464.0369027957425,49.763140001702844,513.8000427974453,1262.117348520848,135.34898180429195,1397.4663303251398
2013-14,Protection systems maintenance,Protection systems maintenance,$000's,2382.12056033347,1045.8469953498789,Copy of D14-00150087(V02) - transgrid (t) 2013-14 - category analysis rin response - templates - consolidated - 31 october 2014 - public.xlsm,2.8 Maintenance,20,Transgrid,https://www.aer.gov.au/documents/transgrid-transmission-2013-14-category-analysis-rin-templates,https://www.aer.gov.au/authors/transgrid-t?page=3,validated_manifest_match,Protection systems maintenance,submitted,20,meaningful,True,protection_systems_maintenance,Protection systems maintenance,protection_systems,Protection systems maintenance,mapped,mapped,AUD,nominal,1000.0,standardized_source_unit,2382120.5603334703,numeric,1045846.9953498789,numeric,3427967.5556833493,numeric,matched_with_denominator,Copy of D14-00150087(V02) - transgrid (t) 2013-14 - category analysis rin response - templates - consolidated - 31 october 2014 - public.xlsm,2.8 Maintenance,20,count,5749.0,numeric,1538.0,numeric,nominal_AUD_per_count,calculated,nominal_AUD_per_count,calculated,414.35389812723434,181.91807189943972,596.2719700266741,1548.8430171218922,680.0045483419239,2228.847565463816
2013-14,Other maintenance activity ,TELECOMMUNICATIONS SYSTEMS,$000's,1326.164426237313,5405.9533252011815,Copy of D14-00150087(V02) - transgrid (t) 2013-14 - category analysis rin response - templates - consolidated - 31 october 2014 - public.xlsm,2.8 Maintenance,21,Transgrid,https://www.aer.gov.au/documents/transgrid-transmission-2013-14-category-analysis-rin-templates,https://www.aer.gov.au/authors/transgrid-t?page=3,validated_manifest_match,Other maintenance activity ,submitted,21,meaningful,True,other_maintenance_activity,Other maintenance activity,telecommunications_systems,Telecommunications Systems,mapped,mapped,AUD,nominal,1000.0,standardized_source_unit,1326164.4262373128,numeric,5405953.325201182,numeric,6732117.751438495,numeric,no_descriptor_match,,,,,,,,,,no_descriptor_match,,no_descriptor_match,,,,,,
2013-14,,METERING SYSTEMS,$000's,1036.0174247232812,445.3766195933654,Copy of D14-00150087(V02) - transgrid (t) 2013-14 - category analysis rin response - templates - consolidated - 31 october 2014 - public.xlsm,2.8 Maintenance,22,Transgrid,https://www.aer.gov.au/documents/transgrid-transmission-2013-14-category-analysis-rin-templates,https://www.aer.gov.au/authors/transgrid-t?page=3,validated_manifest_match,Other maintenance activity ,continued_group_label,21,meaningful,True,other_maintenance_activity,Other maintenance activity,metering_systems,Metering Systems,mapped,mapped,AUD,nominal,1000.0,standardized_source_unit,1036017.4247232813,numeric,445376.61959336535,numeric,1481394.0443166466,numeric,matched_with_denominator,Copy of D14-00150087(V02) - transgrid (t) 2013-14 - category analysis rin response - templates - consolidated - 31 october 2014 - public.xlsm,2.8 Maintenance,22,count,863.0,numeric,889.0,numeric,nominal_AUD_per_count,calculated,nominal_AUD_per_count,calculated,1200.4836902934894,516.0795128544211,1716.5632031479104,1165.3739310723074,500.9860737833131,1666.3600048556204
2013-14,,TRANSMISSION LINES MAINTENANCE ACCESS TRACKS,$000's,841.5559081810125,2382.2302083608038,Copy of D14-00150087(V02) - transgrid (t) 2013-14 - category analysis rin response - templates - consolidated - 31 october 2014 - public.xlsm,2.8 Maintenance,23,Transgrid,https://www.aer.gov.au/documents/transgrid-transmission-2013-14-category-analysis-rin-templates,https://www.aer.gov.au/authors/transgrid-t?page=3,validated_manifest_match,Other maintenance activity ,continued_group_label,21,meaningful,True,other_maintenance_activity,Other maintenance activity,transmission_lines_maintenance_access_tracks,Transmission lines maintenance access tracks,mapped,mapped,AUD,nominal,1000.0,standardized_source_unit,841555.9081810125,numeric,2382230.208360804,numeric,3223786.1165418164,numeric,no_descriptor_match,,,,,,,,,,no_descriptor_match,,no_descriptor_match,,,,,,
2015-16,Transmission lines maintenance,Transmission towers,$0's,2009278.6005934,7210284.13744427,Copy of D16 147530(V3)  ElectraNet 2015-16 - Category Analysis RIN Response - Public Version - 31 October 2016 - PUBLIC.xlsm,2.8 Maintenance,50,ElectraNet,https://www.aer.gov.au/documents/electranet-2015-16-category-analysis-rin-templates,https://www.aer.gov.au/authors/electranet?page=11,validated_manifest_match,Transmission lines maintenance,submitted,50,meaningful,True,transmission_lines_maintenance,Transmission lines maintenance,transmission_towers,Transmission towers,mapped,mapped,AUD,nominal,1.0,standardized_source_unit,2009278.6005934,numeric,7210284.13744427,numeric,9219562.73803767,numeric,matched_with_denominator,Copy of D16 147530(V3)  ElectraNet 2015-16 - Category Analysis RIN Response - Public Version - 31 October 2016 - PUBLIC.xlsm,2.8 Maintenance,12,count,13.253,numeric,13.253,numeric,nominal_AUD_per_count,calculated,nominal_AUD_per_count,calculated,151609.34132599412,544049.2067791647,695658.5481051588,151609.34132599412,544049.2067791647,695658.5481051588
2015-16,Transmission lines maintenance,Transmission tower support structures,$0's,1001427.27027129,3378776.73421985,Copy of D16 147530(V3)  ElectraNet 2015-16 - Category Analysis RIN Response - Public Version - 31 October 2016 - PUBLIC.xlsm,2.8 Maintenance,51,ElectraNet,https://www.aer.gov.au/documents/electranet-2015-16-category-analysis-rin-templates,https://www.aer.gov.au/authors/electranet?page=11,validated_manifest_match,Transmission lines maintenance,submitted,51,meaningful,True,transmission_lines_maintenance,Transmission lines maintenance,transmission_tower_support_structures,Transmission tower support structures,mapped,mapped,AUD,nominal,1.0,standardized_source_unit,1001427.27027129,numeric,3378776.73421985,numeric,4380204.00449114,numeric,matched_with_denominator,Copy of D16 147530(V3)  ElectraNet 2015-16 - Category Analysis RIN Response - Public Version - 31 October 2016 - PUBLIC.xlsm,2.8 Maintenance,13,count,58.668,numeric,58.668,numeric,nominal_AUD_per_count,calculated,nominal_AUD_per_count,calculated,17069.395075190732,57591.47634519415,74660.87142038488,17069.395075190732,57591.47634519415,74660.87142038488
2015-16,Transmission lines maintenance,Conductors,$0's,235864.239010056,1872118.88860968,Copy of D16 147530(V3)  ElectraNet 2015-16 - Category Analysis RIN Response - Public Version - 31 October 2016 - PUBLIC.xlsm,2.8 Maintenance,52,ElectraNet,https://www.aer.gov.au/documents/electranet-2015-16-category-analysis-rin-templates,https://www.aer.gov.au/authors/electranet?page=11,validated_manifest_match,Transmission lines maintenance,submitted,52,meaningful,True,transmission_lines_maintenance,Transmission lines maintenance,conductors,Conductors,mapped,mapped,AUD,nominal,1.0,standardized_source_unit,235864.239010056,numeric,1872118.88860968,numeric,2107983.127619736,numeric,matched_with_denominator,Copy of D16 147530(V3)  ElectraNet 2015-16 - Category Analysis RIN Response - Public Version - 31 October 2016 - PUBLIC.xlsm,2.8 Maintenance,14,km,5.497,numeric,5.497,numeric,nominal_AUD_per_km,calculated,nominal_AUD_per_km,calculated,42907.811353475714,340571.0184845698,383478.82983804547,42907.811353475714,340571.0184845698,383478.82983804547
2015-16,Transmission lines maintenance,Transmission cables,$0's,486821.910125254,122007.499726203,Copy of D16 147530(V3)  ElectraNet 2015-16 - Category Analysis RIN Response - Public Version - 31 October 2016 - PUBLIC.xlsm,2.8 Maintenance,53,ElectraNet,https://www.aer.gov.au/documents/electranet-2015-16-category-analysis-rin-templates,https://www.aer.gov.au/authors/electranet?page=11,validated_manifest_match,Transmission lines maintenance,submitted,53,meaningful,True,transmission_lines_maintenance,Transmission lines maintenance,transmission_cables,Transmission cables,mapped,mapped,AUD,nominal,1.0,standardized_source_unit,486821.910125254,numeric,122007.499726203,numeric,608829.409851457,numeric,matched_with_denominator,Copy of D16 147530(V3)  ElectraNet 2015-16 - Category Analysis RIN Response - Public Version - 31 October 2016 - PUBLIC.xlsm,2.8 Maintenance,15,km,0.027,numeric,0.027,numeric,nominal_AUD_per_km,calculated,nominal_AUD_per_km,calculated,18030441.11575015,4518796.286155666,22549237.401905816,18030441.11575015,4518796.286155666,22549237.401905816
2015-16,Substations equipment & property maintenance,Substation switchbays (incl. Reactive plant),$0's,2166651.9647527896,4253544.14582415,Copy of D16 147530(V3)  ElectraNet 2015-16 - Category Analysis RIN Response - Public Version - 31 October 2016 - PUBLIC.xlsm,2.8 Maintenance,54,ElectraNet,https://www.aer.gov.au/documents/electranet-2015-16-category-analysis-rin-templates,https://www.aer.gov.au/authors/electranet?page=11,validated_manifest_match,Substations equipment & property maintenance,submitted,54,meaningful,True,substations_equipment_property_maintenance,Substations equipment & property maintenance,substation_switchbays,Substation switchbays (incl. Reactive plant),mapped,mapped,AUD,nominal,1.0,standardized_source_unit,2166651.9647527896,numeric,4253544.14582415,numeric,6420196.11057694,numeric,matched_with_denominator,Copy of D16 147530(V3)  ElectraNet 2015-16 - Category Analysis RIN Response - Public Version - 31 October 2016 - PUBLIC.xlsm,2.8 Maintenance,16,count,1.346,numeric,1.346,numeric,nominal_AUD_per_count,calculated,nominal_AUD_per_count,calculated,1609696.8534567528,3160136.8096761885,4769833.663132941,1609696.8534567528,3160136.8096761885,4769833.663132941
2015-16,Substations equipment & property maintenance,Substation power transformers,$0's,976159.5582476768,2288707.53153679,Copy of D16 147530(V3)  ElectraNet 2015-16 - Category Analysis RIN Response - Public Version - 31 October 2016 - PUBLIC.xlsm,2.8 Maintenance,55,ElectraNet,https://www.aer.gov.au/documents/electranet-2015-16-category-analysis-rin-templates,https://www.aer.gov.au/authors/electranet?page=11,validated_manifest_match,Substations equipment & property maintenance,submitted,55,meaningful,True,substations_equipment_property_maintenance,Substations equipment & property maintenance,substation_power_transformers,Substation power transformers,mapped,mapped,AUD,nominal,1.0,standardized_source_unit,976159.5582476768,numeric,2288707.53153679,numeric,3264867.0897844667,numeric,matched_with_denominator,Copy of D16 147530(V3)  ElectraNet 2015-16 - Category Analysis RIN Response - Public Version - 31 October 2016 - PUBLIC.xlsm,2.8 Maintenance,17,count,0.139,numeric,0.139,numeric,nominal_AUD_per_count,calculated,nominal_AUD_per_count,calculated,7022730.634875372,16465521.809617193,23488252.444492564,7022730.634875372,16465521.809617193,23488252.444492564
2015-16,Substations equipment & property maintenance,Substation property,$0's,3913646.76699953,4078865.88263906,Copy of D16 147530(V3)  ElectraNet 2015-16 - Category Analysis RIN Response - Public Version - 31 October 2016 - PUBLIC.xlsm,2.8 Maintenance,56,ElectraNet,https://www.aer.gov.au/documents/electranet-2015-16-category-analysis-rin-templates,https://www.aer.gov.au/authors/electranet?page=11,validated_manifest_match,Substations equipment & property maintenance,submitted,56,meaningful,True,substations_equipment_property_maintenance,Substations equipment & property maintenance,substation_property,Substation property,mapped,mapped,AUD,nominal,1.0,standardized_source_unit,3913646.76699953,numeric,4078865.88263906,numeric,7992512.6496385895,numeric,matched_with_denominator,Copy of D16 147530(V3)  ElectraNet 2015-16 - Category Analysis RIN Response - Public Version - 31 October 2016 - PUBLIC.xlsm,2.8 Maintenance,18,count,0.077,numeric,0.077,numeric,nominal_AUD_per_count,calculated,nominal_AUD_per_count,calculated,50826581.389604285,52972284.19011766,103798865.57972194,50826581.389604285,52972284.19011766,103798865.57972194
2015-16,SCADA & network control maintenance,SCADA & network control maintenance,$0's,1760423.29,270048.56,Copy of D16 147530(V3)  ElectraNet 2015-16 - Category Analysis RIN Response - Public Version - 31 October 2016 - PUBLIC.xlsm,2.8 Maintenance,57,ElectraNet,https://www.aer.gov.au/documents/electranet-2015-16-category-analysis-rin-templates,https://www.aer.gov.au/authors/electranet?page=11,validated_manifest_match,SCADA & network control maintenance,submitted,57,meaningful,True,scada_network_control_maintenance,SCADA & network control maintenance,scada_network_control,SCADA & network control maintenance,mapped,mapped,AUD,nominal,1.0,standardized_source_unit,1760423.29,numeric,270048.56,numeric,2030471.85,numeric,matched_with_denominator,Copy of D16 147530(V3)  ElectraNet 2015-16 - Category Analysis RIN Response - Public Version - 31 October 2016 - PUBLIC.xlsm,2.8 Maintenance,19,count,120.0,numeric,120.0,numeric,nominal_AUD_per_count,calculated,nominal_AUD_per_count,calculated,14670.194083333334,2250.404666666667,16920.59875,14670.194083333334,2250.404666666667,16920.59875
2015-16,Protection systems maintenance,Protection systems maintenance,$0's,2048701.83,974846.04,Copy of D16 147530(V3)  ElectraNet 2015-16 - Category Analysis RIN Response - Public Version - 31 October 2016 - PUBLIC.xlsm,2.8 Maintenance,58,ElectraNet,https://www.aer.gov.au/documents/electranet-2015-16-category-analysis-rin-templates,https://www.aer.gov.au/authors/electranet?page=11,validated_manifest_match,Protection systems maintenance,submitted,58,meaningful,True,protection_systems_maintenance,Protection systems maintenance,protection_systems,Protection systems maintenance,mapped,mapped,AUD,nominal,1.0,standardized_source_unit,2048701.83,numeric,974846.04,numeric,3023547.87,numeric,matched_with_denominator,Copy of D16 147530(V3)  ElectraNet 2015-16 - Category Analysis RIN Response - Public Version - 31 October 2016 - PUBLIC.xlsm,2.8 Maintenance,20,count,1362.0,numeric,1362.0,numeric,nominal_AUD_per_count,calculated,nominal_AUD_per_count,calculated,1504.1863656387666,715.7459911894273,2219.932356828194,1504.1863656387666,715.7459911894273,2219.932356828194
2015-16,Other maintenance activity ,Row Maintenance ,$0's,1872730.18,130082.8,Copy of D16 147530(V3)  ElectraNet 2015-16 - Category Analysis RIN Response - Public Version - 31 October 2016 - PUBLIC.xlsm,2.8 Maintenance,59,ElectraNet,https://www.aer.gov.au/documents/electranet-2015-16-category-analysis-rin-templates,https://www.aer.gov.au/authors/electranet?page=11,validated_manifest_match,Other maintenance activity ,submitted,59,meaningful,True,other_maintenance_activity,Other maintenance activity,right_of_way_maintenance,Right of way (ROW) maintenance,mapped,mapped,AUD,nominal,1.0,standardized_source_unit,1872730.18,numeric,130082.8,numeric,2002812.98,numeric,no_descriptor_match,,,,,,,,,,no_descriptor_match,,no_descriptor_match,,,,,,
2016-17,Transmission lines maintenance,Transmission towers,$0's,1562206.7935996205,9570469.938571462,Copy of D17 153782  ElectraNet 2016-17 - Category Analysis RIN - Template - 31 October 2017 - PUBLIC.xlsm,2.8 Maintenance,50,ElectraNet,https://www.aer.gov.au/documents/electranet-2016-17-category-analysis-rin-templates,https://www.aer.gov.au/authors/electranet?page=14,validated_manifest_match,Transmission lines maintenance,submitted,50,meaningful,True,transmission_lines_maintenance,Transmission lines maintenance,transmission_towers,Transmission towers,mapped,mapped,AUD,nominal,1.0,standardized_source_unit,1562206.7935996205,numeric,9570469.938571462,numeric,11132676.732171083,numeric,matched_with_denominator,Copy of D17 153782  ElectraNet 2016-17 - Category Analysis RIN - Template - 31 October 2017 - PUBLIC.xlsm,2.8 Maintenance,12,count,13.257,numeric,13.257,numeric,nominal_AUD_per_count,calculated,nominal_AUD_per_count,calculated,117840.14434635441,721918.2272438307,839758.3715901851,117840.14434635441,721918.2272438307,839758.3715901851
2016-17,Transmission lines maintenance,Transmission tower support structures,$0's,1454450.0905011678,3463140.6388111305,Copy of D17 153782  ElectraNet 2016-17 - Category Analysis RIN - Template - 31 October 2017 - PUBLIC.xlsm,2.8 Maintenance,51,ElectraNet,https://www.aer.gov.au/documents/electranet-2016-17-category-analysis-rin-templates,https://www.aer.gov.au/authors/electranet?page=14,validated_manifest_match,Transmission lines maintenance,submitted,51,meaningful,True,transmission_lines_maintenance,Transmission lines maintenance,transmission_tower_support_structures,Transmission tower support structures,mapped,mapped,AUD,nominal,1.0,standardized_source_unit,1454450.0905011678,numeric,3463140.6388111305,numeric,4917590.729312299,numeric,matched_with_denominator,Copy of D17 153782  ElectraNet 2016-17 - Category Analysis RIN - Template - 31 October 2017 - PUBLIC.xlsm,2.8 Maintenance,13,count,58.956,numeric,58.956,numeric,nominal_AUD_per_count,calculated,nominal_AUD_per_count,calculated,24670.09448573797,58741.105889326456,83411.20037506444,24670.09448573797,58741.105889326456,83411.20037506444
2016-17,Transmission lines maintenance,Conductors,$0's,453582.3827922948,1816430.6389303133,Copy of D17 153782  ElectraNet 2016-17 - Category Analysis RIN - Template - 31 October 2017 - PUBLIC.xlsm,2.8 Maintenance,52,ElectraNet,https://www.aer.gov.au/documents/electranet-2016-17-category-analysis-rin-templates,https://www.aer.gov.au/authors/electranet?page=14,validated_manifest_match,Transmission lines maintenance,submitted,52,meaningful,True,transmission_lines_maintenance,Transmission lines maintenance,conductors,Conductors,mapped,mapped,AUD,nominal,1.0,standardized_source_unit,453582.3827922948,numeric,1816430.6389303133,numeric,2270013.0217226082,numeric,matched_with_denominator,Copy of D17 153782  ElectraNet 2016-17 - Category Analysis RIN - Template - 31 October 2017 - PUBLIC.xlsm,2.8 Maintenance,14,km,5.49237,numeric,5.49237,numeric,nominal_AUD_per_km,calculated,nominal_AUD_per_km,calculated,82584.09080092833,330718.9134982372,413303.0042991656,82584.09080092833,330718.9134982372,413303.0042991656
2016-17,Transmission lines maintenance,Transmission cables,$0's,461082.6331069165,17138.983687092703,Copy of D17 153782  ElectraNet 2016-17 - Category Analysis RIN - Template - 31 October 2017 - PUBLIC.xlsm,2.8 Maintenance,53,ElectraNet,https://www.aer.gov.au/documents/electranet-2016-17-category-analysis-rin-templates,https://www.aer.gov.au/authors/electranet?page=14,validated_manifest_match,Transmission lines maintenance,submitted,53,meaningful,True,transmission_lines_maintenance,Transmission lines maintenance,transmission_cables,Transmission cables,mapped,mapped,AUD,nominal,1.0,standardized_source_unit,461082.6331069165,numeric,17138.983687092703,numeric,478221.6167940092,numeric,matched_with_denominator,Copy of D17 153782  ElectraNet 2016-17 - Category Analysis RIN - Template - 31 October 2017 - PUBLIC.xlsm,2.8 Maintenance,15,km,0.027,numeric,0.027,numeric,nominal_AUD_per_km,calculated,nominal_AUD_per_km,calculated,17077134.559515428,634777.173596026,17711911.733111452,17077134.559515428,634777.173596026,17711911.733111452
2016-17,Substations equipment & property maintenance,Substation switchbays (incl. Reactive plant),$0's,1695642.8516198865,3019848.5343423737,Copy of D17 153782  ElectraNet 2016-17 - Category Analysis RIN - Template - 31 October 2017 - PUBLIC.xlsm,2.8 Maintenance,54,ElectraNet,https://www.aer.gov.au/documents/electranet-2016-17-category-analysis-rin-templates,https://www.aer.gov.au/authors/electranet?page=14,validated_manifest_match,Substations equipment & property maintenance,submitted,54,meaningful,True,substations_equipment_property_maintenance,Substations equipment & property maintenance,substation_switchbays,Substation switchbays (incl. Reactive plant),mapped,mapped,AUD,nominal,1.0,standardized_source_unit,1695642.8516198865,numeric,3019848.5343423737,numeric,4715491.38596226,numeric,matched_with_denominator,Copy of D17 153782  ElectraNet 2016-17 - Category Analysis RIN - Template - 31 October 2017 - PUBLIC.xlsm,2.8 Maintenance,16,count,1.467,numeric,1.467,numeric,nominal_AUD_per_count,calculated,nominal_AUD_per_count,calculated,1155857.431233733,2058519.7916444265,3214377.2228781595,1155857.431233733,2058519.7916444265,3214377.2228781595
2016-17,Substations equipment & property maintenance,Substation power transformers,$0's,786941.5309154363,1660064.3025820693,Copy of D17 153782  ElectraNet 2016-17 - Category Analysis RIN - Template - 31 October 2017 - PUBLIC.xlsm,2.8 Maintenance,55,ElectraNet,https://www.aer.gov.au/documents/electranet-2016-17-category-analysis-rin-templates,https://www.aer.gov.au/authors/electranet?page=14,validated_manifest_match,Substations equipment & property maintenance,submitted,55,meaningful,True,substations_equipment_property_maintenance,Substations equipment & property maintenance,substation_power_transformers,Substation power transformers,mapped,mapped,AUD,nominal,1.0,standardized_source_unit,786941.5309154363,numeric,1660064.3025820693,numeric,2447005.8334975056,numeric,matched_with_denominator,Copy of D17 153782  ElectraNet 2016-17 - Category Analysis RIN - Template - 31 October 2017 - PUBLIC.xlsm,2.8 Maintenance,17,count,0.139,numeric,0.139,numeric,nominal_AUD_per_count,calculated,nominal_AUD_per_count,calculated,5661449.86270098,11942908.651669562,17604358.514370542,5661449.86270098,11942908.651669562,17604358.514370542
2016-17,Substations equipment & property maintenance,Substation property,$0's,3418355.207464677,3360762.4830755573,Copy of D17 153782  ElectraNet 2016-17 - Category Analysis RIN - Template - 31 October 2017 - PUBLIC.xlsm,2.8 Maintenance,56,ElectraNet,https://www.aer.gov.au/documents/electranet-2016-17-category-analysis-rin-templates,https://www.aer.gov.au/authors/electranet?page=14,validated_manifest_match,Substations equipment & property maintenance,submitted,56,meaningful,True,substations_equipment_property_maintenance,Substations equipment & property maintenance,substation_property,Substation property,mapped,mapped,AUD,nominal,1.0,standardized_source_unit,3418355.207464677,numeric,3360762.4830755573,numeric,6779117.690540234,numeric,matched_with_denominator,Copy of D17 153782  ElectraNet 2016-17 - Category Analysis RIN - Template - 31 October 2017 - PUBLIC.xlsm,2.8 Maintenance,18,count,0.078,numeric,0.078,numeric,nominal_AUD_per_count,calculated,nominal_AUD_per_count,calculated,43825066.76236765,43086698.50096868,86911765.26333633,43825066.76236765,43086698.50096868,86911765.26333633
2016-17,SCADA & network control maintenance,SCADA & network control maintenance,$0's,2099512.68,488261.72,Copy of D17 153782  ElectraNet 2016-17 - Category Analysis RIN - Template - 31 October 2017 - PUBLIC.xlsm,2.8 Maintenance,57,ElectraNet,https://www.aer.gov.au/documents/electranet-2016-17-category-analysis-rin-templates,https://www.aer.gov.au/authors/electranet?page=14,validated_manifest_match,SCADA & network control maintenance,submitted,57,meaningful,True,scada_network_control_maintenance,SCADA & network control maintenance,scada_network_control,SCADA & network control maintenance,mapped,mapped,AUD,nominal,1.0,standardized_source_unit,2099512.68,numeric,488261.72,numeric,2587774.4000000004,numeric,matched_with_denominator,Copy of D17 153782  ElectraNet 2016-17 - Category Analysis RIN - Template - 31 October 2017 - PUBLIC.xlsm,2.8 Maintenance,19,count,121.0,numeric,121.0,numeric,nominal_AUD_per_count,calculated,nominal_AUD_per_count,calculated,17351.34446280992,4035.2208264462806,21386.565289256203,17351.34446280992,4035.2208264462806,21386.565289256203
2016-17,Protection systems maintenance,Protection systems maintenance,$0's,2384134.49,1236963.26,Copy of D17 153782  ElectraNet 2016-17 - Category Analysis RIN - Template - 31 October 2017 - PUBLIC.xlsm,2.8 Maintenance,58,ElectraNet,https://www.aer.gov.au/documents/electranet-2016-17-category-analysis-rin-templates,https://www.aer.gov.au/authors/electranet?page=14,validated_manifest_match,Protection systems maintenance,submitted,58,meaningful,True,protection_systems_maintenance,Protection systems maintenance,protection_systems,Protection systems maintenance,mapped,mapped,AUD,nominal,1.0,standardized_source_unit,2384134.49,numeric,1236963.26,numeric,3621097.75,numeric,matched_with_denominator,Copy of D17 153782  ElectraNet 2016-17 - Category Analysis RIN - Template - 31 October 2017 - PUBLIC.xlsm,2.8 Maintenance,20,count,1391.0,numeric,1391.0,numeric,nominal_AUD_per_count,calculated,nominal_AUD_per_count,calculated,1713.9715959741195,889.2618691588785,2603.233465132998,1713.9715959741195,889.2618691588785,2603.233465132998
2016-17,Other maintenance activity ,Right of way (Row Maintenance),$0's,1945579.0,93318.94,Copy of D17 153782  ElectraNet 2016-17 - Category Analysis RIN - Template - 31 October 2017 - PUBLIC.xlsm,2.8 Maintenance,59,ElectraNet,https://www.aer.gov.au/documents/electranet-2016-17-category-analysis-rin-templates,https://www.aer.gov.au/authors/electranet?page=14,validated_manifest_match,Other maintenance activity ,submitted,59,meaningful,True,other_maintenance_activity,Other maintenance activity,right_of_way_maintenance,Right of way (ROW) maintenance,mapped,mapped,AUD,nominal,1.0,standardized_source_unit,1945579.0,numeric,93318.94,numeric,2038897.94,numeric,matched_with_denominator,Copy of D17 153782  ElectraNet 2016-17 - Category Analysis RIN - Template - 31 October 2017 - PUBLIC.xlsm,2.8 Maintenance,21,km,4536.0,numeric,4536.0,numeric,nominal_AUD_per_km,calculated,nominal_AUD_per_km,calculated,428.919532627866,20.57295855379189,449.49249118165784,428.919532627866,20.57295855379189,449.49249118165784
2017-18,Transmission lines maintenance,Transmission towers,$0's,4177862.10514913,5675314.13182753,DORIS - D18-158142 Transgrid 2017-18 - Category Analysis RIN - Templates - Public.XLSM,2.8 Maintenance,50,Transgrid,https://www.aer.gov.au/documents/transgrid-2017-18-category-analysis-rin-templates,https://www.aer.gov.au/authors/transgrid-t?page=2,validated_manifest_match,Transmission lines maintenance,submitted,50,meaningful,True,transmission_lines_maintenance,Transmission lines maintenance,transmission_towers,Transmission towers,mapped,mapped,AUD,nominal,1.0,standardized_source_unit,4177862.10514913,numeric,5675314.13182753,numeric,9853176.23697666,numeric,matched_with_denominator,DORIS - D18-158142 Transgrid 2017-18 - Category Analysis RIN - Templates - Public.XLSM,2.8 Maintenance,12,count,37419.0,numeric,7911.0,numeric,nominal_AUD_per_count,calculated,nominal_AUD_per_count,calculated,111.65082191264143,151.66931590442104,263.32013781706246,528.1079642458766,717.3952890693377,1245.5032533152144
2017-18,Transmission lines maintenance,Transmission tower support structures,$0's,,,DORIS - D18-158142 Transgrid 2017-18 - Category Analysis RIN - Templates - Public.XLSM,2.8 Maintenance,51,Transgrid,https://www.aer.gov.au/documents/transgrid-2017-18-category-analysis-rin-templates,https://www.aer.gov.au/authors/transgrid-t?page=2,validated_manifest_match,Transmission lines maintenance,submitted,51,meaningful,True,transmission_lines_maintenance,Transmission lines maintenance,transmission_tower_support_structures,Transmission tower support structures,mapped,mapped,AUD,nominal,1.0,standardized_source_unit,,blank,,blank,,blank,matched_with_denominator,DORIS - D18-158142 Transgrid 2017-18 - Category Analysis RIN - Templates - Public.XLSM,2.8 Maintenance,13,count,0.0,numeric,0.0,numeric,,nonpositive_denominator,,nonpositive_denominator,,,,,,
2017-18,Transmission lines maintenance,Conductors,$0's,28748.3889688488,343931.623777213,DORIS - D18-158142 Transgrid 2017-18 - Category Analysis RIN - Templates - Public.XLSM,2.8 Maintenance,52,Transgrid,https://www.aer.gov.au/documents/transgrid-2017-18-category-analysis-rin-templates,https://www.aer.gov.au/authors/transgrid-t?page=2,validated_manifest_match,Transmission lines maintenance,submitted,52,meaningful,True,transmission_lines_maintenance,Transmission lines maintenance,conductors,Conductors,mapped,mapped,AUD,nominal,1.0,standardized_source_unit,28748.3889688488,numeric,343931.623777213,numeric,372680.0127460618,numeric,matched_with_denominator,DORIS - D18-158142 Transgrid 2017-18 - Category Analysis RIN - Templates - Public.XLSM,2.8 Maintenance,14,km,11295.173239571512,numeric,7595.382300091351,numeric,nominal_AUD_per_km,calculated,nominal_AUD_per_km,calculated,2.545192389624596,30.44943326520065,32.99462565482525,3.784982484489693,45.281673810293455,49.06665629478315
2017-18,Transmission lines maintenance,Transmission cables,$0's,662774.294686661,689718.708652011,DORIS - D18-158142 Transgrid 2017-18 - Category Analysis RIN - Templates - Public.XLSM,2.8 Maintenance,53,Transgrid,https://www.aer.gov.au/documents/transgrid-2017-18-category-analysis-rin-templates,https://www.aer.gov.au/authors/transgrid-t?page=2,validated_manifest_match,Transmission lines maintenance,submitted,53,meaningful,True,transmission_lines_maintenance,Transmission lines maintenance,transmission_cables,Transmission cables,mapped,mapped,AUD,nominal,1.0,standardized_source_unit,662774.294686661,numeric,689718.708652011,numeric,1352493.003338672,numeric,matched_with_denominator,DORIS - D18-158142 Transgrid 2017-18 - Category Analysis RIN - Templates - Public.XLSM,2.8 Maintenance,15,km,66.317,numeric,66.317,numeric,nominal_AUD_per_km,calculated,nominal_AUD_per_km,calculated,9994.033124035483,10400.330362531644,20394.363486567127,9994.033124035483,10400.330362531644,20394.363486567127
2017-18,Substations equipment & property maintenance,Substation switchbays (incl. Reactive plant),$0's,1173863.00427586,3283259.88303203,DORIS - D18-158142 Transgrid 2017-18 - Category Analysis RIN - Templates - Public.XLSM,2.8 Maintenance,54,Transgrid,https://www.aer.gov.au/documents/transgrid-2017-18-category-analysis-rin-templates,https://www.aer.gov.au/authors/transgrid-t?page=2,validated_manifest_match,Substations equipment & property maintenance,submitted,54,meaningful,True,substations_equipment_property_maintenance,Substations equipment & property maintenance,substation_switchbays,Substation switchbays (incl. Reactive plant),mapped,mapped,AUD,nominal,1.0,standardized_source_unit,1173863.00427586,numeric,3283259.88303203,numeric,4457122.88730789,numeric,matched_with_denominator,DORIS - D18-158142 Transgrid 2017-18 - Category Analysis RIN - Templates - Public.XLSM,2.8 Maintenance,16,count,2284.0,numeric,434.0,numeric,nominal_AUD_per_count,calculated,nominal_AUD_per_count,calculated,513.9505272661384,1437.504327071817,1951.4548543379553,2704.7534660734104,7565.11493786182,10269.86840393523
2017-18,Substations equipment & property maintenance,Substation power transformers,$0's,545966.136139566,798383.317680584,DORIS - D18-158142 Transgrid 2017-18 - Category Analysis RIN - Templates - Public.XLSM,2.8 Maintenance,55,Transgrid,https://www.aer.gov.au/documents/transgrid-2017-18-category-analysis-rin-templates,https://www.aer.gov.au/authors/transgrid-t?page=2,validated_manifest_match,Substations equipment & property maintenance,submitted,55,meaningful,True,substations_equipment_property_maintenance,Substations equipment & property maintenance,substation_power_transformers,Substation power transformers,mapped,mapped,AUD,nominal,1.0,standardized_source_unit,545966.136139566,numeric,798383.317680584,numeric,1344349.4538201499,numeric,matched_with_denominator,DORIS - D18-158142 Transgrid 2017-18 - Category Analysis RIN - Templates - Public.XLSM,2.8 Maintenance,17,count,217.0,numeric,207.0,numeric,nominal_AUD_per_count,calculated,nominal_AUD_per_count,calculated,2515.9729776016866,3679.18579576306,6195.158773364746,2637.517565891623,3856.9242400028215,6494.441805894444
2017-18,Substations equipment & property maintenance,Substation property,$0's,2469935.40054315,8052590.83557238,DORIS - D18-158142 Transgrid 2017-18 - Category Analysis RIN - Templates - Public.XLSM,2.8 Maintenance,56,Transgrid,https://www.aer.gov.au/documents/transgrid-2017-18-category-analysis-rin-templates,https://www.aer.gov.au/authors/transgrid-t?page=2,validated_manifest_match,Substations equipment & property maintenance,submitted,56,meaningful,True,substations_equipment_property_maintenance,Substations equipment & property maintenance,substation_property,Substation property,mapped,mapped,AUD,nominal,1.0,standardized_source_unit,2469935.40054315,numeric,8052590.83557238,numeric,10522526.23611553,numeric,matched_with_denominator,DORIS - D18-158142 Transgrid 2017-18 - Category Analysis RIN - Templates - Public.XLSM,2.8 Maintenance,18,count,94.0,numeric,92.0,numeric,nominal_AUD_per_count,calculated,nominal_AUD_per_count,calculated,26275.90851641649,85665.85995289766,111941.76846931415,26847.123918947284,87528.16125622152,114375.2851751688
2017-18,SCADA & network control maintenance,SCADA & network control maintenance,$0's,136809.594954812,331027.741679467,DORIS - D18-158142 Transgrid 2017-18 - Category Analysis RIN - Templates - Public.XLSM,2.8 Maintenance,57,Transgrid,https://www.aer.gov.au/documents/transgrid-2017-18-category-analysis-rin-templates,https://www.aer.gov.au/authors/transgrid-t?page=2,validated_manifest_match,SCADA & network control maintenance,submitted,57,meaningful,True,scada_network_control_maintenance,SCADA & network control maintenance,scada_network_control,SCADA & network control maintenance,mapped,mapped,AUD,nominal,1.0,standardized_source_unit,136809.594954812,numeric,331027.741679467,numeric,467837.336634279,numeric,matched_with_denominator,DORIS - D18-158142 Transgrid 2017-18 - Category Analysis RIN - Templates - Public.XLSM,2.8 Maintenance,19,count,1961.0,numeric,98.0,numeric,nominal_AUD_per_count,calculated,nominal_AUD_per_count,calculated,69.7652192528363,168.80557964276747,238.57079889560376,1396.016275049102,3377.8340987700717,4773.850373819173
2017-18,Protection systems maintenance,Protection systems maintenance,$0's,735456.972983647,1380826.43590891,DORIS - D18-158142 Transgrid 2017-18 - Category Analysis RIN - Templates - Public.XLSM,2.8 Maintenance,58,Transgrid,https://www.aer.gov.au/documents/transgrid-2017-18-category-analysis-rin-templates,https://www.aer.gov.au/authors/transgrid-t?page=2,validated_manifest_match,Protection systems maintenance,submitted,58,meaningful,True,protection_systems_maintenance,Protection systems maintenance,protection_systems,Protection systems maintenance,mapped,mapped,AUD,nominal,1.0,standardized_source_unit,735456.972983647,numeric,1380826.43590891,numeric,2116283.408892557,numeric,matched_with_denominator,DORIS - D18-158142 Transgrid 2017-18 - Category Analysis RIN - Templates - Public.XLSM,2.8 Maintenance,20,count,3183.0,numeric,1343.0,numeric,nominal_AUD_per_count,calculated,nominal_AUD_per_count,calculated,231.0577986125187,433.8128922114074,664.8706908239262,547.6224668530507,1028.1656261421517,1575.7880929952025
2017-18,Other maintenance activity ,Metering,$0's,482089.686120312,43819.1956546995,DORIS - D18-158142 Transgrid 2017-18 - Category Analysis RIN - Templates - Public.XLSM,2.8 Maintenance,59,Transgrid,https://www.aer.gov.au/documents/transgrid-2017-18-category-analysis-rin-templates,https://www.aer.gov.au/authors/transgrid-t?page=2,validated_manifest_match,Other maintenance activity ,submitted,59,meaningful,True,other_maintenance_activity,Other maintenance activity,metering,Metering,mapped,mapped,AUD,nominal,1.0,standardized_source_unit,482089.686120312,numeric,43819.1956546995,numeric,525908.8817750115,numeric,matched_with_denominator,DORIS - D18-158142 Transgrid 2017-18 - Category Analysis RIN - Templates - Public.XLSM,2.8 Maintenance,21,count,837.0,numeric,519.0,numeric,nominal_AUD_per_count,calculated,nominal_AUD_per_count,calculated,575.9733406455341,52.35268298052509,628.3260236260592,928.8818615034913,84.43004943102022,1013.3119109345116
2017-18,,Communications,$0's,298879.942721164,2993641.89730328,DORIS - D18-158142 Transgrid 2017-18 - Category Analysis RIN - Templates - Public.XLSM,2.8 Maintenance,60,Transgrid,https://www.aer.gov.au/documents/transgrid-2017-18-category-analysis-rin-templates,https://www.aer.gov.au/authors/transgrid-t?page=2,validated_manifest_match,Other maintenance activity ,continued_group_label,59,meaningful,True,other_maintenance_activity,Other maintenance activity,communications,Communications,mapped,mapped,AUD,nominal,1.0,standardized_source_unit,298879.942721164,numeric,2993641.89730328,numeric,3292521.840024444,numeric,matched_with_denominator,DORIS - D18-158142 Transgrid 2017-18 - Category Analysis RIN - Templates - Public.XLSM,2.8 Maintenance,22,count,1918.0,numeric,1352.0,numeric,nominal_AUD_per_count,calculated,nominal_AUD_per_count,calculated,155.82895866588322,1560.814336445923,1716.6432951118059,221.0650463913935,2214.2321725615975,2435.297218952991
2017-18,Transmission lines maintenance,Transmission towers,$0's,2515164.371675874,5874736.413742936,DORIS - D18-158267 ElectraNet 2017-18 - Category Analysis RIN - Template - Public.XLSM,2.8 Maintenance,50,ElectraNet,https://www.aer.gov.au/documents/electranet-2017-18-category-analysis-rin-templates,https://www.aer.gov.au/authors/electranet,validated_manifest_match,Transmission lines maintenance,submitted,50,meaningful,True,transmission_lines_maintenance,Transmission lines maintenance,transmission_towers,Transmission towers,mapped,mapped,AUD,nominal,1.0,standardized_source_unit,2515164.371675874,numeric,5874736.413742936,numeric,8389900.78541881,numeric,matched_with_denominator,DORIS - D18-158267 ElectraNet 2017-18 - Category Analysis RIN - Template - Public.XLSM,2.8 Maintenance,12,count,13290.0,numeric,13290.0,numeric,nominal_AUD_per_count,calculated,nominal_AUD_per_count,calculated,189.2523981697422,442.0418670987913,631.2942652685335,189.2523981697422,442.0418670987913,631.2942652685335
2017-18,Transmission lines maintenance,Transmission tower support structures,$0's,1649465.6972125955,2271658.247320669,DORIS - D18-158267 ElectraNet 2017-18 - Category Analysis RIN - Template - Public.XLSM,2.8 Maintenance,51,ElectraNet,https://www.aer.gov.au/documents/electranet-2017-18-category-analysis-rin-templates,https://www.aer.gov.au/authors/electranet,validated_manifest_match,Transmission lines maintenance,submitted,51,meaningful,True,transmission_lines_maintenance,Transmission lines maintenance,transmission_tower_support_structures,Transmission tower support structures,mapped,mapped,AUD,nominal,1.0,standardized_source_unit,1649465.6972125955,numeric,2271658.247320669,numeric,3921123.9445332643,numeric,matched_with_denominator,DORIS - D18-158267 ElectraNet 2017-18 - Category Analysis RIN - Template - Public.XLSM,2.8 Maintenance,13,count,62202.0,numeric,62202.0,numeric,nominal_AUD_per_count,calculated,nominal_AUD_per_count,calculated,26.5178884475193,36.520662475815385,63.03855092333469,26.5178884475193,36.520662475815385,63.03855092333469
2017-18,Transmission lines maintenance,Conductors,$0's,626458.6092627628,1302510.387721392,DORIS - D18-158267 ElectraNet 2017-18 - Category Analysis RIN - Template - Public.XLSM,2.8 Maintenance,52,ElectraNet,https://www.aer.gov.au/documents/electranet-2017-18-category-analysis-rin-templates,https://www.aer.gov.au/authors/electranet,validated_manifest_match,Transmission lines maintenance,submitted,52,meaningful,True,transmission_lines_maintenance,Transmission lines maintenance,conductors,Conductors,mapped,mapped,AUD,nominal,1.0,standardized_source_unit,626458.6092627628,numeric,1302510.387721392,numeric,1928968.996984155,numeric,matched_with_denominator,DORIS - D18-158267 ElectraNet 2017-18 - Category Analysis RIN - Template - Public.XLSM,2.8 Maintenance,14,km,5494.97,numeric,5494.97,numeric,nominal_AUD_per_km,calculated,nominal_AUD_per_km,calculated,114.00582883305329,237.0368514698701,351.0426803029234,114.00582883305329,237.0368514698701,351.0426803029234
2017-18,Transmission lines maintenance,Transmission cables,$0's,235938.32184876784,199164.2612150009,DORIS - D18-158267 ElectraNet 2017-18 - Category Analysis RIN - Template - Public.XLSM,2.8 Maintenance,53,ElectraNet,https://www.aer.gov.au/documents/electranet-2017-18-category-analysis-rin-templates,https://www.aer.gov.au/authors/electranet,validated_manifest_match,Transmission lines maintenance,submitted,53,meaningful,True,transmission_lines_maintenance,Transmission lines maintenance,transmission_cables,Transmission cables,mapped,mapped,AUD,nominal,1.0,standardized_source_unit,235938.32184876784,numeric,199164.2612150009,numeric,435102.58306376875,numeric,matched_with_denominator,DORIS - D18-158267 ElectraNet 2017-18 - Category Analysis RIN - Template - Public.XLSM,2.8 Maintenance,15,km,27.0,numeric,27.0,numeric,nominal_AUD_per_km,calculated,nominal_AUD_per_km,calculated,8738.45636476918,7376.454119074107,16114.910483843287,8738.45636476918,7376.454119074107,16114.910483843287
2017-18,Substations equipment & property maintenance,Substation switchbays (incl. Reactive plant),$0's,2225441.713219717,5400925.2048059385,DORIS - D18-158267 ElectraNet 2017-18 - Category Analysis RIN - Template - Public.XLSM,2.8 Maintenance,54,ElectraNet,https://www.aer.gov.au/documents/electranet-2017-18-category-analysis-rin-templates,https://www.aer.gov.au/authors/electranet,validated_manifest_match,Substations equipment & property maintenance,submitted,54,meaningful,True,substations_equipment_property_maintenance,Substations equipment & property maintenance,substation_switchbays,Substation switchbays (incl. Reactive plant),mapped,mapped,AUD,nominal,1.0,standardized_source_unit,2225441.713219717,numeric,5400925.2048059385,numeric,7626366.918025656,numeric,matched_with_denominator,DORIS - D18-158267 ElectraNet 2017-18 - Category Analysis RIN - Template - Public.XLSM,2.8 Maintenance,16,count,1604.0,numeric,1604.0,numeric,nominal_AUD_per_count,calculated,nominal_AUD_per_count,calculated,1387.432489538477,3367.160352123403,4754.59284166188,1387.432489538477,3367.160352123403,4754.59284166188
2017-18,Substations equipment & property maintenance,Substation power transformers,$0's,1043835.1014564371,2813243.165154318,DORIS - D18-158267 ElectraNet 2017-18 - Category Analysis RIN - Template - Public.XLSM,2.8 Maintenance,55,ElectraNet,https://www.aer.gov.au/documents/electranet-2017-18-category-analysis-rin-templates,https://www.aer.gov.au/authors/electranet,validated_manifest_match,Substations equipment & property maintenance,submitted,55,meaningful,True,substations_equipment_property_maintenance,Substations equipment & property maintenance,substation_power_transformers,Substation power transformers,mapped,mapped,AUD,nominal,1.0,standardized_source_unit,1043835.1014564371,numeric,2813243.165154318,numeric,3857078.266610755,numeric,matched_with_denominator,DORIS - D18-158267 ElectraNet 2017-18 - Category Analysis RIN - Template - Public.XLSM,2.8 Maintenance,17,count,138.0,numeric,138.0,numeric,nominal_AUD_per_count,calculated,nominal_AUD_per_count,calculated,7564.022474322008,20385.820037350128,27949.842511672137,7564.022474322008,20385.820037350128,27949.842511672137
2017-18,Substations equipment & property maintenance,Substation property,$0's,4309324.585323845,3834776.610039743,DORIS - D18-158267 ElectraNet 2017-18 - Category Analysis RIN - Template - Public.XLSM,2.8 Maintenance,56,ElectraNet,https://www.aer.gov.au/documents/electranet-2017-18-category-analysis-rin-templates,https://www.aer.gov.au/authors/electranet,validated_manifest_match,Substations equipment & property maintenance,submitted,56,meaningful,True,substations_equipment_property_maintenance,Substations equipment & property maintenance,substation_property,Substation property,mapped,mapped,AUD,nominal,1.0,standardized_source_unit,4309324.585323845,numeric,3834776.610039743,numeric,8144101.195363589,numeric,matched_with_denominator,DORIS - D18-158267 ElectraNet 2017-18 - Category Analysis RIN - Template - Public.XLSM,2.8 Maintenance,18,count,78.0,numeric,78.0,numeric,nominal_AUD_per_count,calculated,nominal_AUD_per_count,calculated,55247.75109389545,49163.80269281722,104411.55378671267,55247.75109389545,49163.80269281722,104411.55378671267
2017-18,SCADA & network control maintenance,SCADA & network control maintenance,$0's,2215616.06,663537.9099999999,DORIS - D18-158267 ElectraNet 2017-18 - Category Analysis RIN - Template - Public.XLSM,2.8 Maintenance,57,ElectraNet,https://www.aer.gov.au/documents/electranet-2017-18-category-analysis-rin-templates,https://www.aer.gov.au/authors/electranet,validated_manifest_match,SCADA & network control maintenance,submitted,57,meaningful,True,scada_network_control_maintenance,SCADA & network control maintenance,scada_network_control,SCADA & network control maintenance,mapped,mapped,AUD,nominal,1.0,standardized_source_unit,2215616.06,numeric,663537.9099999999,numeric,2879153.9699999997,numeric,matched_with_denominator,DORIS - D18-158267 ElectraNet 2017-18 - Category Analysis RIN - Template - Public.XLSM,2.8 Maintenance,19,count,119.0,numeric,119.0,numeric,nominal_AUD_per_count,calculated,nominal_AUD_per_count,calculated,18618.622352941176,5575.948823529411,24194.571176470585,18618.622352941176,5575.948823529411,24194.571176470585
2017-18,Protection systems maintenance,Protection systems maintenance,$0's,2344982.17,1429107.9,DORIS - D18-158267 ElectraNet 2017-18 - Category Analysis RIN - Template - Public.XLSM,2.8 Maintenance,58,ElectraNet,https://www.aer.gov.au/documents/electranet-2017-18-category-analysis-rin-templates,https://www.aer.gov.au/authors/electranet,validated_manifest_match,Protection systems maintenance,submitted,58,meaningful,True,protection_systems_maintenance,Protection systems maintenance,protection_systems,Protection systems maintenance,mapped,mapped,AUD,nominal,1.0,standardized_source_unit,2344982.17,numeric,1429107.9,numeric,3774090.07,numeric,matched_with_denominator,DORIS - D18-158267 ElectraNet 2017-18 - Category Analysis RIN - Template - Public.XLSM,2.8 Maintenance,20,count,1437.0,numeric,1437.0,numeric,nominal_AUD_per_count,calculated,nominal_AUD_per_count,calculated,1631.8595476687542,994.5079331941545,2626.367480862909,1631.8595476687542,994.5079331941545,2626.367480862909
2017-18,,Row Maintenance,$0's,1868309.06,134253.11,DORIS - D18-158267 ElectraNet 2017-18 - Category Analysis RIN - Template - Public.XLSM,2.8 Maintenance,60,ElectraNet,https://www.aer.gov.au/documents/electranet-2017-18-category-analysis-rin-templates,https://www.aer.gov.au/authors/electranet,validated_manifest_match,Other maintenance activity ,continued_group_label,59,meaningful,True,other_maintenance_activity,Other maintenance activity,right_of_way_maintenance,Right of way (ROW) maintenance,mapped,mapped,AUD,nominal,1.0,standardized_source_unit,1868309.06,numeric,134253.11,numeric,2002562.17,numeric,no_descriptor_match,,,,,,,,,,no_descriptor_match,,no_descriptor_match,,,,,,
2018-19,Transmission lines maintenance,Transmission towers,$0's,994076.2956654348,6880611.581712978,ElectraNet 2018-19 - Category Analysis - RIN Response - Consolidated - 31 October 2019 - PUBLIC D19-175655.xlsx,2.8 Maintenance,50,ElectraNet,https://www.aer.gov.au/documents/electranet-2018-19-category-analysis-rin-templates,https://www.aer.gov.au/authors/electranet?page=2,validated_manifest_match,Transmission lines maintenance,submitted,50,meaningful,True,transmission_lines_maintenance,Transmission lines maintenance,transmission_towers,Transmission towers,mapped,mapped,AUD,nominal,1.0,standardized_source_unit,994076.2956654348,numeric,6880611.581712978,numeric,7874687.8773784125,numeric,matched_with_denominator,ElectraNet 2018-19 - Category Analysis - RIN Response - Consolidated - 31 October 2019 - PUBLIC D19-175655.xlsx,2.8 Maintenance,12,count,13215.0,numeric,13215.0,numeric,nominal_AUD_per_count,calculated,nominal_AUD_per_count,calculated,75.22332922175065,520.6667863573953,595.8901155791459,75.22332922175065,520.6667863573953,595.8901155791459
2018-19,Transmission lines maintenance,Transmission tower support structures,$0's,1617614.6741036212,4969409.495663943,ElectraNet 2018-19 - Category Analysis - RIN Response - Consolidated - 31 October 2019 - PUBLIC D19-175655.xlsx,2.8 Maintenance,51,ElectraNet,https://www.aer.gov.au/documents/electranet-2018-19-category-analysis-rin-templates,https://www.aer.gov.au/authors/electranet?page=2,validated_manifest_match,Transmission lines maintenance,submitted,51,meaningful,True,transmission_lines_maintenance,Transmission lines maintenance,transmission_tower_support_structures,Transmission tower support structures,mapped,mapped,AUD,nominal,1.0,standardized_source_unit,1617614.6741036212,numeric,4969409.495663943,numeric,6587024.169767564,numeric,matched_with_denominator,ElectraNet 2018-19 - Category Analysis - RIN Response - Consolidated - 31 October 2019 - PUBLIC D19-175655.xlsx,2.8 Maintenance,13,count,58352.0,numeric,58352.0,numeric,nominal_AUD_per_count,calculated,nominal_AUD_per_count,calculated,27.721666337119913,85.1626250285156,112.88429136563552,27.721666337119913,85.1626250285156,112.88429136563552
2018-19,Transmission lines maintenance,Conductors,$0's,454836.78895756346,715449.2474741903,ElectraNet 2018-19 - Category Analysis - RIN Response - Consolidated - 31 October 2019 - PUBLIC D19-175655.xlsx,2.8 Maintenance,52,ElectraNet,https://www.aer.gov.au/documents/electranet-2018-19-category-analysis-rin-templates,https://www.aer.gov.au/authors/electranet?page=2,validated_manifest_match,Transmission lines maintenance,submitted,52,meaningful,True,transmission_lines_maintenance,Transmission lines maintenance,conductors,Conductors,mapped,mapped,AUD,nominal,1.0,standardized_source_unit,454836.78895756346,numeric,715449.2474741903,numeric,1170286.0364317538,numeric,matched_with_denominator,ElectraNet 2018-19 - Category Analysis - RIN Response - Consolidated - 31 October 2019 - PUBLIC D19-175655.xlsx,2.8 Maintenance,14,km,5485.47,numeric,5485.47,numeric,nominal_AUD_per_km,calculated,nominal_AUD_per_km,calculated,82.9166487024017,130.426243781151,213.34289248355267,82.9166487024017,130.426243781151,213.34289248355267
2018-19,Transmission lines maintenance,Transmission cables,$0's,225361.77127338116,65255.13514888802,ElectraNet 2018-19 - Category Analysis - RIN Response - Consolidated - 31 October 2019 - PUBLIC D19-175655.xlsx,2.8 Maintenance,53,ElectraNet,https://www.aer.gov.au/documents/electranet-2018-19-category-analysis-rin-templates,https://www.aer.gov.au/authors/electranet?page=2,validated_manifest_match,Transmission lines maintenance,submitted,53,meaningful,True,transmission_lines_maintenance,Transmission lines maintenance,transmission_cables,Transmission cables,mapped,mapped,AUD,nominal,1.0,standardized_source_unit,225361.77127338116,numeric,65255.13514888802,numeric,290616.9064222692,numeric,matched_with_denominator,ElectraNet 2018-19 - Category Analysis - RIN Response - Consolidated - 31 October 2019 - PUBLIC D19-175655.xlsx,2.8 Maintenance,15,km,27.0,numeric,27.0,numeric,nominal_AUD_per_km,calculated,nominal_AUD_per_km,calculated,8346.732269384487,2416.856857366223,10763.58912675071,8346.732269384487,2416.856857366223,10763.58912675071
2018-19,Substations equipment & property maintenance,Substation switchbays (incl. Reactive plant),$0's,1602748.123932074,3474023.1777615887,ElectraNet 2018-19 - Category Analysis - RIN Response - Consolidated - 31 October 2019 - PUBLIC D19-175655.xlsx,2.8 Maintenance,54,ElectraNet,https://www.aer.gov.au/documents/electranet-2018-19-category-analysis-rin-templates,https://www.aer.gov.au/authors/electranet?page=2,validated_manifest_match,Substations equipment & property maintenance,submitted,54,meaningful,True,substations_equipment_property_maintenance,Substations equipment & property maintenance,substation_switchbays,Substation switchbays (incl. Reactive plant),mapped,mapped,AUD,nominal,1.0,standardized_source_unit,1602748.123932074,numeric,3474023.1777615887,numeric,5076771.301693663,numeric,matched_with_denominator,ElectraNet 2018-19 - Category Analysis - RIN Response - Consolidated - 31 October 2019 - PUBLIC D19-175655.xlsx,2.8 Maintenance,16,count,1612.0,numeric,1612.0,numeric,nominal_AUD_per_count,calculated,nominal_AUD_per_count,calculated,994.2606227866464,2155.1012268992486,3149.3618496858953,994.2606227866464,2155.1012268992486,3149.3618496858953
2018-19,Substations equipment & property maintenance,Substation power transformers,$0's,1347494.2205976425,2278718.925214412,ElectraNet 2018-19 - Category Analysis - RIN Response - Consolidated - 31 October 2019 - PUBLIC D19-175655.xlsx,2.8 Maintenance,55,ElectraNet,https://www.aer.gov.au/documents/electranet-2018-19-category-analysis-rin-templates,https://www.aer.gov.au/authors/electranet?page=2,validated_manifest_match,Substations equipment & property maintenance,submitted,55,meaningful,True,substations_equipment_property_maintenance,Substations equipment & property maintenance,substation_power_transformers,Substation power transformers,mapped,mapped,AUD,nominal,1.0,standardized_source_unit,1347494.2205976425,numeric,2278718.925214412,numeric,3626213.1458120546,numeric,matched_with_denominator,ElectraNet 2018-19 - Category Analysis - RIN Response - Consolidated - 31 October 2019 - PUBLIC D19-175655.xlsx,2.8 Maintenance,17,count,137.0,numeric,137.0,numeric,nominal_AUD_per_count,calculated,nominal_AUD_per_count,calculated,9835.724237938995,16632.984855579653,26468.709093518646,9835.724237938995,16632.984855579653,26468.709093518646
2018-19,Substations equipment & property maintenance,Substation property,$0's,3945482.535470284,3214370.187024,ElectraNet 2018-19 - Category Analysis - RIN Response - Consolidated - 31 October 2019 - PUBLIC D19-175655.xlsx,2.8 Maintenance,56,ElectraNet,https://www.aer.gov.au/documents/electranet-2018-19-category-analysis-rin-templates,https://www.aer.gov.au/authors/electranet?page=2,validated_manifest_match,Substations equipment & property maintenance,submitted,56,meaningful,True,substations_equipment_property_maintenance,Substations equipment & property maintenance,substation_property,Substation property,mapped,mapped,AUD,nominal,1.0,standardized_source_unit,3945482.535470284,numeric,3214370.187024,numeric,7159852.722494284,numeric,matched_with_denominator,ElectraNet 2018-19 - Category Analysis - RIN Response - Consolidated - 31 October 2019 - PUBLIC D19-175655.xlsx,2.8 Maintenance,18,count,78.0,numeric,78.0,numeric,nominal_AUD_per_count,calculated,nominal_AUD_per_count,calculated,50583.1094291062,41209.87419261539,91792.98362172159,50583.1094291062,41209.87419261539,91792.98362172159
2018-19,SCADA & network control maintenance,SCADA & network control maintenance,$0's,2457409.29,426543.22,ElectraNet 2018-19 - Category Analysis - RIN Response - Consolidated - 31 October 2019 - PUBLIC D19-175655.xlsx,2.8 Maintenance,57,ElectraNet,https://www.aer.gov.au/documents/electranet-2018-19-category-analysis-rin-templates,https://www.aer.gov.au/authors/electranet?page=2,validated_manifest_match,SCADA & network control maintenance,submitted,57,meaningful,True,scada_network_control_maintenance,SCADA & network control maintenance,scada_network_control,SCADA & network control maintenance,mapped,mapped,AUD,nominal,1.0,standardized_source_unit,2457409.29,numeric,426543.22,numeric,2883952.51,numeric,matched_with_denominator,ElectraNet 2018-19 - Category Analysis - RIN Response - Consolidated - 31 October 2019 - PUBLIC D19-175655.xlsx,2.8 Maintenance,19,count,120.0,numeric,120.0,numeric,nominal_AUD_per_count,calculated,nominal_AUD_per_count,calculated,20478.41075,3554.526833333333,24032.937583333332,20478.41075,3554.526833333333,24032.937583333332
2018-19,Protection systems maintenance,Protection systems maintenance,$0's,2914166.19,1297531.01,ElectraNet 2018-19 - Category Analysis - RIN Response - Consolidated - 31 October 2019 - PUBLIC D19-175655.xlsx,2.8 Maintenance,58,ElectraNet,https://www.aer.gov.au/documents/electranet-2018-19-category-analysis-rin-templates,https://www.aer.gov.au/authors/electranet?page=2,validated_manifest_match,Protection systems maintenance,submitted,58,meaningful,True,protection_systems_maintenance,Protection systems maintenance,protection_systems,Protection systems maintenance,mapped,mapped,AUD,nominal,1.0,standardized_source_unit,2914166.19,numeric,1297531.01,numeric,4211697.2,numeric,matched_with_denominator,ElectraNet 2018-19 - Category Analysis - RIN Response - Consolidated - 31 October 2019 - PUBLIC D19-175655.xlsx,2.8 Maintenance,20,count,1436.0,numeric,1436.0,numeric,nominal_AUD_per_count,calculated,nominal_AUD_per_count,calculated,2029.3636420612813,903.573126740947,2932.9367688022285,2029.3636420612813,903.573126740947,2932.9367688022285
2018-19,Other maintenance activity ,RIGHT OF WAY (ROW) MAINTENANCE,$0's,2105455.32,79228.40000000001,ElectraNet 2018-19 - Category Analysis - RIN Response - Consolidated - 31 October 2019 - PUBLIC D19-175655.xlsx,2.8 Maintenance,59,ElectraNet,https://www.aer.gov.au/documents/electranet-2018-19-category-analysis-rin-templates,https://www.aer.gov.au/authors/electranet?page=2,validated_manifest_match,Other maintenance activity ,submitted,59,meaningful,True,other_maintenance_activity,Other maintenance activity,right_of_way_maintenance,Right of way (ROW) maintenance,mapped,mapped,AUD,nominal,1.0,standardized_source_unit,2105455.32,numeric,79228.40000000001,numeric,2184683.7199999997,numeric,matched_with_denominator,ElectraNet 2018-19 - Category Analysis - RIN Response - Consolidated - 31 October 2019 - PUBLIC D19-175655.xlsx,2.8 Maintenance,21,km,4526.0,numeric,4526.0,numeric,nominal_AUD_per_km,calculated,nominal_AUD_per_km,calculated,465.19118868758284,17.505170128148478,482.6963588157313,465.19118868758284,17.505170128148478,482.6963588157313
2019-20,Transmission lines maintenance,Transmission towers,$0's,1306314.492090787,7634433.802887562,ElectraNet 2019-20 - Category Analysis - RIN Response - Consolidated - 30 October 2020 - PUBLIC (#11672792).xlsx,2.8 Maintenance,50,ElectraNet,https://www.aer.gov.au/documents/electranet-2019-20-category-analysis-rin-templates,https://www.aer.gov.au/authors/electranet?page=1,validated_manifest_match,Transmission lines maintenance,submitted,50,meaningful,True,transmission_lines_maintenance,Transmission lines maintenance,transmission_towers,Transmission towers,mapped,mapped,AUD,nominal,1.0,standardized_source_unit,1306314.492090787,numeric,7634433.802887562,numeric,8940748.294978349,numeric,matched_with_denominator,ElectraNet 2019-20 - Category Analysis - RIN Response - Consolidated - 30 October 2020 - PUBLIC (#11672792).xlsx,2.8 Maintenance,12,count,13250.0,numeric,13250.0,numeric,nominal_AUD_per_count,calculated,nominal_AUD_per_count,calculated,98.58977298798393,576.1836832367972,674.7734562247811,98.58977298798393,576.1836832367972,674.7734562247811
2019-20,Transmission lines maintenance,Transmission tower support structures,$0's,1221250.0540978282,2210627.9938008096,ElectraNet 2019-20 - Category Analysis - RIN Response - Consolidated - 30 October 2020 - PUBLIC (#11672792).xlsx,2.8 Maintenance,51,ElectraNet,https://www.aer.gov.au/documents/electranet-2019-20-category-analysis-rin-templates,https://www.aer.gov.au/authors/electranet?page=1,validated_manifest_match,Transmission lines maintenance,submitted,51,meaningful,True,transmission_lines_maintenance,Transmission lines maintenance,transmission_tower_support_structures,Transmission tower support structures,mapped,mapped,AUD,nominal,1.0,standardized_source_unit,1221250.0540978282,numeric,2210627.9938008096,numeric,3431878.047898638,numeric,matched_with_denominator,ElectraNet 2019-20 - Category Analysis - RIN Response - Consolidated - 30 October 2020 - PUBLIC (#11672792).xlsx,2.8 Maintenance,13,count,58393.0,numeric,58393.0,numeric,nominal_AUD_per_count,calculated,nominal_AUD_per_count,calculated,20.914322848591922,37.8577568167556,58.772079665347526,20.914322848591922,37.8577568167556,58.772079665347526
2019-20,Transmission lines maintenance,Conductors,$0's,580093.7756964684,1659713.375585338,ElectraNet 2019-20 - Category Analysis - RIN Response - Consolidated - 30 October 2020 - PUBLIC (#11672792).xlsx,2.8 Maintenance,52,ElectraNet,https://www.aer.gov.au/documents/electranet-2019-20-category-analysis-rin-templates,https://www.aer.gov.au/authors/electranet?page=1,validated_manifest_match,Transmission lines maintenance,submitted,52,meaningful,True,transmission_lines_maintenance,Transmission lines maintenance,conductors,Conductors,mapped,mapped,AUD,nominal,1.0,standardized_source_unit,580093.7756964684,numeric,1659713.375585338,numeric,2239807.1512818066,numeric,matched_with_denominator,ElectraNet 2019-20 - Category Analysis - RIN Response - Consolidated - 30 October 2020 - PUBLIC (#11672792).xlsx,2.8 Maintenance,14,km,5492.5,numeric,5492.5,numeric,nominal_AUD_per_km,calculated,nominal_AUD_per_km,calculated,105.61561687691733,302.17812937375294,407.7937462506703,105.61561687691733,302.17812937375294,407.7937462506703
2019-20,Transmission lines maintenance,Transmission cables,$0's,485863.2781149152,88104.47772629201,ElectraNet 2019-20 - Category Analysis - RIN Response - Consolidated - 30 October 2020 - PUBLIC (#11672792).xlsx,2.8 Maintenance,53,ElectraNet,https://www.aer.gov.au/documents/electranet-2019-20-category-analysis-rin-templates,https://www.aer.gov.au/authors/electranet?page=1,validated_manifest_match,Transmission lines maintenance,submitted,53,meaningful,True,transmission_lines_maintenance,Transmission lines maintenance,transmission_cables,Transmission cables,mapped,mapped,AUD,nominal,1.0,standardized_source_unit,485863.2781149152,numeric,88104.47772629201,numeric,573967.7558412072,numeric,matched_with_denominator,ElectraNet 2019-20 - Category Analysis - RIN Response - Consolidated - 30 October 2020 - PUBLIC (#11672792).xlsx,2.8 Maintenance,15,km,0.027,numeric,0.027,numeric,nominal_AUD_per_km,calculated,nominal_AUD_per_km,calculated,17994936.226478342,3263128.8046774818,21258065.031155825,17994936.226478342,3263128.8046774818,21258065.031155825
2019-20,Substations equipment & property maintenance,Substation switchbays (incl. Reactive plant),$0's,1888640.52782214,4090691.8162128897,ElectraNet 2019-20 - Category Analysis - RIN Response - Consolidated - 30 October 2020 - PUBLIC (#11672792).xlsx,2.8 Maintenance,54,ElectraNet,https://www.aer.gov.au/documents/electranet-2019-20-category-analysis-rin-templates,https://www.aer.gov.au/authors/electranet?page=1,validated_manifest_match,Substations equipment & property maintenance,submitted,54,meaningful,True,substations_equipment_property_maintenance,Substations equipment & property maintenance,substation_switchbays,Substation switchbays (incl. Reactive plant),mapped,mapped,AUD,nominal,1.0,standardized_source_unit,1888640.52782214,numeric,4090691.8162128897,numeric,5979332.344035029,numeric,matched_with_denominator,ElectraNet 2019-20 - Category Analysis - RIN Response - Consolidated - 30 October 2020 - PUBLIC (#11672792).xlsx,2.8 Maintenance,16,count,1622.0,numeric,1622.0,numeric,nominal_AUD_per_count,calculated,nominal_AUD_per_count,calculated,1164.389967831159,2522.004818873545,3686.3947867047036,1164.389967831159,2522.004818873545,3686.3947867047036
2019-20,Substations equipment & property maintenance,Substation power transformers,$0's,1948530.9068821475,2032661.1106778383,ElectraNet 2019-20 - Category Analysis - RIN Response - Consolidated - 30 October 2020 - PUBLIC (#11672792).xlsx,2.8 Maintenance,55,ElectraNet,https://www.aer.gov.au/documents/electranet-2019-20-category-analysis-rin-templates,https://www.aer.gov.au/authors/electranet?page=1,validated_manifest_match,Substations equipment & property maintenance,submitted,55,meaningful,True,substations_equipment_property_maintenance,Substations equipment & property maintenance,substation_power_transformers,Substation power transformers,mapped,mapped,AUD,nominal,1.0,standardized_source_unit,1948530.9068821475,numeric,2032661.1106778383,numeric,3981192.0175599856,numeric,matched_with_denominator,ElectraNet 2019-20 - Category Analysis - RIN Response - Consolidated - 30 October 2020 - PUBLIC (#11672792).xlsx,2.8 Maintenance,17,count,143.0,numeric,143.0,numeric,nominal_AUD_per_count,calculated,nominal_AUD_per_count,calculated,13626.090257917116,14214.413361383486,27840.503619300598,13626.090257917116,14214.413361383486,27840.503619300598
2019-20,Substations equipment & property maintenance,Substation property,$0's,3324972.615295713,2338028.973109273,ElectraNet 2019-20 - Category Analysis - RIN Response - Consolidated - 30 October 2020 - PUBLIC (#11672792).xlsx,2.8 Maintenance,56,ElectraNet,https://www.aer.gov.au/documents/electranet-2019-20-category-analysis-rin-templates,https://www.aer.gov.au/authors/electranet?page=1,validated_manifest_match,Substations equipment & property maintenance,submitted,56,meaningful,True,substations_equipment_property_maintenance,Substations equipment & property maintenance,substation_property,Substation property,mapped,mapped,AUD,nominal,1.0,standardized_source_unit,3324972.615295713,numeric,2338028.973109273,numeric,5663001.588404985,numeric,matched_with_denominator,ElectraNet 2019-20 - Category Analysis - RIN Response - Consolidated - 30 October 2020 - PUBLIC (#11672792).xlsx,2.8 Maintenance,18,count,78.0,numeric,78.0,numeric,nominal_AUD_per_count,calculated,nominal_AUD_per_count,calculated,42627.85404225273,29974.730424477857,72602.58446673058,42627.85404225273,29974.730424477857,72602.58446673058
2019-20,SCADA & network control maintenance,SCADA & network control maintenance,$0's,2494035.13,373045.42,ElectraNet 2019-20 - Category Analysis - RIN Response - Consolidated - 30 October 2020 - PUBLIC (#11672792).xlsx,2.8 Maintenance,57,ElectraNet,https://www.aer.gov.au/documents/electranet-2019-20-category-analysis-rin-templates,https://www.aer.gov.au/authors/electranet?page=1,validated_manifest_match,SCADA & network control maintenance,submitted,57,meaningful,True,scada_network_control_maintenance,SCADA & network control maintenance,scada_network_control,SCADA & network control maintenance,mapped,mapped,AUD,nominal,1.0,standardized_source_unit,2494035.13,numeric,373045.42,numeric,2867080.55,numeric,matched_with_denominator,ElectraNet 2019-20 - Category Analysis - RIN Response - Consolidated - 30 October 2020 - PUBLIC (#11672792).xlsx,2.8 Maintenance,19,count,118.0,numeric,118.0,numeric,nominal_AUD_per_count,calculated,nominal_AUD_per_count,calculated,21135.89093220339,3161.4018644067796,24297.292796610167,21135.89093220339,3161.4018644067796,24297.292796610167
2019-20,Protection systems maintenance,Protection systems maintenance,$0's,2815939.23,1518224.6800000002,ElectraNet 2019-20 - Category Analysis - RIN Response - Consolidated - 30 October 2020 - PUBLIC (#11672792).xlsx,2.8 Maintenance,58,ElectraNet,https://www.aer.gov.au/documents/electranet-2019-20-category-analysis-rin-templates,https://www.aer.gov.au/authors/electranet?page=1,validated_manifest_match,Protection systems maintenance,submitted,58,meaningful,True,protection_systems_maintenance,Protection systems maintenance,protection_systems,Protection systems maintenance,mapped,mapped,AUD,nominal,1.0,standardized_source_unit,2815939.23,numeric,1518224.6800000002,numeric,4334163.91,numeric,matched_with_denominator,ElectraNet 2019-20 - Category Analysis - RIN Response - Consolidated - 30 October 2020 - PUBLIC (#11672792).xlsx,2.8 Maintenance,20,count,1485.0,numeric,1485.0,numeric,nominal_AUD_per_count,calculated,nominal_AUD_per_count,calculated,1896.2553737373737,1022.373521885522,2918.628895622896,1896.2553737373737,1022.373521885522,2918.628895622896
2019-20,Other maintenance activity ,RIGHT OF WAY ROW MAINTENANCE,$0's,1871316.77,81869.91,ElectraNet 2019-20 - Category Analysis - RIN Response - Consolidated - 30 October 2020 - PUBLIC (#11672792).xlsx,2.8 Maintenance,59,ElectraNet,https://www.aer.gov.au/documents/electranet-2019-20-category-analysis-rin-templates,https://www.aer.gov.au/authors/electranet?page=1,validated_manifest_match,Other maintenance activity ,submitted,59,meaningful,True,other_maintenance_activity,Other maintenance activity,right_of_way_maintenance,Right of way (ROW) maintenance,mapped,mapped,AUD,nominal,1.0,standardized_source_unit,1871316.77,numeric,81869.91,numeric,1953186.68,numeric,matched_with_denominator,ElectraNet 2019-20 - Category Analysis - RIN Response - Consolidated - 30 October 2020 - PUBLIC (#11672792).xlsx,2.8 Maintenance,21,km,4531.0,numeric,4531.0,numeric,nominal_AUD_per_km,calculated,nominal_AUD_per_km,calculated,413.00303906422425,18.0688391083646,431.0718781725888,413.00303906422425,18.0688391083646,431.0718781725888
2020-21,Transmission lines maintenance,Transmission towers,$0's,1890651.4158296047,10223752.684535133,ElectraNet 2020-21 - Category Analysis - RIN Response - Consolidated - 29 October 2021 - PUBLIC(13029806.1).xlsx,2.8 Maintenance,50,ElectraNet,https://www.aer.gov.au/documents/electranet-2020-21-category-analysis-rin-templates,https://www.aer.gov.au/authors/electranet?page=6,validated_manifest_match,Transmission lines maintenance,submitted,50,meaningful,True,transmission_lines_maintenance,Transmission lines maintenance,transmission_towers,Transmission towers,mapped,mapped,AUD,nominal,1.0,standardized_source_unit,1890651.4158296047,numeric,10223752.684535133,numeric,12114404.100364737,numeric,matched_with_denominator,ElectraNet 2020-21 - Category Analysis - RIN Response - Consolidated - 29 October 2021 - PUBLIC(13029806.1).xlsx,2.8 Maintenance,12,count,13193.0,numeric,13193.0,numeric,nominal_AUD_per_count,calculated,nominal_AUD_per_count,calculated,143.3071640892598,774.9376703202556,918.2448344095154,143.3071640892598,774.9376703202556,918.2448344095154
2020-21,Transmission lines maintenance,Transmission tower support structures,$0's,1664545.2593475608,4143620.5711191744,ElectraNet 2020-21 - Category Analysis - RIN Response - Consolidated - 29 October 2021 - PUBLIC(13029806.1).xlsx,2.8 Maintenance,51,ElectraNet,https://www.aer.gov.au/documents/electranet-2020-21-category-analysis-rin-templates,https://www.aer.gov.au/authors/electranet?page=6,validated_manifest_match,Transmission lines maintenance,submitted,51,meaningful,True,transmission_lines_maintenance,Transmission lines maintenance,transmission_tower_support_structures,Transmission tower support structures,mapped,mapped,AUD,nominal,1.0,standardized_source_unit,1664545.2593475608,numeric,4143620.5711191744,numeric,5808165.830466735,numeric,matched_with_denominator,ElectraNet 2020-21 - Category Analysis - RIN Response - Consolidated - 29 October 2021 - PUBLIC(13029806.1).xlsx,2.8 Maintenance,13,count,58944.0,numeric,58944.0,numeric,nominal_AUD_per_count,calculated,nominal_AUD_per_count,calculated,28.23943504593446,70.29758026464397,98.53701531057844,28.23943504593446,70.29758026464397,98.53701531057844
2020-21,Transmission lines maintenance,Conductors,$0's,790658.9981900913,1466989.7790456675,ElectraNet 2020-21 - Category Analysis - RIN Response - Consolidated - 29 October 2021 - PUBLIC(13029806.1).xlsx,2.8 Maintenance,52,ElectraNet,https://www.aer.gov.au/documents/electranet-2020-21-category-analysis-rin-templates,https://www.aer.gov.au/authors/electranet?page=6,validated_manifest_match,Transmission lines maintenance,submitted,52,meaningful,True,transmission_lines_maintenance,Transmission lines maintenance,conductors,Conductors,mapped,mapped,AUD,nominal,1.0,standardized_source_unit,790658.9981900913,numeric,1466989.7790456675,numeric,2257648.777235759,numeric,matched_with_denominator,ElectraNet 2020-21 - Category Analysis - RIN Response - Consolidated - 29 October 2021 - PUBLIC(13029806.1).xlsx,2.8 Maintenance,14,km,5488.7,numeric,5488.7,numeric,nominal_AUD_per_km,calculated,nominal_AUD_per_km,calculated,144.05214316506485,267.27454206745995,411.3266852325248,144.05214316506485,267.27454206745995,411.3266852325248
2020-21,Transmission lines maintenance,Transmission cables,$0's,310539.2466327427,27014.465300026004,ElectraNet 2020-21 - Category Analysis - RIN Response - Consolidated - 29 October 2021 - PUBLIC(13029806.1).xlsx,2.8 Maintenance,53,ElectraNet,https://www.aer.gov.au/documents/electranet-2020-21-category-analysis-rin-templates,https://www.aer.gov.au/authors/electranet?page=6,validated_manifest_match,Transmission lines maintenance,submitted,53,meaningful,True,transmission_lines_maintenance,Transmission lines maintenance,transmission_cables,Transmission cables,mapped,mapped,AUD,nominal,1.0,standardized_source_unit,310539.2466327427,numeric,27014.465300026004,numeric,337553.7119327687,numeric,matched_with_denominator,ElectraNet 2020-21 - Category Analysis - RIN Response - Consolidated - 29 October 2021 - PUBLIC(13029806.1).xlsx,2.8 Maintenance,15,km,27.0,numeric,27.0,numeric,nominal_AUD_per_km,calculated,nominal_AUD_per_km,calculated,11501.45357899047,1000.535751852815,12501.989330843286,11501.45357899047,1000.535751852815,12501.989330843286
2020-21,Substations equipment & property maintenance,Substation switchbays (incl. Reactive plant),$0's,1438457.796307,2527285.1375062955,ElectraNet 2020-21 - Category Analysis - RIN Response - Consolidated - 29 October 2021 - PUBLIC(13029806.1).xlsx,2.8 Maintenance,54,ElectraNet,https://www.aer.gov.au/documents/electranet-2020-21-category-analysis-rin-templates,https://www.aer.gov.au/authors/electranet?page=6,validated_manifest_match,Substations equipment & property maintenance,submitted,54,meaningful,True,substations_equipment_property_maintenance,Substations equipment & property maintenance,substation_switchbays,Substation switchbays (incl. Reactive plant),mapped,mapped,AUD,nominal,1.0,standardized_source_unit,1438457.796307,numeric,2527285.1375062955,numeric,3965742.9338132953,numeric,matched_with_denominator,ElectraNet 2020-21 - Category Analysis - RIN Response - Consolidated - 29 October 2021 - PUBLIC(13029806.1).xlsx,2.8 Maintenance,16,count,1708.0,numeric,1708.0,numeric,nominal_AUD_per_count,calculated,nominal_AUD_per_count,calculated,842.1884053319673,1479.675139055208,2321.8635443871754,842.1884053319673,1479.675139055208,2321.8635443871754
2020-21,Substations equipment & property maintenance,Substation power transformers,$0's,1221508.1411058966,1422903.2202991194,ElectraNet 2020-21 - Category Analysis - RIN Response - Consolidated - 29 October 2021 - PUBLIC(13029806.1).xlsx,2.8 Maintenance,55,ElectraNet,https://www.aer.gov.au/documents/electranet-2020-21-category-analysis-rin-templates,https://www.aer.gov.au/authors/electranet?page=6,validated_manifest_match,Substations equipment & property maintenance,submitted,55,meaningful,True,substations_equipment_property_maintenance,Substations equipment & property maintenance,substation_power_transformers,Substation power transformers,mapped,mapped,AUD,nominal,1.0,standardized_source_unit,1221508.1411058966,numeric,1422903.2202991194,numeric,2644411.361405016,numeric,matched_with_denominator,ElectraNet 2020-21 - Category Analysis - RIN Response - Consolidated - 29 October 2021 - PUBLIC(13029806.1).xlsx,2.8 Maintenance,17,count,146.0,numeric,146.0,numeric,nominal_AUD_per_count,calculated,nominal_AUD_per_count,calculated,8366.494117163675,9745.912467802187,18112.406584965862,8366.494117163675,9745.912467802187,18112.406584965862
2020-21,Substations equipment & property maintenance,Substation property,$0's,4146428.322587103,2853874.1921945843,ElectraNet 2020-21 - Category Analysis - RIN Response - Consolidated - 29 October 2021 - PUBLIC(13029806.1).xlsx,2.8 Maintenance,56,ElectraNet,https://www.aer.gov.au/documents/electranet-2020-21-category-analysis-rin-templates,https://www.aer.gov.au/authors/electranet?page=6,validated_manifest_match,Substations equipment & property maintenance,submitted,56,meaningful,True,substations_equipment_property_maintenance,Substations equipment & property maintenance,substation_property,Substation property,mapped,mapped,AUD,nominal,1.0,standardized_source_unit,4146428.322587103,numeric,2853874.1921945843,numeric,7000302.514781687,numeric,matched_with_denominator,ElectraNet 2020-21 - Category Analysis - RIN Response - Consolidated - 29 October 2021 - PUBLIC(13029806.1).xlsx,2.8 Maintenance,18,count,78.0,numeric,78.0,numeric,nominal_AUD_per_count,calculated,nominal_AUD_per_count,calculated,53159.337469065424,36588.130669161335,89747.46813822676,53159.337469065424,36588.130669161335,89747.46813822676
2020-21,SCADA & network control maintenance,SCADA & network control maintenance,$0's,2556270.58,475418.71,ElectraNet 2020-21 - Category Analysis - RIN Response - Consolidated - 29 October 2021 - PUBLIC(13029806.1).xlsx,2.8 Maintenance,57,ElectraNet,https://www.aer.gov.au/documents/electranet-2020-21-category-analysis-rin-templates,https://www.aer.gov.au/authors/electranet?page=6,validated_manifest_match,SCADA & network control maintenance,submitted,57,meaningful,True,scada_network_control_maintenance,SCADA & network control maintenance,scada_network_control,SCADA & network control maintenance,mapped,mapped,AUD,nominal,1.0,standardized_source_unit,2556270.58,numeric,475418.71,numeric,3031689.29,numeric,matched_with_denominator,ElectraNet 2020-21 - Category Analysis - RIN Response - Consolidated - 29 October 2021 - PUBLIC(13029806.1).xlsx,2.8 Maintenance,19,count,118.0,numeric,118.0,numeric,nominal_AUD_per_count,calculated,nominal_AUD_per_count,calculated,21663.31,4028.972118644068,25692.282118644067,21663.31,4028.972118644068,25692.282118644067
2020-21,Protection systems maintenance,Protection systems maintenance,$0's,3506322.86,924542.26,ElectraNet 2020-21 - Category Analysis - RIN Response - Consolidated - 29 October 2021 - PUBLIC(13029806.1).xlsx,2.8 Maintenance,58,ElectraNet,https://www.aer.gov.au/documents/electranet-2020-21-category-analysis-rin-templates,https://www.aer.gov.au/authors/electranet?page=6,validated_manifest_match,Protection systems maintenance,submitted,58,meaningful,True,protection_systems_maintenance,Protection systems maintenance,protection_systems,Protection systems maintenance,mapped,mapped,AUD,nominal,1.0,standardized_source_unit,3506322.86,numeric,924542.26,numeric,4430865.12,numeric,matched_with_denominator,ElectraNet 2020-21 - Category Analysis - RIN Response - Consolidated - 29 October 2021 - PUBLIC(13029806.1).xlsx,2.8 Maintenance,20,count,1521.0,numeric,1521.0,numeric,nominal_AUD_per_count,calculated,nominal_AUD_per_count,calculated,2305.2747271531885,607.8515844838922,2913.126311637081,2305.2747271531885,607.8515844838922,2913.126311637081
2020-21,Other maintenance activity ,RIGHT OF WAY (ROW) MAINTENANCE,$0's,1839752.33,21893.81,ElectraNet 2020-21 - Category Analysis - RIN Response - Consolidated - 29 October 2021 - PUBLIC(13029806.1).xlsx,2.8 Maintenance,59,ElectraNet,https://www.aer.gov.au/documents/electranet-2020-21-category-analysis-rin-templates,https://www.aer.gov.au/authors/electranet?page=6,validated_manifest_match,Other maintenance activity ,submitted,59,meaningful,True,other_maintenance_activity,Other maintenance activity,right_of_way_maintenance,Right of way (ROW) maintenance,mapped,mapped,AUD,nominal,1.0,standardized_source_unit,1839752.33,numeric,21893.81,numeric,1861646.1400000001,numeric,matched_with_denominator,ElectraNet 2020-21 - Category Analysis - RIN Response - Consolidated - 29 October 2021 - PUBLIC(13029806.1).xlsx,2.8 Maintenance,21,km,4527.0,numeric,4527.0,numeric,nominal_AUD_per_km,calculated,nominal_AUD_per_km,calculated,406.3954782416612,4.836273470289375,411.23175171195055,406.3954782416612,4.836273470289375,411.23175171195055
2021-22,Transmission lines maintenance,Transmission towers,$0's,2102402.584960452,9617378.912861472,ElectraNet 2021-22 - Category Analysis - RIN response - 28 October 2022 - PUBLIC(14582813.1).xlsx,2.8 Maintenance,50,ElectraNet,https://www.aer.gov.au/documents/electranet-2021-22-category-analysis-rin-templates,https://www.aer.gov.au/authors/electranet?page=21,validated_manifest_match,Transmission lines maintenance,submitted,50,meaningful,True,transmission_lines_maintenance,Transmission lines maintenance,transmission_towers,Transmission towers,mapped,mapped,AUD,nominal,1.0,standardized_source_unit,2102402.584960452,numeric,9617378.912861472,numeric,11719781.497821923,numeric,matched_with_denominator,ElectraNet 2021-22 - Category Analysis - RIN response - 28 October 2022 - PUBLIC(14582813.1).xlsx,2.8 Maintenance,12,count,13189.0,numeric,13189.0,numeric,nominal_AUD_per_count,calculated,nominal_AUD_per_count,calculated,159.40576123742906,729.1969757268536,888.6027369642826,159.40576123742906,729.1969757268536,888.6027369642826
2021-22,Transmission lines maintenance,Transmission tower support structures,$0's,2277728.3955203183,4634378.8961385945,ElectraNet 2021-22 - Category Analysis - RIN response - 28 October 2022 - PUBLIC(14582813.1).xlsx,2.8 Maintenance,51,ElectraNet,https://www.aer.gov.au/documents/electranet-2021-22-category-analysis-rin-templates,https://www.aer.gov.au/authors/electranet?page=21,validated_manifest_match,Transmission lines maintenance,submitted,51,meaningful,True,transmission_lines_maintenance,Transmission lines maintenance,transmission_tower_support_structures,Transmission tower support structures,mapped,mapped,AUD,nominal,1.0,standardized_source_unit,2277728.3955203183,numeric,4634378.8961385945,numeric,6912107.291658913,numeric,matched_with_denominator,ElectraNet 2021-22 - Category Analysis - RIN response - 28 October 2022 - PUBLIC(14582813.1).xlsx,2.8 Maintenance,13,count,59311.0,numeric,59311.0,numeric,nominal_AUD_per_count,calculated,nominal_AUD_per_count,calculated,38.40313593634095,78.13692057356299,116.54005650990395,38.40313593634095,78.13692057356299,116.54005650990395
2021-22,Transmission lines maintenance,Conductors,$0's,763962.189711647,1646226.6831063677,ElectraNet 2021-22 - Category Analysis - RIN response - 28 October 2022 - PUBLIC(14582813.1).xlsx,2.8 Maintenance,52,ElectraNet,https://www.aer.gov.au/documents/electranet-2021-22-category-analysis-rin-templates,https://www.aer.gov.au/authors/electranet?page=21,validated_manifest_match,Transmission lines maintenance,submitted,52,meaningful,True,transmission_lines_maintenance,Transmission lines maintenance,conductors,Conductors,mapped,mapped,AUD,nominal,1.0,standardized_source_unit,763962.189711647,numeric,1646226.6831063677,numeric,2410188.8728180146,numeric,matched_with_denominator,ElectraNet 2021-22 - Category Analysis - RIN response - 28 October 2022 - PUBLIC(14582813.1).xlsx,2.8 Maintenance,14,km,5491.0,numeric,5491.0,numeric,nominal_AUD_per_km,calculated,nominal_AUD_per_km,calculated,139.12988339312457,299.80453161653026,438.9344150096548,139.12988339312457,299.80453161653026,438.9344150096548
2021-22,Transmission lines maintenance,Transmission cables,$0's,491840.0898075842,127331.90789356537,ElectraNet 2021-22 - Category Analysis - RIN response - 28 October 2022 - PUBLIC(14582813.1).xlsx,2.8 Maintenance,53,ElectraNet,https://www.aer.gov.au/documents/electranet-2021-22-category-analysis-rin-templates,https://www.aer.gov.au/authors/electranet?page=21,validated_manifest_match,Transmission lines maintenance,submitted,53,meaningful,True,transmission_lines_maintenance,Transmission lines maintenance,transmission_cables,Transmission cables,mapped,mapped,AUD,nominal,1.0,standardized_source_unit,491840.0898075842,numeric,127331.90789356537,numeric,619171.9977011496,numeric,matched_with_denominator,ElectraNet 2021-22 - Category Analysis - RIN response - 28 October 2022 - PUBLIC(14582813.1).xlsx,2.8 Maintenance,15,km,27.0,numeric,27.0,numeric,nominal_AUD_per_km,calculated,nominal_AUD_per_km,calculated,18216.299622503117,4715.996588650569,22932.296211153687,18216.299622503117,4715.996588650569,22932.296211153687
2021-22,Substations equipment & property maintenance,Substation switchbays (incl. Reactive plant),$0's,1961154.72945586,3318750.009396065,ElectraNet 2021-22 - Category Analysis - RIN response - 28 October 2022 - PUBLIC(14582813.1).xlsx,2.8 Maintenance,54,ElectraNet,https://www.aer.gov.au/documents/electranet-2021-22-category-analysis-rin-templates,https://www.aer.gov.au/authors/electranet?page=21,validated_manifest_match,Substations equipment & property maintenance,submitted,54,meaningful,True,substations_equipment_property_maintenance,Substations equipment & property maintenance,substation_switchbays,Substation switchbays (incl. Reactive plant),mapped,mapped,AUD,nominal,1.0,standardized_source_unit,1961154.72945586,numeric,3318750.009396065,numeric,5279904.738851925,numeric,matched_with_denominator,ElectraNet 2021-22 - Category Analysis - RIN response - 28 October 2022 - PUBLIC(14582813.1).xlsx,2.8 Maintenance,16,count,1738.0,numeric,1738.0,numeric,nominal_AUD_per_count,calculated,nominal_AUD_per_count,calculated,1128.3974277651669,1909.5224449919822,3037.9198727571493,1128.3974277651669,1909.5224449919822,3037.9198727571493
2021-22,Substations equipment & property maintenance,Substation power transformers,$0's,1398698.9040549411,1894248.5666541052,ElectraNet 2021-22 - Category Analysis - RIN response - 28 October 2022 - PUBLIC(14582813.1).xlsx,2.8 Maintenance,55,ElectraNet,https://www.aer.gov.au/documents/electranet-2021-22-category-analysis-rin-templates,https://www.aer.gov.au/authors/electranet?page=21,validated_manifest_match,Substations equipment & property maintenance,submitted,55,meaningful,True,substations_equipment_property_maintenance,Substations equipment & property maintenance,substation_power_transformers,Substation power transformers,mapped,mapped,AUD,nominal,1.0,standardized_source_unit,1398698.9040549411,numeric,1894248.5666541052,numeric,3292947.4707090463,numeric,matched_with_denominator,ElectraNet 2021-22 - Category Analysis - RIN response - 28 October 2022 - PUBLIC(14582813.1).xlsx,2.8 Maintenance,17,count,146.0,numeric,146.0,numeric,nominal_AUD_per_count,calculated,nominal_AUD_per_count,calculated,9580.129479828363,12974.305251055515,22554.43473088388,9580.129479828363,12974.305251055515,22554.43473088388
2021-22,Substations equipment & property maintenance,Substation property,$0's,4128043.4164891983,2756676.6339498297,ElectraNet 2021-22 - Category Analysis - RIN response - 28 October 2022 - PUBLIC(14582813.1).xlsx,2.8 Maintenance,56,ElectraNet,https://www.aer.gov.au/documents/electranet-2021-22-category-analysis-rin-templates,https://www.aer.gov.au/authors/electranet?page=21,validated_manifest_match,Substations equipment & property maintenance,submitted,56,meaningful,True,substations_equipment_property_maintenance,Substations equipment & property maintenance,substation_property,Substation property,mapped,mapped,AUD,nominal,1.0,standardized_source_unit,4128043.4164891983,numeric,2756676.6339498297,numeric,6884720.050439028,numeric,matched_with_denominator,ElectraNet 2021-22 - Category Analysis - RIN response - 28 October 2022 - PUBLIC(14582813.1).xlsx,2.8 Maintenance,18,count,77.0,numeric,77.0,numeric,nominal_AUD_per_count,calculated,nominal_AUD_per_count,calculated,53610.95346089868,35800.99524610169,89411.94870700037,53610.95346089868,35800.99524610169,89411.94870700037
2021-22,SCADA & network control maintenance,SCADA & network control maintenance,$0's,2100562.57,401125.57,ElectraNet 2021-22 - Category Analysis - RIN response - 28 October 2022 - PUBLIC(14582813.1).xlsx,2.8 Maintenance,57,ElectraNet,https://www.aer.gov.au/documents/electranet-2021-22-category-analysis-rin-templates,https://www.aer.gov.au/authors/electranet?page=21,validated_manifest_match,SCADA & network control maintenance,submitted,57,meaningful,True,scada_network_control_maintenance,SCADA & network control maintenance,scada_network_control,SCADA & network control maintenance,mapped,mapped,AUD,nominal,1.0,standardized_source_unit,2100562.57,numeric,401125.57,numeric,2501688.1399999997,numeric,matched_with_denominator,ElectraNet 2021-22 - Category Analysis - RIN response - 28 October 2022 - PUBLIC(14582813.1).xlsx,2.8 Maintenance,19,count,118.0,numeric,118.0,numeric,nominal_AUD_per_count,calculated,nominal_AUD_per_count,calculated,17801.377711864407,3399.3692372881355,21200.74694915254,17801.377711864407,3399.3692372881355,21200.74694915254
2021-22,Protection systems maintenance,Protection systems maintenance,$0's,1876020.25,1217297.63,ElectraNet 2021-22 - Category Analysis - RIN response - 28 October 2022 - PUBLIC(14582813.1).xlsx,2.8 Maintenance,58,ElectraNet,https://www.aer.gov.au/documents/electranet-2021-22-category-analysis-rin-templates,https://www.aer.gov.au/authors/electranet?page=21,validated_manifest_match,Protection systems maintenance,submitted,58,meaningful,True,protection_systems_maintenance,Protection systems maintenance,protection_systems,Protection systems maintenance,mapped,mapped,AUD,nominal,1.0,standardized_source_unit,1876020.25,numeric,1217297.63,numeric,3093317.88,numeric,matched_with_denominator,ElectraNet 2021-22 - Category Analysis - RIN response - 28 October 2022 - PUBLIC(14582813.1).xlsx,2.8 Maintenance,20,count,1545.0,numeric,1545.0,numeric,nominal_AUD_per_count,calculated,nominal_AUD_per_count,calculated,1214.2525889967637,787.8949061488672,2002.147495145631,1214.2525889967637,787.8949061488672,2002.147495145631
2021-22,Other maintenance activity ,Right of Way (Row) Maintenance,$0's,2135124.26,8129.22,ElectraNet 2021-22 - Category Analysis - RIN response - 28 October 2022 - PUBLIC(14582813.1).xlsx,2.8 Maintenance,59,ElectraNet,https://www.aer.gov.au/documents/electranet-2021-22-category-analysis-rin-templates,https://www.aer.gov.au/authors/electranet?page=21,validated_manifest_match,Other maintenance activity ,submitted,59,meaningful,True,other_maintenance_activity,Other maintenance activity,right_of_way_maintenance,Right of way (ROW) maintenance,mapped,mapped,AUD,nominal,1.0,standardized_source_unit,2135124.26,numeric,8129.22,numeric,2143253.48,numeric,matched_with_denominator,ElectraNet 2021-22 - Category Analysis - RIN response - 28 October 2022 - PUBLIC(14582813.1).xlsx,2.8 Maintenance,21,km,4509.8,numeric,4509.8,numeric,nominal_AUD_per_km,calculated,nominal_AUD_per_km,calculated,473.44100847044206,1.8025677413632533,475.24357621180536,473.44100847044206,1.8025677413632533,475.24357621180536
2022-23,Transmission lines maintenance,Transmission towers,$0's,2086788.114197012,6313330.739415282,ElectraNet 2022-23 - Category analysis - RIN responses - Consolidated - 27 October 2023 - PUBLIC(15999621.1).xlsx,2.8 Maintenance,50,ElectraNet,https://www.aer.gov.au/documents/electranet-2022-23-category-analysis-rin-templates,https://www.aer.gov.au/authors/electranet?page=8,validated_manifest_match,Transmission lines maintenance,submitted,50,meaningful,True,transmission_lines_maintenance,Transmission lines maintenance,transmission_towers,Transmission towers,mapped,mapped,AUD,nominal,1.0,standardized_source_unit,2086788.114197012,numeric,6313330.739415282,numeric,8400118.853612294,numeric,matched_with_denominator,ElectraNet 2022-23 - Category analysis - RIN responses - Consolidated - 27 October 2023 - PUBLIC(15999621.1).xlsx,2.8 Maintenance,12,count,13699.0,numeric,13699.0,numeric,nominal_AUD_per_count,calculated,nominal_AUD_per_count,calculated,152.3314193880584,460.8607007383957,613.192120126454,152.3314193880584,460.8607007383957,613.192120126454
2022-23,Transmission lines maintenance,Transmission tower support structures,$0's,2260811.786069148,3042239.1597737274,ElectraNet 2022-23 - Category analysis - RIN responses - Consolidated - 27 October 2023 - PUBLIC(15999621.1).xlsx,2.8 Maintenance,51,ElectraNet,https://www.aer.gov.au/documents/electranet-2022-23-category-analysis-rin-templates,https://www.aer.gov.au/authors/electranet?page=8,validated_manifest_match,Transmission lines maintenance,submitted,51,meaningful,True,transmission_lines_maintenance,Transmission lines maintenance,transmission_tower_support_structures,Transmission tower support structures,mapped,mapped,AUD,nominal,1.0,standardized_source_unit,2260811.786069148,numeric,3042239.1597737274,numeric,5303050.945842875,numeric,matched_with_denominator,ElectraNet 2022-23 - Category analysis - RIN responses - Consolidated - 27 October 2023 - PUBLIC(15999621.1).xlsx,2.8 Maintenance,13,count,61006.0,numeric,61006.0,numeric,nominal_AUD_per_count,calculated,nominal_AUD_per_count,calculated,37.05884316410104,49.86786807484063,86.92671123894166,37.05884316410104,49.86786807484063,86.92671123894166
2022-23,Transmission lines maintenance,Conductors,$0's,758288.2691405069,1080665.9087334217,ElectraNet 2022-23 - Category analysis - RIN responses - Consolidated - 27 October 2023 - PUBLIC(15999621.1).xlsx,2.8 Maintenance,52,ElectraNet,https://www.aer.gov.au/documents/electranet-2022-23-category-analysis-rin-templates,https://www.aer.gov.au/authors/electranet?page=8,validated_manifest_match,Transmission lines maintenance,submitted,52,meaningful,True,transmission_lines_maintenance,Transmission lines maintenance,conductors,Conductors,mapped,mapped,AUD,nominal,1.0,standardized_source_unit,758288.2691405069,numeric,1080665.9087334217,numeric,1838954.1778739286,numeric,matched_with_denominator,ElectraNet 2022-23 - Category analysis - RIN responses - Consolidated - 27 October 2023 - PUBLIC(15999621.1).xlsx,2.8 Maintenance,14,km,6014.67,numeric,6014.67,numeric,nominal_AUD_per_km,calculated,nominal_AUD_per_km,calculated,126.07312938872903,179.67168751293448,305.7448169016635,126.07312938872903,179.67168751293448,305.7448169016635
2022-23,Transmission lines maintenance,Transmission cables,$0's,488187.2105933341,83587.0620775676,ElectraNet 2022-23 - Category analysis - RIN responses - Consolidated - 27 October 2023 - PUBLIC(15999621.1).xlsx,2.8 Maintenance,53,ElectraNet,https://www.aer.gov.au/documents/electranet-2022-23-category-analysis-rin-templates,https://www.aer.gov.au/authors/electranet?page=8,validated_manifest_match,Transmission lines maintenance,submitted,53,meaningful,True,transmission_lines_maintenance,Transmission lines maintenance,transmission_cables,Transmission cables,mapped,mapped,AUD,nominal,1.0,standardized_source_unit,488187.2105933341,numeric,83587.0620775676,numeric,571774.2726709017,numeric,matched_with_denominator,ElectraNet 2022-23 - Category analysis - RIN responses - Consolidated - 27 October 2023 - PUBLIC(15999621.1).xlsx,2.8 Maintenance,15,km,27.0,numeric,27.0,numeric,nominal_AUD_per_km,calculated,nominal_AUD_per_km,calculated,18081.007799753115,3095.8171139839856,21176.824913737102,18081.007799753115,3095.8171139839856,21176.824913737102
2022-23,Substations equipment & property maintenance,Substation switchbays (incl. Reactive plant),$0's,2318569.3939992194,4639045.744318289,ElectraNet 2022-23 - Category analysis - RIN responses - Consolidated - 27 October 2023 - PUBLIC(15999621.1).xlsx,2.8 Maintenance,54,ElectraNet,https://www.aer.gov.au/documents/electranet-2022-23-category-analysis-rin-templates,https://www.aer.gov.au/authors/electranet?page=8,validated_manifest_match,Substations equipment & property maintenance,submitted,54,meaningful,True,substations_equipment_property_maintenance,Substations equipment & property maintenance,substation_switchbays,Substation switchbays (incl. Reactive plant),mapped,mapped,AUD,nominal,1.0,standardized_source_unit,2318569.3939992194,numeric,4639045.744318289,numeric,6957615.138317509,numeric,matched_with_denominator,ElectraNet 2022-23 - Category analysis - RIN responses - Consolidated - 27 October 2023 - PUBLIC(15999621.1).xlsx,2.8 Maintenance,16,count,1761.0,numeric,1761.0,numeric,nominal_AUD_per_count,calculated,nominal_AUD_per_count,calculated,1316.6208938098919,2634.324670254565,3950.945564064457,1316.6208938098919,2634.324670254565,3950.945564064457
2022-23,Substations equipment & property maintenance,Substation power transformers,$0's,1653607.6535184102,2647836.000584108,ElectraNet 2022-23 - Category analysis - RIN responses - Consolidated - 27 October 2023 - PUBLIC(15999621.1).xlsx,2.8 Maintenance,55,ElectraNet,https://www.aer.gov.au/documents/electranet-2022-23-category-analysis-rin-templates,https://www.aer.gov.au/authors/electranet?page=8,validated_manifest_match,Substations equipment & property maintenance,submitted,55,meaningful,True,substations_equipment_property_maintenance,Substations equipment & property maintenance,substation_power_transformers,Substation power transformers,mapped,mapped,AUD,nominal,1.0,standardized_source_unit,1653607.6535184102,numeric,2647836.000584108,numeric,4301443.654102518,numeric,matched_with_denominator,ElectraNet 2022-23 - Category analysis - RIN responses - Consolidated - 27 October 2023 - PUBLIC(15999621.1).xlsx,2.8 Maintenance,17,count,147.0,numeric,147.0,numeric,nominal_AUD_per_count,calculated,nominal_AUD_per_count,calculated,11249.031656587824,18012.48979989189,29261.521456479717,11249.031656587824,18012.48979989189,29261.521456479717
2022-23,Substations equipment & property maintenance,Substation property,$0's,4880367.15248237,3853363.155097604,ElectraNet 2022-23 - Category analysis - RIN responses - Consolidated - 27 October 2023 - PUBLIC(15999621.1).xlsx,2.8 Maintenance,56,ElectraNet,https://www.aer.gov.au/documents/electranet-2022-23-category-analysis-rin-templates,https://www.aer.gov.au/authors/electranet?page=8,validated_manifest_match,Substations equipment & property maintenance,submitted,56,meaningful,True,substations_equipment_property_maintenance,Substations equipment & property maintenance,substation_property,Substation property,mapped,mapped,AUD,nominal,1.0,standardized_source_unit,4880367.15248237,numeric,3853363.155097604,numeric,8733730.307579974,numeric,matched_with_denominator,ElectraNet 2022-23 - Category analysis - RIN responses - Consolidated - 27 October 2023 - PUBLIC(15999621.1).xlsx,2.8 Maintenance,18,count,77.0,numeric,77.0,numeric,nominal_AUD_per_count,calculated,nominal_AUD_per_count,calculated,63381.39159068013,50043.67733892992,113425.06892961005,63381.39159068013,50043.67733892992,113425.06892961005
2022-23,SCADA & network control maintenance,SCADA & network control maintenance,$0's,2177166.05,393802.51,ElectraNet 2022-23 - Category analysis - RIN responses - Consolidated - 27 October 2023 - PUBLIC(15999621.1).xlsx,2.8 Maintenance,57,ElectraNet,https://www.aer.gov.au/documents/electranet-2022-23-category-analysis-rin-templates,https://www.aer.gov.au/authors/electranet?page=8,validated_manifest_match,SCADA & network control maintenance,submitted,57,meaningful,True,scada_network_control_maintenance,SCADA & network control maintenance,scada_network_control,SCADA & network control maintenance,mapped,mapped,AUD,nominal,1.0,standardized_source_unit,2177166.05,numeric,393802.51,numeric,2570968.5599999996,numeric,matched_with_denominator,ElectraNet 2022-23 - Category analysis - RIN responses - Consolidated - 27 October 2023 - PUBLIC(15999621.1).xlsx,2.8 Maintenance,19,count,122.0,numeric,122.0,numeric,nominal_AUD_per_count,calculated,nominal_AUD_per_count,calculated,17845.623360655736,3227.8894262295084,21073.512786885243,17845.623360655736,3227.8894262295084,21073.512786885243
2022-23,Protection systems maintenance,Protection systems maintenance,$0's,1596668.57,947198.82,ElectraNet 2022-23 - Category analysis - RIN responses - Consolidated - 27 October 2023 - PUBLIC(15999621.1).xlsx,2.8 Maintenance,58,ElectraNet,https://www.aer.gov.au/documents/electranet-2022-23-category-analysis-rin-templates,https://www.aer.gov.au/authors/electranet?page=8,validated_manifest_match,Protection systems maintenance,submitted,58,meaningful,True,protection_systems_maintenance,Protection systems maintenance,protection_systems,Protection systems maintenance,mapped,mapped,AUD,nominal,1.0,standardized_source_unit,1596668.57,numeric,947198.82,numeric,2543867.39,numeric,matched_with_denominator,ElectraNet 2022-23 - Category analysis - RIN responses - Consolidated - 27 October 2023 - PUBLIC(15999621.1).xlsx,2.8 Maintenance,20,count,1624.0,numeric,1624.0,numeric,nominal_AUD_per_count,calculated,nominal_AUD_per_count,calculated,983.170301724138,583.2505049261083,1566.4208066502463,983.170301724138,583.2505049261083,1566.4208066502463
2022-23,Other maintenance activity ,Right of Way (Row) Maintenance,$0's,2141473.6,138541.58,ElectraNet 2022-23 - Category analysis - RIN responses - Consolidated - 27 October 2023 - PUBLIC(15999621.1).xlsx,2.8 Maintenance,59,ElectraNet,https://www.aer.gov.au/documents/electranet-2022-23-category-analysis-rin-templates,https://www.aer.gov.au/authors/electranet?page=8,validated_manifest_match,Other maintenance activity ,submitted,59,meaningful,True,other_maintenance_activity,Other maintenance activity,right_of_way_maintenance,Right of way (ROW) maintenance,mapped,mapped,AUD,nominal,1.0,standardized_source_unit,2141473.6,numeric,138541.58,numeric,2280015.18,numeric,matched_with_denominator,ElectraNet 2022-23 - Category analysis - RIN responses - Consolidated - 27 October 2023 - PUBLIC(15999621.1).xlsx,2.8 Maintenance,21,km,4773.2,numeric,4773.2,numeric,nominal_AUD_per_km,calculated,nominal_AUD_per_km,calculated,448.6452694209336,29.024884773317687,477.67015419425127,448.6452694209336,29.024884773317687,477.67015419425127
2023-24,Transmission lines maintenance,Transmission towers,$,1852435.8423364663,8762016.110286703,ElectraNet 2023-24 - Category Analysis - RIN response - Consolidated - 31 October 2024 - PUBLIC(17494700.2).xlsx,2.8 Maintenance,51,ElectraNet,https://www.aer.gov.au/documents/electranet-2023-24-category-analysis-rin-templates,https://www.aer.gov.au/authors/electranet?page=23,validated_manifest_match,Transmission lines maintenance,submitted,51,meaningful,True,transmission_lines_maintenance,Transmission lines maintenance,transmission_towers,Transmission towers,mapped,mapped,AUD,nominal,1.0,standardized_source_unit,1852435.8423364663,numeric,8762016.110286703,numeric,10614451.95262317,numeric,matched_with_denominator,ElectraNet 2023-24 - Category Analysis - RIN response - Consolidated - 31 October 2024 - PUBLIC(17494700.2).xlsx,2.8 Maintenance,13,count,13578.0,numeric,13578.0,numeric,nominal_AUD_per_count,calculated,nominal_AUD_per_count,calculated,136.42921213260172,645.3097739200695,781.7389860526712,136.42921213260172,645.3097739200695,781.7389860526712
2023-24,Transmission lines maintenance,Transmission tower support structures,$,2006916.158281236,4222200.551424189,ElectraNet 2023-24 - Category Analysis - RIN response - Consolidated - 31 October 2024 - PUBLIC(17494700.2).xlsx,2.8 Maintenance,52,ElectraNet,https://www.aer.gov.au/documents/electranet-2023-24-category-analysis-rin-templates,https://www.aer.gov.au/authors/electranet?page=23,validated_manifest_match,Transmission lines maintenance,submitted,52,meaningful,True,transmission_lines_maintenance,Transmission lines maintenance,transmission_tower_support_structures,Transmission tower support structures,mapped,mapped,AUD,nominal,1.0,standardized_source_unit,2006916.158281236,numeric,4222200.551424189,numeric,6229116.7097054245,numeric,matched_with_denominator,ElectraNet 2023-24 - Category Analysis - RIN response - Consolidated - 31 October 2024 - PUBLIC(17494700.2).xlsx,2.8 Maintenance,14,count,63115.0,numeric,63115.0,numeric,nominal_AUD_per_count,calculated,nominal_AUD_per_count,calculated,31.797768490552738,66.8969429046057,98.69471139515844,31.797768490552738,66.8969429046057,98.69471139515844
2023-24,Transmission lines maintenance,Conductors,$,673130.3283849072,1499812.4592212995,ElectraNet 2023-24 - Category Analysis - RIN response - Consolidated - 31 October 2024 - PUBLIC(17494700.2).xlsx,2.8 Maintenance,53,ElectraNet,https://www.aer.gov.au/documents/electranet-2023-24-category-analysis-rin-templates,https://www.aer.gov.au/authors/electranet?page=23,validated_manifest_match,Transmission lines maintenance,submitted,53,meaningful,True,transmission_lines_maintenance,Transmission lines maintenance,conductors,Conductors,mapped,mapped,AUD,nominal,1.0,standardized_source_unit,673130.3283849072,numeric,1499812.4592212995,numeric,2172942.7876062067,numeric,matched_with_denominator,ElectraNet 2023-24 - Category Analysis - RIN response - Consolidated - 31 October 2024 - PUBLIC(17494700.2).xlsx,2.8 Maintenance,15,km,6211.59,numeric,6211.59,numeric,nominal_AUD_per_km,calculated,nominal_AUD_per_km,calculated,108.36683174274336,241.45387239358996,349.8207041363333,108.36683174274336,241.45387239358996,349.8207041363333
2023-24,Transmission lines maintenance,Transmission cables,$,433362.39099739055,116007.09906780736,ElectraNet 2023-24 - Category Analysis - RIN response - Consolidated - 31 October 2024 - PUBLIC(17494700.2).xlsx,2.8 Maintenance,54,ElectraNet,https://www.aer.gov.au/documents/electranet-2023-24-category-analysis-rin-templates,https://www.aer.gov.au/authors/electranet?page=23,validated_manifest_match,Transmission lines maintenance,submitted,54,meaningful,True,transmission_lines_maintenance,Transmission lines maintenance,transmission_cables,Transmission cables,mapped,mapped,AUD,nominal,1.0,standardized_source_unit,433362.39099739055,numeric,116007.09906780736,numeric,549369.4900651979,numeric,matched_with_denominator,ElectraNet 2023-24 - Category Analysis - RIN response - Consolidated - 31 October 2024 - PUBLIC(17494700.2).xlsx,2.8 Maintenance,16,km,27.0,numeric,27.0,numeric,nominal_AUD_per_km,calculated,nominal_AUD_per_km,calculated,16050.45892582928,4296.559224733606,20347.018150562886,16050.45892582928,4296.559224733606,20347.018150562886
2023-24,Substations equipment & property maintenance,Substation switchbays (incl. Reactive plant),$,3299895.3405746147,3687023.345319078,ElectraNet 2023-24 - Category Analysis - RIN response - Consolidated - 31 October 2024 - PUBLIC(17494700.2).xlsx,2.8 Maintenance,55,ElectraNet,https://www.aer.gov.au/documents/electranet-2023-24-category-analysis-rin-templates,https://www.aer.gov.au/authors/electranet?page=23,validated_manifest_match,Substations equipment & property maintenance,submitted,55,meaningful,True,substations_equipment_property_maintenance,Substations equipment & property maintenance,substation_switchbays,Substation switchbays (incl. Reactive plant),mapped,mapped,AUD,nominal,1.0,standardized_source_unit,3299895.3405746147,numeric,3687023.345319078,numeric,6986918.685893692,numeric,matched_with_denominator,ElectraNet 2023-24 - Category Analysis - RIN response - Consolidated - 31 October 2024 - PUBLIC(17494700.2).xlsx,2.8 Maintenance,17,count,1835.0,numeric,1835.0,numeric,nominal_AUD_per_count,calculated,nominal_AUD_per_count,calculated,1798.308087506602,2009.2770274218408,3807.5851149284426,1798.308087506602,2009.2770274218408,3807.5851149284426
2023-24,Substations equipment & property maintenance,Substation power transformers,$,2353490.995398588,2104448.5626568296,ElectraNet 2023-24 - Category Analysis - RIN response - Consolidated - 31 October 2024 - PUBLIC(17494700.2).xlsx,2.8 Maintenance,56,ElectraNet,https://www.aer.gov.au/documents/electranet-2023-24-category-analysis-rin-templates,https://www.aer.gov.au/authors/electranet?page=23,validated_manifest_match,Substations equipment & property maintenance,submitted,56,meaningful,True,substations_equipment_property_maintenance,Substations equipment & property maintenance,substation_power_transformers,Substation power transformers,mapped,mapped,AUD,nominal,1.0,standardized_source_unit,2353490.995398588,numeric,2104448.5626568296,numeric,4457939.558055418,numeric,matched_with_denominator,ElectraNet 2023-24 - Category Analysis - RIN response - Consolidated - 31 October 2024 - PUBLIC(17494700.2).xlsx,2.8 Maintenance,18,count,152.0,numeric,152.0,numeric,nominal_AUD_per_count,calculated,nominal_AUD_per_count,calculated,15483.493390780184,13845.056333268616,29328.5497240488,15483.493390780184,13845.056333268616,29328.5497240488
2023-24,Substations equipment & property maintenance,Substation property,$,6945964.554026798,3062578.102024092,ElectraNet 2023-24 - Category Analysis - RIN response - Consolidated - 31 October 2024 - PUBLIC(17494700.2).xlsx,2.8 Maintenance,57,ElectraNet,https://www.aer.gov.au/documents/electranet-2023-24-category-analysis-rin-templates,https://www.aer.gov.au/authors/electranet?page=23,validated_manifest_match,Substations equipment & property maintenance,submitted,57,meaningful,True,substations_equipment_property_maintenance,Substations equipment & property maintenance,substation_property,Substation property,mapped,mapped,AUD,nominal,1.0,standardized_source_unit,6945964.554026798,numeric,3062578.102024092,numeric,10008542.65605089,numeric,matched_with_denominator,ElectraNet 2023-24 - Category Analysis - RIN response - Consolidated - 31 October 2024 - PUBLIC(17494700.2).xlsx,2.8 Maintenance,19,count,78.0,numeric,78.0,numeric,nominal_AUD_per_count,calculated,nominal_AUD_per_count,calculated,89050.82761572818,39263.82182082169,128314.64943654988,89050.82761572818,39263.82182082169,128314.64943654988
2023-24,SCADA & network control maintenance,SCADA & network control maintenance,$,2549910.02,336826.49,ElectraNet 2023-24 - Category Analysis - RIN response - Consolidated - 31 October 2024 - PUBLIC(17494700.2).xlsx,2.8 Maintenance,58,ElectraNet,https://www.aer.gov.au/documents/electranet-2023-24-category-analysis-rin-templates,https://www.aer.gov.au/authors/electranet?page=23,validated_manifest_match,SCADA & network control maintenance,submitted,58,meaningful,True,scada_network_control_maintenance,SCADA & network control maintenance,scada_network_control,SCADA & network control maintenance,mapped,mapped,AUD,nominal,1.0,standardized_source_unit,2549910.02,numeric,336826.49,numeric,2886736.51,numeric,matched_with_denominator,ElectraNet 2023-24 - Category Analysis - RIN response - Consolidated - 31 October 2024 - PUBLIC(17494700.2).xlsx,2.8 Maintenance,20,count,126.0,numeric,126.0,numeric,nominal_AUD_per_count,calculated,nominal_AUD_per_count,calculated,20237.38111111111,2673.226111111111,22910.60722222222,20237.38111111111,2673.226111111111,22910.60722222222
2023-24,Protection systems maintenance,Protection systems maintenance,$,2537317.66,1442503.0,ElectraNet 2023-24 - Category Analysis - RIN response - Consolidated - 31 October 2024 - PUBLIC(17494700.2).xlsx,2.8 Maintenance,59,ElectraNet,https://www.aer.gov.au/documents/electranet-2023-24-category-analysis-rin-templates,https://www.aer.gov.au/authors/electranet?page=23,validated_manifest_match,Protection systems maintenance,submitted,59,meaningful,True,protection_systems_maintenance,Protection systems maintenance,protection_systems,Protection systems maintenance,mapped,mapped,AUD,nominal,1.0,standardized_source_unit,2537317.66,numeric,1442503.0,numeric,3979820.66,numeric,matched_with_denominator,ElectraNet 2023-24 - Category Analysis - RIN response - Consolidated - 31 October 2024 - PUBLIC(17494700.2).xlsx,2.8 Maintenance,21,count,1678.0,numeric,1678.0,numeric,nominal_AUD_per_count,calculated,nominal_AUD_per_count,calculated,1512.1082598331348,859.6561382598331,2371.764398092968,1512.1082598331348,859.6561382598331,2371.764398092968
2023-24,Other maintenance activity ,ROW MAINTENANCE,$,2538162.97,454160.12,ElectraNet 2023-24 - Category Analysis - RIN response - Consolidated - 31 October 2024 - PUBLIC(17494700.2).xlsx,2.8 Maintenance,60,ElectraNet,https://www.aer.gov.au/documents/electranet-2023-24-category-analysis-rin-templates,https://www.aer.gov.au/authors/electranet?page=23,validated_manifest_match,Other maintenance activity ,submitted,60,meaningful,True,other_maintenance_activity,Other maintenance activity,right_of_way_maintenance,Right of way (ROW) maintenance,mapped,mapped,AUD,nominal,1.0,standardized_source_unit,2538162.97,numeric,454160.12,numeric,2992323.0900000003,numeric,matched_with_denominator,ElectraNet 2023-24 - Category Analysis - RIN response - Consolidated - 31 October 2024 - PUBLIC(17494700.2).xlsx,2.8 Maintenance,22,km,4765.72,numeric,4765.72,numeric,nominal_AUD_per_km,calculated,nominal_AUD_per_km,calculated,532.5875145833159,95.29727302485249,627.8847876081684,532.5875145833159,95.29727302485249,627.8847876081684
2019-20,Transmission lines maintenance,Transmission towers,$0's,2376620.659999985,14983101.174011009,Powerlink 2019-20 - Category Analysis - RIN Response - Consolidated - 23 October 2020 - PUBLIC (11647526.2).xlsx,2.8 Maintenance,50,Powerlink,https://www.aer.gov.au/documents/powerlink-2019-20-category-analysis-rin-templates,https://www.aer.gov.au/search?search=Powerlink+2019%E2%80%9320,validated_manifest_match,Transmission lines maintenance,submitted,50,meaningful,True,transmission_lines_maintenance,Transmission lines maintenance,transmission_towers,Transmission towers,mapped,mapped,AUD,nominal,1.0,standardized_source_unit,2376620.659999985,numeric,14983101.174011009,numeric,17359721.834010992,numeric,matched_with_denominator,Powerlink 2019-20 - Category Analysis - RIN Response - Consolidated - 23 October 2020 - PUBLIC (11647526.2).xlsx,2.8 Maintenance,12,count,23537.0,numeric,23537.0,numeric,nominal_AUD_per_count,calculated,nominal_AUD_per_count,calculated,100.97381399498597,636.5765039729366,737.5503179679225,100.97381399498597,636.5765039729366,737.5503179679225
2019-20,Transmission lines maintenance,Transmission tower support structures,$0's,88218.03999999994,19370093.371213,Powerlink 2019-20 - Category Analysis - RIN Response - Consolidated - 23 October 2020 - PUBLIC (11647526.2).xlsx,2.8 Maintenance,51,Powerlink,https://www.aer.gov.au/documents/powerlink-2019-20-category-analysis-rin-templates,https://www.aer.gov.au/search?search=Powerlink+2019%E2%80%9320,validated_manifest_match,Transmission lines maintenance,submitted,51,meaningful,True,transmission_lines_maintenance,Transmission lines maintenance,transmission_tower_support_structures,Transmission tower support structures,mapped,mapped,AUD,nominal,1.0,standardized_source_unit,88218.03999999994,numeric,19370093.371213,numeric,19458311.411213,numeric,matched_with_denominator,Powerlink 2019-20 - Category Analysis - RIN Response - Consolidated - 23 October 2020 - PUBLIC (11647526.2).xlsx,2.8 Maintenance,13,count,23537.0,numeric,23537.0,numeric,nominal_AUD_per_count,calculated,nominal_AUD_per_count,calculated,3.7480579513106997,822.9635625276374,826.711620478948,3.7480579513106997,822.9635625276374,826.711620478948
2019-20,Transmission lines maintenance,Conductors,$0's,0.0,1559812.789007,Powerlink 2019-20 - Category Analysis - RIN Response - Consolidated - 23 October 2020 - PUBLIC (11647526.2).xlsx,2.8 Maintenance,52,Powerlink,https://www.aer.gov.au/documents/powerlink-2019-20-category-analysis-rin-templates,https://www.aer.gov.au/search?search=Powerlink+2019%E2%80%9320,validated_manifest_match,Transmission lines maintenance,submitted,52,meaningful,True,transmission_lines_maintenance,Transmission lines maintenance,conductors,Conductors,mapped,mapped,AUD,nominal,1.0,standardized_source_unit,0.0,numeric,1559812.789007,numeric,1559812.789007,numeric,matched_with_denominator,Powerlink 2019-20 - Category Analysis - RIN Response - Consolidated - 23 October 2020 - PUBLIC (11647526.2).xlsx,2.8 Maintenance,14,km,9627.0,numeric,9627.0,numeric,nominal_AUD_per_km,calculated,nominal_AUD_per_km,calculated,0.0,162.02480409338318,162.02480409338318,0.0,162.02480409338318,162.02480409338318
2019-20,Transmission lines maintenance,Transmission cables,$0's,197608.52999999968,21571.145769,Powerlink 2019-20 - Category Analysis - RIN Response - Consolidated - 23 October 2020 - PUBLIC (11647526.2).xlsx,2.8 Maintenance,53,Powerlink,https://www.aer.gov.au/documents/powerlink-2019-20-category-analysis-rin-templates,https://www.aer.gov.au/search?search=Powerlink+2019%E2%80%9320,validated_manifest_match,Transmission lines maintenance,submitted,53,meaningful,True,transmission_lines_maintenance,Transmission lines maintenance,transmission_cables,Transmission cables,mapped,mapped,AUD,nominal,1.0,standardized_source_unit,197608.52999999968,numeric,21571.145769,numeric,219179.67576899967,numeric,matched_with_denominator,Powerlink 2019-20 - Category Analysis - RIN Response - Consolidated - 23 October 2020 - PUBLIC (11647526.2).xlsx,2.8 Maintenance,15,km,20.24,numeric,20.24,numeric,nominal_AUD_per_km,calculated,nominal_AUD_per_km,calculated,9763.267292490104,1065.7680715909091,10829.035364081012,9763.267292490104,1065.7680715909091,10829.035364081012
2019-20,Substations equipment & property maintenance,Substation switchbays (incl. Reactive plant),$0's,4999689.087999999,16307044.6702,Powerlink 2019-20 - Category Analysis - RIN Response - Consolidated - 23 October 2020 - PUBLIC (11647526.2).xlsx,2.8 Maintenance,54,Powerlink,https://www.aer.gov.au/documents/powerlink-2019-20-category-analysis-rin-templates,https://www.aer.gov.au/search?search=Powerlink+2019%E2%80%9320,validated_manifest_match,Substations equipment & property maintenance,submitted,54,meaningful,True,substations_equipment_property_maintenance,Substations equipment & property maintenance,substation_switchbays,Substation switchbays (incl. Reactive plant),mapped,mapped,AUD,nominal,1.0,standardized_source_unit,4999689.087999999,numeric,16307044.6702,numeric,21306733.758199997,numeric,matched_with_denominator,Powerlink 2019-20 - Category Analysis - RIN Response - Consolidated - 23 October 2020 - PUBLIC (11647526.2).xlsx,2.8 Maintenance,16,count,1485.0,numeric,1485.0,numeric,nominal_AUD_per_count,calculated,nominal_AUD_per_count,calculated,3366.793998653198,10981.174862087542,14347.968860740739,3366.793998653198,10981.174862087542,14347.968860740739
2019-20,Substations equipment & property maintenance,Substation power transformers,$0's,838326.0470000012,2940998.0169,Powerlink 2019-20 - Category Analysis - RIN Response - Consolidated - 23 October 2020 - PUBLIC (11647526.2).xlsx,2.8 Maintenance,55,Powerlink,https://www.aer.gov.au/documents/powerlink-2019-20-category-analysis-rin-templates,https://www.aer.gov.au/search?search=Powerlink+2019%E2%80%9320,validated_manifest_match,Substations equipment & property maintenance,submitted,55,meaningful,True,substations_equipment_property_maintenance,Substations equipment & property maintenance,substation_power_transformers,Substation power transformers,mapped,mapped,AUD,nominal,1.0,standardized_source_unit,838326.0470000012,numeric,2940998.0169,numeric,3779324.0639000013,numeric,matched_with_denominator,Powerlink 2019-20 - Category Analysis - RIN Response - Consolidated - 23 October 2020 - PUBLIC (11647526.2).xlsx,2.8 Maintenance,17,count,201.0,numeric,201.0,numeric,nominal_AUD_per_count,calculated,nominal_AUD_per_count,calculated,4170.776353233837,14631.830929850747,18802.607283084584,4170.776353233837,14631.830929850747,18802.607283084584
2019-20,Substations equipment & property maintenance,Substation property,$0's,1808051.1550000007,3877379.3628999954,Powerlink 2019-20 - Category Analysis - RIN Response - Consolidated - 23 October 2020 - PUBLIC (11647526.2).xlsx,2.8 Maintenance,56,Powerlink,https://www.aer.gov.au/documents/powerlink-2019-20-category-analysis-rin-templates,https://www.aer.gov.au/search?search=Powerlink+2019%E2%80%9320,validated_manifest_match,Substations equipment & property maintenance,submitted,56,meaningful,True,substations_equipment_property_maintenance,Substations equipment & property maintenance,substation_property,Substation property,mapped,mapped,AUD,nominal,1.0,standardized_source_unit,1808051.1550000007,numeric,3877379.3628999954,numeric,5685430.517899996,numeric,matched_with_denominator,Powerlink 2019-20 - Category Analysis - RIN Response - Consolidated - 23 October 2020 - PUBLIC (11647526.2).xlsx,2.8 Maintenance,18,count,127.0,numeric,127.0,numeric,nominal_AUD_per_count,calculated,nominal_AUD_per_count,calculated,14236.62326771654,30530.546164566895,44767.16943228343,14236.62326771654,30530.546164566895,44767.16943228343
2019-20,SCADA & network control maintenance,SCADA & network control maintenance,$0's,1501305.39,5836485.929999993,Powerlink 2019-20 - Category Analysis - RIN Response - Consolidated - 23 October 2020 - PUBLIC (11647526.2).xlsx,2.8 Maintenance,57,Powerlink,https://www.aer.gov.au/documents/powerlink-2019-20-category-analysis-rin-templates,https://www.aer.gov.au/search?search=Powerlink+2019%E2%80%9320,validated_manifest_match,SCADA & network control maintenance,submitted,57,meaningful,True,scada_network_control_maintenance,SCADA & network control maintenance,scada_network_control,SCADA & network control maintenance,mapped,mapped,AUD,nominal,1.0,standardized_source_unit,1501305.39,numeric,5836485.929999993,numeric,7337791.319999993,numeric,matched_with_denominator,Powerlink 2019-20 - Category Analysis - RIN Response - Consolidated - 23 October 2020 - PUBLIC (11647526.2).xlsx,2.8 Maintenance,19,count,5998.0,numeric,5998.0,numeric,nominal_AUD_per_count,calculated,nominal_AUD_per_count,calculated,250.30099866622206,973.0720123374447,1223.3730110036668,250.30099866622206,973.0720123374447,1223.3730110036668
2019-20,Protection systems maintenance,Protection systems maintenance,$0's,959895.430000004,3579947.360000004,Powerlink 2019-20 - Category Analysis - RIN Response - Consolidated - 23 October 2020 - PUBLIC (11647526.2).xlsx,2.8 Maintenance,58,Powerlink,https://www.aer.gov.au/documents/powerlink-2019-20-category-analysis-rin-templates,https://www.aer.gov.au/search?search=Powerlink+2019%E2%80%9320,validated_manifest_match,Protection systems maintenance,submitted,58,meaningful,True,protection_systems_maintenance,Protection systems maintenance,protection_systems,Protection systems maintenance,mapped,mapped,AUD,nominal,1.0,standardized_source_unit,959895.430000004,numeric,3579947.360000004,numeric,4539842.790000008,numeric,matched_with_denominator,Powerlink 2019-20 - Category Analysis - RIN Response - Consolidated - 23 October 2020 - PUBLIC (11647526.2).xlsx,2.8 Maintenance,20,count,5027.0,numeric,5027.0,numeric,nominal_AUD_per_count,calculated,nominal_AUD_per_count,calculated,190.94796697831788,712.1438949671781,903.091861945496,190.94796697831788,712.1438949671781,903.091861945496
2019-20,Other maintenance activity ,TRANSMISSION TOWERS SUPPORT STRUCTURES,$0's,,,Powerlink 2019-20 - Category Analysis - RIN Response - Consolidated - 23 October 2020 - PUBLIC (11647526.2).xlsx,2.8 Maintenance,59,Powerlink,https://www.aer.gov.au/documents/powerlink-2019-20-category-analysis-rin-templates,https://www.aer.gov.au/search?search=Powerlink+2019%E2%80%9320,validated_manifest_match,Other maintenance activity ,submitted,59,meaningful,True,other_maintenance_activity,Other maintenance activity,transmission_tower_support_structures,Transmission tower support structures,mapped,mapped,AUD,nominal,1.0,standardized_source_unit,,blank,,blank,,blank,matched_with_denominator,Powerlink 2019-20 - Category Analysis - RIN Response - Consolidated - 23 October 2020 - PUBLIC (11647526.2).xlsx,2.8 Maintenance,21,count,168000.0,numeric,1433.0,numeric,nominal_AUD_per_count,missing_numerators,nominal_AUD_per_count,missing_numerators,,,,,,
2019-20,,CORRIDOR MAINTENANCE (NON VEG),$0's,3587.020000000001,1649451.0500000017,Powerlink 2019-20 - Category Analysis - RIN Response - Consolidated - 23 October 2020 - PUBLIC (11647526.2).xlsx,2.8 Maintenance,60,Powerlink,https://www.aer.gov.au/documents/powerlink-2019-20-category-analysis-rin-templates,https://www.aer.gov.au/search?search=Powerlink+2019%E2%80%9320,validated_manifest_match,Other maintenance activity ,continued_group_label,59,meaningful,True,other_maintenance_activity,Other maintenance activity,corridor_maintenance_non_vegetation,Corridor maintenance (non-vegetation),mapped,mapped,AUD,nominal,1.0,standardized_source_unit,3587.020000000001,numeric,1649451.0500000017,numeric,1653038.0700000017,numeric,matched_with_denominator,Powerlink 2019-20 - Category Analysis - RIN Response - Consolidated - 23 October 2020 - PUBLIC (11647526.2).xlsx,2.8 Maintenance,22,km,9634.0,numeric,1372.0,numeric,nominal_AUD_per_km,calculated,nominal_AUD_per_km,calculated,0.37232925057089483,171.2114438447168,171.5837730952877,2.6144460641399423,1202.2237973760946,1204.8382434402345
2020-21,Transmission lines maintenance,Transmission towers,$0's,2840936.0000000144,7773311.210980312,Powerlink 2020-21 - Category Analysis - RIN Response - Consolidated - 20 October 2021 - PUBLIC(12941266.1).xlsx,2.8 Maintenance,50,Powerlink,https://www.aer.gov.au/documents/powerlink-2020-21-category-analysis-rin-templates,https://www.aer.gov.au/authors/powerlink?page=11,validated_manifest_match,Transmission lines maintenance,submitted,50,meaningful,True,transmission_lines_maintenance,Transmission lines maintenance,transmission_towers,Transmission towers,mapped,mapped,AUD,nominal,1.0,standardized_source_unit,2840936.0000000144,numeric,7773311.210980312,numeric,10614247.210980326,numeric,matched_with_denominator,Powerlink 2020-21 - Category Analysis - RIN Response - Consolidated - 20 October 2021 - PUBLIC(12941266.1).xlsx,2.8 Maintenance,12,count,23550.0,numeric,23550.0,numeric,nominal_AUD_per_count,calculated,nominal_AUD_per_count,calculated,120.63422505307916,330.07690917113854,450.7111342242177,120.63422505307916,330.07690917113854,450.7111342242177
2020-21,Transmission lines maintenance,Transmission tower support structures,$0's,53017.60000000001,28950166.339016367,Powerlink 2020-21 - Category Analysis - RIN Response - Consolidated - 20 October 2021 - PUBLIC(12941266.1).xlsx,2.8 Maintenance,51,Powerlink,https://www.aer.gov.au/documents/powerlink-2020-21-category-analysis-rin-templates,https://www.aer.gov.au/authors/powerlink?page=11,validated_manifest_match,Transmission lines maintenance,submitted,51,meaningful,True,transmission_lines_maintenance,Transmission lines maintenance,transmission_tower_support_structures,Transmission tower support structures,mapped,mapped,AUD,nominal,1.0,standardized_source_unit,53017.60000000001,numeric,28950166.339016367,numeric,29003183.93901637,numeric,matched_with_denominator,Powerlink 2020-21 - Category Analysis - RIN Response - Consolidated - 20 October 2021 - PUBLIC(12941266.1).xlsx,2.8 Maintenance,13,count,23550.0,numeric,23550.0,numeric,nominal_AUD_per_count,calculated,nominal_AUD_per_count,calculated,2.25127813163482,1229.306426285196,1231.557704416831,2.25127813163482,1229.306426285196,1231.557704416831
2020-21,Transmission lines maintenance,Conductors,$0's,0.0,723780.315138938,Powerlink 2020-21 - Category Analysis - RIN Response - Consolidated - 20 October 2021 - PUBLIC(12941266.1).xlsx,2.8 Maintenance,52,Powerlink,https://www.aer.gov.au/documents/powerlink-2020-21-category-analysis-rin-templates,https://www.aer.gov.au/authors/powerlink?page=11,validated_manifest_match,Transmission lines maintenance,submitted,52,meaningful,True,transmission_lines_maintenance,Transmission lines maintenance,conductors,Conductors,mapped,mapped,AUD,nominal,1.0,standardized_source_unit,0.0,numeric,723780.315138938,numeric,723780.315138938,numeric,matched_with_denominator,Powerlink 2020-21 - Category Analysis - RIN Response - Consolidated - 20 October 2021 - PUBLIC(12941266.1).xlsx,2.8 Maintenance,14,km,9629.0,numeric,9629.0,numeric,nominal_AUD_per_km,calculated,nominal_AUD_per_km,calculated,0.0,75.16671670359726,75.16671670359726,0.0,75.16671670359726,75.16671670359726
2020-21,Transmission lines maintenance,Transmission cables,$0's,220444.88000000032,8548250.232597137,Powerlink 2020-21 - Category Analysis - RIN Response - Consolidated - 20 October 2021 - PUBLIC(12941266.1).xlsx,2.8 Maintenance,53,Powerlink,https://www.aer.gov.au/documents/powerlink-2020-21-category-analysis-rin-templates,https://www.aer.gov.au/authors/powerlink?page=11,validated_manifest_match,Transmission lines maintenance,submitted,53,meaningful,True,transmission_lines_maintenance,Transmission lines maintenance,transmission_cables,Transmission cables,mapped,mapped,AUD,nominal,1.0,standardized_source_unit,220444.88000000032,numeric,8548250.232597137,numeric,8768695.112597138,numeric,matched_with_denominator,Powerlink 2020-21 - Category Analysis - RIN Response - Consolidated - 20 October 2021 - PUBLIC(12941266.1).xlsx,2.8 Maintenance,15,km,20.24,numeric,20.24,numeric,nominal_AUD_per_km,calculated,nominal_AUD_per_km,calculated,10891.545454545472,422344.37908088625,433235.9245354317,10891.545454545472,422344.37908088625,433235.9245354317
2020-21,Substations equipment & property maintenance,Substation switchbays (incl. Reactive plant),$0's,4583217.587999981,14741764.16341809,Powerlink 2020-21 - Category Analysis - RIN Response - Consolidated - 20 October 2021 - PUBLIC(12941266.1).xlsx,2.8 Maintenance,54,Powerlink,https://www.aer.gov.au/documents/powerlink-2020-21-category-analysis-rin-templates,https://www.aer.gov.au/authors/powerlink?page=11,validated_manifest_match,Substations equipment & property maintenance,submitted,54,meaningful,True,substations_equipment_property_maintenance,Substations equipment & property maintenance,substation_switchbays,Substation switchbays (incl. Reactive plant),mapped,mapped,AUD,nominal,1.0,standardized_source_unit,4583217.587999981,numeric,14741764.16341809,numeric,19324981.75141807,numeric,matched_with_denominator,Powerlink 2020-21 - Category Analysis - RIN Response - Consolidated - 20 October 2021 - PUBLIC(12941266.1).xlsx,2.8 Maintenance,16,count,1482.0,numeric,1482.0,numeric,nominal_AUD_per_count,calculated,nominal_AUD_per_count,calculated,3092.5894655870316,9947.209287056741,13039.798752643772,3092.5894655870316,9947.209287056741,13039.798752643772
2020-21,Substations equipment & property maintenance,Substation power transformers,$0's,1544174.4169999992,3412554.139686628,Powerlink 2020-21 - Category Analysis - RIN Response - Consolidated - 20 October 2021 - PUBLIC(12941266.1).xlsx,2.8 Maintenance,55,Powerlink,https://www.aer.gov.au/documents/powerlink-2020-21-category-analysis-rin-templates,https://www.aer.gov.au/authors/powerlink?page=11,validated_manifest_match,Substations equipment & property maintenance,submitted,55,meaningful,True,substations_equipment_property_maintenance,Substations equipment & property maintenance,substation_power_transformers,Substation power transformers,mapped,mapped,AUD,nominal,1.0,standardized_source_unit,1544174.4169999992,numeric,3412554.139686628,numeric,4956728.556686627,numeric,matched_with_denominator,Powerlink 2020-21 - Category Analysis - RIN Response - Consolidated - 20 October 2021 - PUBLIC(12941266.1).xlsx,2.8 Maintenance,17,count,201.0,numeric,201.0,numeric,nominal_AUD_per_count,calculated,nominal_AUD_per_count,calculated,7682.459786069648,16977.881291973274,24660.34107804292,7682.459786069648,16977.881291973274,24660.34107804292
2020-21,Substations equipment & property maintenance,Substation property,$0's,1485737.9250000007,4014437.635355997,Powerlink 2020-21 - Category Analysis - RIN Response - Consolidated - 20 October 2021 - PUBLIC(12941266.1).xlsx,2.8 Maintenance,56,Powerlink,https://www.aer.gov.au/documents/powerlink-2020-21-category-analysis-rin-templates,https://www.aer.gov.au/authors/powerlink?page=11,validated_manifest_match,Substations equipment & property maintenance,submitted,56,meaningful,True,substations_equipment_property_maintenance,Substations equipment & property maintenance,substation_property,Substation property,mapped,mapped,AUD,nominal,1.0,standardized_source_unit,1485737.9250000007,numeric,4014437.635355997,numeric,5500175.560355998,numeric,matched_with_denominator,Powerlink 2020-21 - Category Analysis - RIN Response - Consolidated - 20 October 2021 - PUBLIC(12941266.1).xlsx,2.8 Maintenance,18,count,128.0,numeric,128.0,numeric,nominal_AUD_per_count,calculated,nominal_AUD_per_count,calculated,11607.327539062506,31362.794026218726,42970.12156528123,11607.327539062506,31362.794026218726,42970.12156528123
2020-21,SCADA & network control maintenance,SCADA & network control maintenance,$0's,1119461.8300000003,5362255.67163142,Powerlink 2020-21 - Category Analysis - RIN Response - Consolidated - 20 October 2021 - PUBLIC(12941266.1).xlsx,2.8 Maintenance,57,Powerlink,https://www.aer.gov.au/documents/powerlink-2020-21-category-analysis-rin-templates,https://www.aer.gov.au/authors/powerlink?page=11,validated_manifest_match,SCADA & network control maintenance,submitted,57,meaningful,True,scada_network_control_maintenance,SCADA & network control maintenance,scada_network_control,SCADA & network control maintenance,mapped,mapped,AUD,nominal,1.0,standardized_source_unit,1119461.8300000003,numeric,5362255.67163142,numeric,6481717.50163142,numeric,matched_with_denominator,Powerlink 2020-21 - Category Analysis - RIN Response - Consolidated - 20 October 2021 - PUBLIC(12941266.1).xlsx,2.8 Maintenance,19,count,6212.0,numeric,6212.0,numeric,nominal_AUD_per_count,calculated,nominal_AUD_per_count,calculated,180.20956696716038,863.2092195156825,1043.418786482843,180.20956696716038,863.2092195156825,1043.418786482843
2020-21,Protection systems maintenance,Protection systems maintenance,$0's,979355.0199999982,2260944.212284656,Powerlink 2020-21 - Category Analysis - RIN Response - Consolidated - 20 October 2021 - PUBLIC(12941266.1).xlsx,2.8 Maintenance,58,Powerlink,https://www.aer.gov.au/documents/powerlink-2020-21-category-analysis-rin-templates,https://www.aer.gov.au/authors/powerlink?page=11,validated_manifest_match,Protection systems maintenance,submitted,58,meaningful,True,protection_systems_maintenance,Protection systems maintenance,protection_systems,Protection systems maintenance,mapped,mapped,AUD,nominal,1.0,standardized_source_unit,979355.0199999982,numeric,2260944.212284656,numeric,3240299.232284654,numeric,matched_with_denominator,Powerlink 2020-21 - Category Analysis - RIN Response - Consolidated - 20 October 2021 - PUBLIC(12941266.1).xlsx,2.8 Maintenance,20,count,5030.0,numeric,5030.0,numeric,nominal_AUD_per_count,calculated,nominal_AUD_per_count,calculated,194.70278727634158,449.49189111026953,644.1946783866111,194.70278727634158,449.49189111026953,644.1946783866111
2020-21,Other maintenance activity ,Tramsission tower support structures,$0's,,,Powerlink 2020-21 - Category Analysis - RIN Response - Consolidated - 20 October 2021 - PUBLIC(12941266.1).xlsx,2.8 Maintenance,59,Powerlink,https://www.aer.gov.au/documents/powerlink-2020-21-category-analysis-rin-templates,https://www.aer.gov.au/authors/powerlink?page=11,validated_manifest_match,Other maintenance activity ,submitted,59,meaningful,True,other_maintenance_activity,Other maintenance activity,transmission_tower_support_structures,Transmission tower support structures,mapped,mapped,AUD,nominal,1.0,standardized_source_unit,,blank,,blank,,blank,matched_with_denominator,Powerlink 2020-21 - Category Analysis - RIN Response - Consolidated - 20 October 2021 - PUBLIC(12941266.1).xlsx,2.8 Maintenance,21,count,168500.0,numeric,1457000.0,numeric,nominal_AUD_per_count,missing_numerators,nominal_AUD_per_count,missing_numerators,,,,,,
2020-21,,Corridor maintenance (Non vegetation),$0's,5554.47,397031.896290448,Powerlink 2020-21 - Category Analysis - RIN Response - Consolidated - 20 October 2021 - PUBLIC(12941266.1).xlsx,2.8 Maintenance,60,Powerlink,https://www.aer.gov.au/documents/powerlink-2020-21-category-analysis-rin-templates,https://www.aer.gov.au/authors/powerlink?page=11,validated_manifest_match,Other maintenance activity ,continued_group_label,59,meaningful,True,other_maintenance_activity,Other maintenance activity,corridor_maintenance_non_vegetation,Corridor maintenance (non-vegetation),mapped,mapped,AUD,nominal,1.0,standardized_source_unit,5554.47,numeric,397031.896290448,numeric,402586.366290448,numeric,matched_with_denominator,Powerlink 2020-21 - Category Analysis - RIN Response - Consolidated - 20 October 2021 - PUBLIC(12941266.1).xlsx,2.8 Maintenance,22,km,9636.0,numeric,1363.0,numeric,nominal_AUD_per_km,calculated,nominal_AUD_per_km,calculated,0.5764290161892902,41.20297802931175,41.77940704550104,4.075179750550257,291.2926605212385,295.3678402717887
2021-22,Transmission lines maintenance,Transmission towers,$0's,2764277.1800000034,8197698.901035492,Powerlink 2021-22 - Category analysis - Consolidated - 26 October 2022 - PUBLIC(14556313.1).xlsx,2.8 Maintenance,50,Powerlink,https://www.aer.gov.au/documents/powerlink-2021-22-category-analysis-rin-templates,https://www.aer.gov.au/authors/powerlink?page=12,validated_manifest_match,Transmission lines maintenance,submitted,50,meaningful,True,transmission_lines_maintenance,Transmission lines maintenance,transmission_towers,Transmission towers,mapped,mapped,AUD,nominal,1.0,standardized_source_unit,2764277.1800000034,numeric,8197698.901035492,numeric,10961976.081035495,numeric,matched_with_denominator,Powerlink 2021-22 - Category analysis - Consolidated - 26 October 2022 - PUBLIC(14556313.1).xlsx,2.8 Maintenance,12,count,23551.0,numeric,23551.0,numeric,nominal_AUD_per_count,calculated,nominal_AUD_per_count,calculated,117.37408942295458,348.08283729079415,465.45692671374866,117.37408942295458,348.08283729079415,465.45692671374866
2021-22,Transmission lines maintenance,Transmission tower support structures,$0's,113010.50999999997,22029787.14595901,Powerlink 2021-22 - Category analysis - Consolidated - 26 October 2022 - PUBLIC(14556313.1).xlsx,2.8 Maintenance,51,Powerlink,https://www.aer.gov.au/documents/powerlink-2021-22-category-analysis-rin-templates,https://www.aer.gov.au/authors/powerlink?page=12,validated_manifest_match,Transmission lines maintenance,submitted,51,meaningful,True,transmission_lines_maintenance,Transmission lines maintenance,transmission_tower_support_structures,Transmission tower support structures,mapped,mapped,AUD,nominal,1.0,standardized_source_unit,113010.50999999997,numeric,22029787.14595901,numeric,22142797.65595901,numeric,matched_with_denominator,Powerlink 2021-22 - Category analysis - Consolidated - 26 October 2022 - PUBLIC(14556313.1).xlsx,2.8 Maintenance,13,count,23551.0,numeric,23551.0,numeric,nominal_AUD_per_count,calculated,nominal_AUD_per_count,calculated,4.7985440108700255,935.4077171227977,940.2062611336678,4.7985440108700255,935.4077171227977,940.2062611336678
2021-22,Transmission lines maintenance,Conductors,$0's,0.0,2062792.949312,Powerlink 2021-22 - Category analysis - Consolidated - 26 October 2022 - PUBLIC(14556313.1).xlsx,2.8 Maintenance,52,Powerlink,https://www.aer.gov.au/documents/powerlink-2021-22-category-analysis-rin-templates,https://www.aer.gov.au/authors/powerlink?page=12,validated_manifest_match,Transmission lines maintenance,submitted,52,meaningful,True,transmission_lines_maintenance,Transmission lines maintenance,conductors,Conductors,mapped,mapped,AUD,nominal,1.0,standardized_source_unit,0.0,numeric,2062792.949312,numeric,2062792.949312,numeric,matched_with_denominator,Powerlink 2021-22 - Category analysis - Consolidated - 26 October 2022 - PUBLIC(14556313.1).xlsx,2.8 Maintenance,14,km,9629.0,numeric,9629.0,numeric,nominal_AUD_per_km,calculated,nominal_AUD_per_km,calculated,0.0,214.2271211249351,214.2271211249351,0.0,214.2271211249351,214.2271211249351
2021-22,Transmission lines maintenance,Transmission cables,$0's,168717.9500000001,4360635.254556499,Powerlink 2021-22 - Category analysis - Consolidated - 26 October 2022 - PUBLIC(14556313.1).xlsx,2.8 Maintenance,53,Powerlink,https://www.aer.gov.au/documents/powerlink-2021-22-category-analysis-rin-templates,https://www.aer.gov.au/authors/powerlink?page=12,validated_manifest_match,Transmission lines maintenance,submitted,53,meaningful,True,transmission_lines_maintenance,Transmission lines maintenance,transmission_cables,Transmission cables,mapped,mapped,AUD,nominal,1.0,standardized_source_unit,168717.9500000001,numeric,4360635.254556499,numeric,4529353.2045565,numeric,matched_with_denominator,Powerlink 2021-22 - Category analysis - Consolidated - 26 October 2022 - PUBLIC(14556313.1).xlsx,2.8 Maintenance,15,km,20.24,numeric,20.24,numeric,nominal_AUD_per_km,calculated,nominal_AUD_per_km,calculated,8335.867094861665,215446.40585753458,223782.27295239625,8335.867094861665,215446.40585753458,223782.27295239625
2021-22,Substations equipment & property maintenance,Substation switchbays (incl. Reactive plant),$0's,5381286.541999959,16313889.729245998,Powerlink 2021-22 - Category analysis - Consolidated - 26 October 2022 - PUBLIC(14556313.1).xlsx,2.8 Maintenance,54,Powerlink,https://www.aer.gov.au/documents/powerlink-2021-22-category-analysis-rin-templates,https://www.aer.gov.au/authors/powerlink?page=12,validated_manifest_match,Substations equipment & property maintenance,submitted,54,meaningful,True,substations_equipment_property_maintenance,Substations equipment & property maintenance,substation_switchbays,Substation switchbays (incl. Reactive plant),mapped,mapped,AUD,nominal,1.0,standardized_source_unit,5381286.541999959,numeric,16313889.729245998,numeric,21695176.271245956,numeric,matched_with_denominator,Powerlink 2021-22 - Category analysis - Consolidated - 26 October 2022 - PUBLIC(14556313.1).xlsx,2.8 Maintenance,16,count,1475.0,numeric,1475.0,numeric,nominal_AUD_per_count,calculated,nominal_AUD_per_count,calculated,3648.3298589830233,11060.264223217626,14708.594082200649,3648.3298589830233,11060.264223217626,14708.594082200649
2021-22,Substations equipment & property maintenance,Substation power transformers,$0's,1617482.9779999987,4652850.208344001,Powerlink 2021-22 - Category analysis - Consolidated - 26 October 2022 - PUBLIC(14556313.1).xlsx,2.8 Maintenance,55,Powerlink,https://www.aer.gov.au/documents/powerlink-2021-22-category-analysis-rin-templates,https://www.aer.gov.au/authors/powerlink?page=12,validated_manifest_match,Substations equipment & property maintenance,submitted,55,meaningful,True,substations_equipment_property_maintenance,Substations equipment & property maintenance,substation_power_transformers,Substation power transformers,mapped,mapped,AUD,nominal,1.0,standardized_source_unit,1617482.9779999987,numeric,4652850.208344001,numeric,6270333.186344,numeric,matched_with_denominator,Powerlink 2021-22 - Category analysis - Consolidated - 26 October 2022 - PUBLIC(14556313.1).xlsx,2.8 Maintenance,17,count,197.0,numeric,197.0,numeric,nominal_AUD_per_count,calculated,nominal_AUD_per_count,calculated,8210.57349238578,23618.528976365487,31829.102468751265,8210.57349238578,23618.528976365487,31829.102468751265
2021-22,Substations equipment & property maintenance,Substation property,$0's,1872858.7799999944,4688158.604650004,Powerlink 2021-22 - Category analysis - Consolidated - 26 October 2022 - PUBLIC(14556313.1).xlsx,2.8 Maintenance,56,Powerlink,https://www.aer.gov.au/documents/powerlink-2021-22-category-analysis-rin-templates,https://www.aer.gov.au/authors/powerlink?page=12,validated_manifest_match,Substations equipment & property maintenance,submitted,56,meaningful,True,substations_equipment_property_maintenance,Substations equipment & property maintenance,substation_property,Substation property,mapped,mapped,AUD,nominal,1.0,standardized_source_unit,1872858.7799999944,numeric,4688158.604650004,numeric,6561017.3846499985,numeric,matched_with_denominator,Powerlink 2021-22 - Category analysis - Consolidated - 26 October 2022 - PUBLIC(14556313.1).xlsx,2.8 Maintenance,18,count,128.0,numeric,128.0,numeric,nominal_AUD_per_count,calculated,nominal_AUD_per_count,calculated,14631.709218749957,36626.239098828155,51257.94831757811,14631.709218749957,36626.239098828155,51257.94831757811
2021-22,SCADA & network control maintenance,SCADA & network control maintenance,$0's,1370722.1599999988,4634534.143880008,Powerlink 2021-22 - Category analysis - Consolidated - 26 October 2022 - PUBLIC(14556313.1).xlsx,2.8 Maintenance,57,Powerlink,https://www.aer.gov.au/documents/powerlink-2021-22-category-analysis-rin-templates,https://www.aer.gov.au/authors/powerlink?page=12,validated_manifest_match,SCADA & network control maintenance,submitted,57,meaningful,True,scada_network_control_maintenance,SCADA & network control maintenance,scada_network_control,SCADA & network control maintenance,mapped,mapped,AUD,nominal,1.0,standardized_source_unit,1370722.1599999988,numeric,4634534.143880008,numeric,6005256.303880006,numeric,matched_with_denominator,Powerlink 2021-22 - Category analysis - Consolidated - 26 October 2022 - PUBLIC(14556313.1).xlsx,2.8 Maintenance,19,count,6386.0,numeric,6386.0,numeric,nominal_AUD_per_count,calculated,nominal_AUD_per_count,calculated,214.64487316003738,725.7335020169132,940.3783751769505,214.64487316003738,725.7335020169132,940.3783751769505
2021-22,Protection systems maintenance,Protection systems maintenance,$0's,855778.0000000028,2733477.7607744974,Powerlink 2021-22 - Category analysis - Consolidated - 26 October 2022 - PUBLIC(14556313.1).xlsx,2.8 Maintenance,58,Powerlink,https://www.aer.gov.au/documents/powerlink-2021-22-category-analysis-rin-templates,https://www.aer.gov.au/authors/powerlink?page=12,validated_manifest_match,Protection systems maintenance,submitted,58,meaningful,True,protection_systems_maintenance,Protection systems maintenance,protection_systems,Protection systems maintenance,mapped,mapped,AUD,nominal,1.0,standardized_source_unit,855778.0000000028,numeric,2733477.7607744974,numeric,3589255.7607745,numeric,matched_with_denominator,Powerlink 2021-22 - Category analysis - Consolidated - 26 October 2022 - PUBLIC(14556313.1).xlsx,2.8 Maintenance,20,count,4967.0,numeric,4967.0,numeric,nominal_AUD_per_count,calculated,nominal_AUD_per_count,calculated,172.29273203140784,550.3277150743904,722.6204471057983,172.29273203140784,550.3277150743904,722.6204471057983
2021-22,Other maintenance activity ,Transmission tower support structures,$0's,,,Powerlink 2021-22 - Category analysis - Consolidated - 26 October 2022 - PUBLIC(14556313.1).xlsx,2.8 Maintenance,59,Powerlink,https://www.aer.gov.au/documents/powerlink-2021-22-category-analysis-rin-templates,https://www.aer.gov.au/authors/powerlink?page=12,validated_manifest_match,Other maintenance activity ,submitted,59,meaningful,True,other_maintenance_activity,Other maintenance activity,transmission_tower_support_structures,Transmission tower support structures,mapped,mapped,AUD,nominal,1.0,standardized_source_unit,,blank,,blank,,blank,matched_with_denominator,Powerlink 2021-22 - Category analysis - Consolidated - 26 October 2022 - PUBLIC(14556313.1).xlsx,2.8 Maintenance,21,count,168845.0,numeric,1480.0,numeric,nominal_AUD_per_count,missing_numerators,nominal_AUD_per_count,missing_numerators,,,,,,
2021-22,,Corridor maintenance (non vegetation),$0's,5411.980000000002,1821578.2222424997,Powerlink 2021-22 - Category analysis - Consolidated - 26 October 2022 - PUBLIC(14556313.1).xlsx,2.8 Maintenance,60,Powerlink,https://www.aer.gov.au/documents/powerlink-2021-22-category-analysis-rin-templates,https://www.aer.gov.au/authors/powerlink?page=12,validated_manifest_match,Other maintenance activity ,continued_group_label,59,meaningful,True,other_maintenance_activity,Other maintenance activity,corridor_maintenance_non_vegetation,Corridor maintenance (non-vegetation),mapped,mapped,AUD,nominal,1.0,standardized_source_unit,5411.980000000002,numeric,1821578.2222424997,numeric,1826990.2022424997,numeric,matched_with_denominator,Powerlink 2021-22 - Category analysis - Consolidated - 26 October 2022 - PUBLIC(14556313.1).xlsx,2.8 Maintenance,22,km,9636.0,numeric,1549.0,numeric,nominal_AUD_per_km,calculated,nominal_AUD_per_km,calculated,0.5616417600664179,189.03883584915937,189.60047760922578,3.4938540994189813,1175.9704468963846,1179.4643009958036
2022-23,Transmission lines maintenance,Transmission towers,$,4337653.0,3537960.0,Powerlink 2022-23 - Category Analysis - RIN Response - Consolidated - 27 October 2023 - PUBLIC(15996094.1).xlsx,2.8 Maintenance,51,Powerlink,https://www.aer.gov.au/documents/powerlink-2022-23-category-analysis-rin-templates,https://www.aer.gov.au/authors/powerlink?page=12,validated_manifest_match,Transmission lines maintenance,submitted,51,meaningful,True,transmission_lines_maintenance,Transmission lines maintenance,transmission_towers,Transmission towers,mapped,mapped,AUD,nominal,1.0,standardized_source_unit,4337653.0,numeric,3537960.0,numeric,7875613.0,numeric,matched_with_denominator,Powerlink 2022-23 - Category Analysis - RIN Response - Consolidated - 27 October 2023 - PUBLIC(15996094.1).xlsx,2.8 Maintenance,13,count,23599.0,numeric,23599.0,numeric,nominal_AUD_per_count,calculated,nominal_AUD_per_count,calculated,183.80664434933684,149.91991186067207,333.7265562100089,183.80664434933684,149.91991186067207,333.7265562100089
2022-23,Transmission lines maintenance,Transmission tower support structures,$,120920.0,27945669.0,Powerlink 2022-23 - Category Analysis - RIN Response - Consolidated - 27 October 2023 - PUBLIC(15996094.1).xlsx,2.8 Maintenance,52,Powerlink,https://www.aer.gov.au/documents/powerlink-2022-23-category-analysis-rin-templates,https://www.aer.gov.au/authors/powerlink?page=12,validated_manifest_match,Transmission lines maintenance,submitted,52,meaningful,True,transmission_lines_maintenance,Transmission lines maintenance,transmission_tower_support_structures,Transmission tower support structures,mapped,mapped,AUD,nominal,1.0,standardized_source_unit,120920.0,numeric,27945669.0,numeric,28066589.0,numeric,matched_with_denominator,Powerlink 2022-23 - Category Analysis - RIN Response - Consolidated - 27 October 2023 - PUBLIC(15996094.1).xlsx,2.8 Maintenance,14,count,23599.0,numeric,23599.0,numeric,nominal_AUD_per_count,calculated,nominal_AUD_per_count,calculated,5.123945929912284,1184.188694436205,1189.3126403661172,5.123945929912284,1184.188694436205,1189.3126403661172
2022-23,Transmission lines maintenance,Conductors,$,0.0,547980.0,Powerlink 2022-23 - Category Analysis - RIN Response - Consolidated - 27 October 2023 - PUBLIC(15996094.1).xlsx,2.8 Maintenance,53,Powerlink,https://www.aer.gov.au/documents/powerlink-2022-23-category-analysis-rin-templates,https://www.aer.gov.au/authors/powerlink?page=12,validated_manifest_match,Transmission lines maintenance,submitted,53,meaningful,True,transmission_lines_maintenance,Transmission lines maintenance,conductors,Conductors,mapped,mapped,AUD,nominal,1.0,standardized_source_unit,0.0,numeric,547980.0,numeric,547980.0,numeric,matched_with_denominator,Powerlink 2022-23 - Category Analysis - RIN Response - Consolidated - 27 October 2023 - PUBLIC(15996094.1).xlsx,2.8 Maintenance,15,km,9636.0,numeric,9636.0,numeric,nominal_AUD_per_km,calculated,nominal_AUD_per_km,calculated,0.0,56.86799501867995,56.86799501867995,0.0,56.86799501867995,56.86799501867995
2022-23,Transmission lines maintenance,Transmission cables,$,230268.0,618509.0,Powerlink 2022-23 - Category Analysis - RIN Response - Consolidated - 27 October 2023 - PUBLIC(15996094.1).xlsx,2.8 Maintenance,54,Powerlink,https://www.aer.gov.au/documents/powerlink-2022-23-category-analysis-rin-templates,https://www.aer.gov.au/authors/powerlink?page=12,validated_manifest_match,Transmission lines maintenance,submitted,54,meaningful,True,transmission_lines_maintenance,Transmission lines maintenance,transmission_cables,Transmission cables,mapped,mapped,AUD,nominal,1.0,standardized_source_unit,230268.0,numeric,618509.0,numeric,848777.0,numeric,matched_with_denominator,Powerlink 2022-23 - Category Analysis - RIN Response - Consolidated - 27 October 2023 - PUBLIC(15996094.1).xlsx,2.8 Maintenance,16,km,20.24,numeric,20.24,numeric,nominal_AUD_per_km,calculated,nominal_AUD_per_km,calculated,11376.877470355732,30558.74505928854,41935.62252964427,11376.877470355732,30558.74505928854,41935.62252964427
2022-23,Substations equipment & property maintenance,Substation switchbays (incl. Reactive plant),$,6269276.0,18401672.0,Powerlink 2022-23 - Category Analysis - RIN Response - Consolidated - 27 October 2023 - PUBLIC(15996094.1).xlsx,2.8 Maintenance,55,Powerlink,https://www.aer.gov.au/documents/powerlink-2022-23-category-analysis-rin-templates,https://www.aer.gov.au/authors/powerlink?page=12,validated_manifest_match,Substations equipment & property maintenance,submitted,55,meaningful,True,substations_equipment_property_maintenance,Substations equipment & property maintenance,substation_switchbays,Substation switchbays (incl. Reactive plant),mapped,mapped,AUD,nominal,1.0,standardized_source_unit,6269276.0,numeric,18401672.0,numeric,24670948.0,numeric,matched_with_denominator,Powerlink 2022-23 - Category Analysis - RIN Response - Consolidated - 27 October 2023 - PUBLIC(15996094.1).xlsx,2.8 Maintenance,17,count,1485.0,numeric,1485.0,numeric,nominal_AUD_per_count,calculated,nominal_AUD_per_count,calculated,4221.73468013468,12391.698316498316,16613.432996632997,4221.73468013468,12391.698316498316,16613.432996632997
2022-23,Substations equipment & property maintenance,Substation power transformers,$,1103131.0,3044185.0,Powerlink 2022-23 - Category Analysis - RIN Response - Consolidated - 27 October 2023 - PUBLIC(15996094.1).xlsx,2.8 Maintenance,56,Powerlink,https://www.aer.gov.au/documents/powerlink-2022-23-category-analysis-rin-templates,https://www.aer.gov.au/authors/powerlink?page=12,validated_manifest_match,Substations equipment & property maintenance,submitted,56,meaningful,True,substations_equipment_property_maintenance,Substations equipment & property maintenance,substation_power_transformers,Substation power transformers,mapped,mapped,AUD,nominal,1.0,standardized_source_unit,1103131.0,numeric,3044185.0,numeric,4147316.0,numeric,matched_with_denominator,Powerlink 2022-23 - Category Analysis - RIN Response - Consolidated - 27 October 2023 - PUBLIC(15996094.1).xlsx,2.8 Maintenance,18,count,199.0,numeric,199.0,numeric,nominal_AUD_per_count,calculated,nominal_AUD_per_count,calculated,5543.371859296482,15297.412060301507,20840.78391959799,5543.371859296482,15297.412060301507,20840.78391959799
2022-23,Substations equipment & property maintenance,Substation property,$,2309614.0,9662588.0,Powerlink 2022-23 - Category Analysis - RIN Response - Consolidated - 27 October 2023 - PUBLIC(15996094.1).xlsx,2.8 Maintenance,57,Powerlink,https://www.aer.gov.au/documents/powerlink-2022-23-category-analysis-rin-templates,https://www.aer.gov.au/authors/powerlink?page=12,validated_manifest_match,Substations equipment & property maintenance,submitted,57,meaningful,True,substations_equipment_property_maintenance,Substations equipment & property maintenance,substation_property,Substation property,mapped,mapped,AUD,nominal,1.0,standardized_source_unit,2309614.0,numeric,9662588.0,numeric,11972202.0,numeric,matched_with_denominator,Powerlink 2022-23 - Category Analysis - RIN Response - Consolidated - 27 October 2023 - PUBLIC(15996094.1).xlsx,2.8 Maintenance,19,count,129.0,numeric,129.0,numeric,nominal_AUD_per_count,calculated,nominal_AUD_per_count,calculated,17903.98449612403,74903.78294573643,92807.76744186046,17903.98449612403,74903.78294573643,92807.76744186046
2022-23,SCADA & network control maintenance,SCADA & network control maintenance,$,1997879.0,5501340.0,Powerlink 2022-23 - Category Analysis - RIN Response - Consolidated - 27 October 2023 - PUBLIC(15996094.1).xlsx,2.8 Maintenance,58,Powerlink,https://www.aer.gov.au/documents/powerlink-2022-23-category-analysis-rin-templates,https://www.aer.gov.au/authors/powerlink?page=12,validated_manifest_match,SCADA & network control maintenance,submitted,58,meaningful,True,scada_network_control_maintenance,SCADA & network control maintenance,scada_network_control,SCADA & network control maintenance,mapped,mapped,AUD,nominal,1.0,standardized_source_unit,1997879.0,numeric,5501340.0,numeric,7499219.0,numeric,matched_with_denominator,Powerlink 2022-23 - Category Analysis - RIN Response - Consolidated - 27 October 2023 - PUBLIC(15996094.1).xlsx,2.8 Maintenance,20,count,6378.0,numeric,6378.0,numeric,nominal_AUD_per_count,calculated,nominal_AUD_per_count,calculated,313.24537472561934,862.5493885230479,1175.7947632486673,313.24537472561934,862.5493885230479,1175.7947632486673
2022-23,Protection systems maintenance,Protection systems maintenance,$,910800.0,2052985.0,Powerlink 2022-23 - Category Analysis - RIN Response - Consolidated - 27 October 2023 - PUBLIC(15996094.1).xlsx,2.8 Maintenance,59,Powerlink,https://www.aer.gov.au/documents/powerlink-2022-23-category-analysis-rin-templates,https://www.aer.gov.au/authors/powerlink?page=12,validated_manifest_match,Protection systems maintenance,submitted,59,meaningful,True,protection_systems_maintenance,Protection systems maintenance,protection_systems,Protection systems maintenance,mapped,mapped,AUD,nominal,1.0,standardized_source_unit,910800.0,numeric,2052985.0,numeric,2963785.0,numeric,matched_with_denominator,Powerlink 2022-23 - Category Analysis - RIN Response - Consolidated - 27 October 2023 - PUBLIC(15996094.1).xlsx,2.8 Maintenance,21,count,4901.0,numeric,4901.0,numeric,nominal_AUD_per_count,calculated,nominal_AUD_per_count,calculated,185.839624566415,418.8910426443583,604.7306672107733,185.839624566415,418.8910426443583,604.7306672107733
2022-23,Other maintenance activity ,Transmission tower support structures,$,,,Powerlink 2022-23 - Category Analysis - RIN Response - Consolidated - 27 October 2023 - PUBLIC(15996094.1).xlsx,2.8 Maintenance,60,Powerlink,https://www.aer.gov.au/documents/powerlink-2022-23-category-analysis-rin-templates,https://www.aer.gov.au/authors/powerlink?page=12,validated_manifest_match,Other maintenance activity ,submitted,60,meaningful,True,other_maintenance_activity,Other maintenance activity,transmission_tower_support_structures,Transmission tower support structures,mapped,mapped,AUD,nominal,1.0,standardized_source_unit,,blank,,blank,,blank,matched_with_denominator,Powerlink 2022-23 - Category Analysis - RIN Response - Consolidated - 27 October 2023 - PUBLIC(15996094.1).xlsx,2.8 Maintenance,22,count,168191.0,numeric,1470.0,numeric,nominal_AUD_per_count,missing_numerators,nominal_AUD_per_count,missing_numerators,,,,,,
2022-23,,Corridor maintenance (non veg),$,6149.0,3346936.0,Powerlink 2022-23 - Category Analysis - RIN Response - Consolidated - 27 October 2023 - PUBLIC(15996094.1).xlsx,2.8 Maintenance,61,Powerlink,https://www.aer.gov.au/documents/powerlink-2022-23-category-analysis-rin-templates,https://www.aer.gov.au/authors/powerlink?page=12,validated_manifest_match,Other maintenance activity ,continued_group_label,60,meaningful,True,other_maintenance_activity,Other maintenance activity,corridor_maintenance_non_vegetation,Corridor maintenance (non-vegetation),mapped,mapped,AUD,nominal,1.0,standardized_source_unit,6149.0,numeric,3346936.0,numeric,3353085.0,numeric,matched_with_denominator,Powerlink 2022-23 - Category Analysis - RIN Response - Consolidated - 27 October 2023 - PUBLIC(15996094.1).xlsx,2.8 Maintenance,23,km,9645.0,numeric,2789.0,numeric,nominal_AUD_per_km,calculated,nominal_AUD_per_km,calculated,0.6375324002073613,347.0125453602903,347.65007776049765,2.204732879168161,1200.04876299749,1202.2534958766582
2023-24,Transmission lines maintenance,Transmission towers,$,4114442.461499992,4435768.91869999,Powerlink 2023-24 - Category Analysis - RIN Response - Consolidated - 28 October 2024 - PUBLIC(17452408.1).xlsx,2.8 Maintenance,51,Powerlink,https://www.aer.gov.au/documents/powerlink-2023-24-category-analysis-rin-templates,https://www.aer.gov.au/authors/powerlink?page=3,validated_manifest_match,Transmission lines maintenance,submitted,51,meaningful,True,transmission_lines_maintenance,Transmission lines maintenance,transmission_towers,Transmission towers,mapped,mapped,AUD,nominal,1.0,standardized_source_unit,4114442.461499992,numeric,4435768.91869999,numeric,8550211.380199982,numeric,matched_with_denominator,Powerlink 2023-24 - Category Analysis - RIN Response - Consolidated - 28 October 2024 - PUBLIC(17452408.1).xlsx,2.8 Maintenance,13,count,23626.0,numeric,23626.0,numeric,nominal_AUD_per_count,calculated,nominal_AUD_per_count,calculated,174.1489232836702,187.74946748074115,361.8983907644113,174.1489232836702,187.74946748074115,361.8983907644113
2023-24,Transmission lines maintenance,Transmission tower support structures,$,79674.74399999996,22351036.215200026,Powerlink 2023-24 - Category Analysis - RIN Response - Consolidated - 28 October 2024 - PUBLIC(17452408.1).xlsx,2.8 Maintenance,52,Powerlink,https://www.aer.gov.au/documents/powerlink-2023-24-category-analysis-rin-templates,https://www.aer.gov.au/authors/powerlink?page=3,validated_manifest_match,Transmission lines maintenance,submitted,52,meaningful,True,transmission_lines_maintenance,Transmission lines maintenance,transmission_tower_support_structures,Transmission tower support structures,mapped,mapped,AUD,nominal,1.0,standardized_source_unit,79674.74399999996,numeric,22351036.215200026,numeric,22430710.959200025,numeric,matched_with_denominator,Powerlink 2023-24 - Category Analysis - RIN Response - Consolidated - 28 October 2024 - PUBLIC(17452408.1).xlsx,2.8 Maintenance,14,count,23626.0,numeric,23626.0,numeric,nominal_AUD_per_count,calculated,nominal_AUD_per_count,calculated,3.3723331922458293,946.0355631592324,949.4078963514783,3.3723331922458293,946.0355631592324,949.4078963514783
2023-24,Transmission lines maintenance,Conductors,$,0.0,251540.57,Powerlink 2023-24 - Category Analysis - RIN Response - Consolidated - 28 October 2024 - PUBLIC(17452408.1).xlsx,2.8 Maintenance,53,Powerlink,https://www.aer.gov.au/documents/powerlink-2023-24-category-analysis-rin-templates,https://www.aer.gov.au/authors/powerlink?page=3,validated_manifest_match,Transmission lines maintenance,submitted,53,meaningful,True,transmission_lines_maintenance,Transmission lines maintenance,conductors,Conductors,mapped,mapped,AUD,nominal,1.0,standardized_source_unit,0.0,numeric,251540.57,numeric,251540.57,numeric,matched_with_denominator,Powerlink 2023-24 - Category Analysis - RIN Response - Consolidated - 28 October 2024 - PUBLIC(17452408.1).xlsx,2.8 Maintenance,15,km,9640.0,numeric,9640.0,numeric,nominal_AUD_per_km,calculated,nominal_AUD_per_km,calculated,0.0,26.09342012448133,26.09342012448133,0.0,26.09342012448133,26.09342012448133
2023-24,Transmission lines maintenance,Transmission cables,$,237941.61000000063,654330.8800000005,Powerlink 2023-24 - Category Analysis - RIN Response - Consolidated - 28 October 2024 - PUBLIC(17452408.1).xlsx,2.8 Maintenance,54,Powerlink,https://www.aer.gov.au/documents/powerlink-2023-24-category-analysis-rin-templates,https://www.aer.gov.au/authors/powerlink?page=3,validated_manifest_match,Transmission lines maintenance,submitted,54,meaningful,True,transmission_lines_maintenance,Transmission lines maintenance,transmission_cables,Transmission cables,mapped,mapped,AUD,nominal,1.0,standardized_source_unit,237941.61000000063,numeric,654330.8800000005,numeric,892272.4900000012,numeric,matched_with_denominator,Powerlink 2023-24 - Category Analysis - RIN Response - Consolidated - 28 October 2024 - PUBLIC(17452408.1).xlsx,2.8 Maintenance,16,km,20.24,numeric,20.24,numeric,nominal_AUD_per_km,calculated,nominal_AUD_per_km,calculated,11756.008399209519,32328.60079051386,44084.60918972338,11756.008399209519,32328.60079051386,44084.60918972338
2023-24,Substations equipment & property maintenance,Substation switchbays (incl. Reactive plant),$,7085515.795999972,18768856.200699843,Powerlink 2023-24 - Category Analysis - RIN Response - Consolidated - 28 October 2024 - PUBLIC(17452408.1).xlsx,2.8 Maintenance,55,Powerlink,https://www.aer.gov.au/documents/powerlink-2023-24-category-analysis-rin-templates,https://www.aer.gov.au/authors/powerlink?page=3,validated_manifest_match,Substations equipment & property maintenance,submitted,55,meaningful,True,substations_equipment_property_maintenance,Substations equipment & property maintenance,substation_switchbays,Substation switchbays (incl. Reactive plant),mapped,mapped,AUD,nominal,1.0,standardized_source_unit,7085515.795999972,numeric,18768856.200699843,numeric,25854371.996699817,numeric,matched_with_denominator,Powerlink 2023-24 - Category Analysis - RIN Response - Consolidated - 28 October 2024 - PUBLIC(17452408.1).xlsx,2.8 Maintenance,17,count,1493.0,numeric,1493.0,numeric,nominal_AUD_per_count,calculated,nominal_AUD_per_count,calculated,4745.824377762875,12571.236571131843,17317.06094889472,4745.824377762875,12571.236571131843,17317.06094889472
2023-24,Substations equipment & property maintenance,Substation power transformers,$,1442174.4496000016,5414100.97350001,Powerlink 2023-24 - Category Analysis - RIN Response - Consolidated - 28 October 2024 - PUBLIC(17452408.1).xlsx,2.8 Maintenance,56,Powerlink,https://www.aer.gov.au/documents/powerlink-2023-24-category-analysis-rin-templates,https://www.aer.gov.au/authors/powerlink?page=3,validated_manifest_match,Substations equipment & property maintenance,submitted,56,meaningful,True,substations_equipment_property_maintenance,Substations equipment & property maintenance,substation_power_transformers,Substation power transformers,mapped,mapped,AUD,nominal,1.0,standardized_source_unit,1442174.4496000016,numeric,5414100.97350001,numeric,6856275.423100011,numeric,matched_with_denominator,Powerlink 2023-24 - Category Analysis - RIN Response - Consolidated - 28 October 2024 - PUBLIC(17452408.1).xlsx,2.8 Maintenance,18,count,197.0,numeric,197.0,numeric,nominal_AUD_per_count,calculated,nominal_AUD_per_count,calculated,7320.682485279196,27482.746058375684,34803.42854365488,7320.682485279196,27482.746058375684,34803.42854365488
2023-24,Substations equipment & property maintenance,Substation property,$,2401594.0562000056,13231336.356500003,Powerlink 2023-24 - Category Analysis - RIN Response - Consolidated - 28 October 2024 - PUBLIC(17452408.1).xlsx,2.8 Maintenance,57,Powerlink,https://www.aer.gov.au/documents/powerlink-2023-24-category-analysis-rin-templates,https://www.aer.gov.au/authors/powerlink?page=3,validated_manifest_match,Substations equipment & property maintenance,submitted,57,meaningful,True,substations_equipment_property_maintenance,Substations equipment & property maintenance,substation_property,Substation property,mapped,mapped,AUD,nominal,1.0,standardized_source_unit,2401594.0562000056,numeric,13231336.356500003,numeric,15632930.412700009,numeric,matched_with_denominator,Powerlink 2023-24 - Category Analysis - RIN Response - Consolidated - 28 October 2024 - PUBLIC(17452408.1).xlsx,2.8 Maintenance,19,count,130.0,numeric,130.0,numeric,nominal_AUD_per_count,calculated,nominal_AUD_per_count,calculated,18473.800432307737,101779.51043461541,120253.31086692314,18473.800432307737,101779.51043461541,120253.31086692314
2023-24,SCADA & network control maintenance,SCADA & network control maintenance,$,2082777.090400001,6187779.07829998,Powerlink 2023-24 - Category Analysis - RIN Response - Consolidated - 28 October 2024 - PUBLIC(17452408.1).xlsx,2.8 Maintenance,58,Powerlink,https://www.aer.gov.au/documents/powerlink-2023-24-category-analysis-rin-templates,https://www.aer.gov.au/authors/powerlink?page=3,validated_manifest_match,SCADA & network control maintenance,submitted,58,meaningful,True,scada_network_control_maintenance,SCADA & network control maintenance,scada_network_control,SCADA & network control maintenance,mapped,mapped,AUD,nominal,1.0,standardized_source_unit,2082777.090400001,numeric,6187779.07829998,numeric,8270556.168699981,numeric,matched_with_denominator,Powerlink 2023-24 - Category Analysis - RIN Response - Consolidated - 28 October 2024 - PUBLIC(17452408.1).xlsx,2.8 Maintenance,20,count,6303.0,numeric,6303.0,numeric,nominal_AUD_per_count,calculated,nominal_AUD_per_count,calculated,330.44218473742677,981.7196697286973,1312.1618544661242,330.44218473742677,981.7196697286973,1312.1618544661242
2023-24,Protection systems maintenance,Protection systems maintenance,$,1039544.86,4336162.843799991,Powerlink 2023-24 - Category Analysis - RIN Response - Consolidated - 28 October 2024 - PUBLIC(17452408.1).xlsx,2.8 Maintenance,59,Powerlink,https://www.aer.gov.au/documents/powerlink-2023-24-category-analysis-rin-templates,https://www.aer.gov.au/authors/powerlink?page=3,validated_manifest_match,Protection systems maintenance,submitted,59,meaningful,True,protection_systems_maintenance,Protection systems maintenance,protection_systems,Protection systems maintenance,mapped,mapped,AUD,nominal,1.0,standardized_source_unit,1039544.86,numeric,4336162.843799991,numeric,5375707.703799991,numeric,matched_with_denominator,Powerlink 2023-24 - Category Analysis - RIN Response - Consolidated - 28 October 2024 - PUBLIC(17452408.1).xlsx,2.8 Maintenance,21,count,4879.0,numeric,4879.0,numeric,nominal_AUD_per_count,calculated,nominal_AUD_per_count,calculated,213.06514859602376,888.7400786636587,1101.8052272596824,213.06514859602376,888.7400786636587,1101.8052272596824
2023-24,Other maintenance activity ,Transmission Towers Support,$,,,Powerlink 2023-24 - Category Analysis - RIN Response - Consolidated - 28 October 2024 - PUBLIC(17452408.1).xlsx,2.8 Maintenance,60,Powerlink,https://www.aer.gov.au/documents/powerlink-2023-24-category-analysis-rin-templates,https://www.aer.gov.au/authors/powerlink?page=3,validated_manifest_match,Other maintenance activity ,submitted,60,meaningful,True,other_maintenance_activity,Other maintenance activity,transmission_tower_support_structures,Transmission tower support structures,mapped,mapped,AUD,nominal,1.0,standardized_source_unit,,blank,,blank,,blank,matched_with_denominator,Powerlink 2023-24 - Category Analysis - RIN Response - Consolidated - 28 October 2024 - PUBLIC(17452408.1).xlsx,2.8 Maintenance,22,count,168800.0,numeric,1489.0,numeric,nominal_AUD_per_count,missing_numerators,nominal_AUD_per_count,missing_numerators,,,,,,
2023-24,,Corridor Maintenance (Non-Veg),$,7676.85,3765969.496399998,Powerlink 2023-24 - Category Analysis - RIN Response - Consolidated - 28 October 2024 - PUBLIC(17452408.1).xlsx,2.8 Maintenance,61,Powerlink,https://www.aer.gov.au/documents/powerlink-2023-24-category-analysis-rin-templates,https://www.aer.gov.au/authors/powerlink?page=3,validated_manifest_match,Other maintenance activity ,continued_group_label,60,meaningful,True,other_maintenance_activity,Other maintenance activity,corridor_maintenance_non_vegetation,Corridor maintenance (non-vegetation),mapped,mapped,AUD,nominal,1.0,standardized_source_unit,7676.85,numeric,3765969.496399998,numeric,3773646.3463999983,numeric,matched_with_denominator,Powerlink 2023-24 - Category Analysis - RIN Response - Consolidated - 28 October 2024 - PUBLIC(17452408.1).xlsx,2.8 Maintenance,23,km,9648.0,numeric,3416.0,numeric,nominal_AUD_per_km,calculated,nominal_AUD_per_km,calculated,0.795693407960199,390.336805182421,391.13249859038126,2.2473214285714285,1102.4500867681493,1104.6974081967207
2018-19,Transmission lines maintenance,Transmission towers,$0's,3356928.96208788,9814196.73244444,Transgrid 2018-19 - Category Analysis - RIN Response - Consolidated - 31 October 2019 - PUBLIC D19-175594.XLSM.xlsx,2.8 Maintenance,50,Transgrid,https://www.aer.gov.au/documents/transgrid-2018-19-category-analysis-rin-templates,https://www.aer.gov.au/authors/transgrid-t?page=2,validated_manifest_match,Transmission lines maintenance,submitted,50,meaningful,True,transmission_lines_maintenance,Transmission lines maintenance,transmission_towers,Transmission towers,mapped,mapped,AUD,nominal,1.0,standardized_source_unit,3356928.96208788,numeric,9814196.73244444,numeric,13171125.69453232,numeric,matched_with_denominator,Transgrid 2018-19 - Category Analysis - RIN Response - Consolidated - 31 October 2019 - PUBLIC D19-175594.XLSM.xlsx,2.8 Maintenance,12,count,37276.0,numeric,7491.0,numeric,nominal_AUD_per_count,calculated,nominal_AUD_per_count,calculated,90.05604040368816,263.28459953976926,353.34063994345746,448.12828221704444,1310.1317223927965,1758.2600046098412
2018-19,Transmission lines maintenance,Transmission tower support structures,$0's,,,Transgrid 2018-19 - Category Analysis - RIN Response - Consolidated - 31 October 2019 - PUBLIC D19-175594.XLSM.xlsx,2.8 Maintenance,51,Transgrid,https://www.aer.gov.au/documents/transgrid-2018-19-category-analysis-rin-templates,https://www.aer.gov.au/authors/transgrid-t?page=2,validated_manifest_match,Transmission lines maintenance,submitted,51,meaningful,True,transmission_lines_maintenance,Transmission lines maintenance,transmission_tower_support_structures,Transmission tower support structures,mapped,mapped,AUD,nominal,1.0,standardized_source_unit,,blank,,blank,,blank,matched_without_denominator,Transgrid 2018-19 - Category Analysis - RIN Response - Consolidated - 31 October 2019 - PUBLIC D19-175594.XLSM.xlsx,2.8 Maintenance,13,count,,blank,,blank,,missing_denominator,,missing_denominator,,,,,,
2018-19,Transmission lines maintenance,Conductors,$0's,277910.239090828,403113.475856888,Transgrid 2018-19 - Category Analysis - RIN Response - Consolidated - 31 October 2019 - PUBLIC D19-175594.XLSM.xlsx,2.8 Maintenance,52,Transgrid,https://www.aer.gov.au/documents/transgrid-2018-19-category-analysis-rin-templates,https://www.aer.gov.au/authors/transgrid-t?page=2,validated_manifest_match,Transmission lines maintenance,submitted,52,meaningful,True,transmission_lines_maintenance,Transmission lines maintenance,conductors,Conductors,mapped,mapped,AUD,nominal,1.0,standardized_source_unit,277910.239090828,numeric,403113.475856888,numeric,681023.714947716,numeric,matched_with_denominator,Transgrid 2018-19 - Category Analysis - RIN Response - Consolidated - 31 October 2019 - PUBLIC D19-175594.XLSM.xlsx,2.8 Maintenance,14,km,11258.806083333331,numeric,6285.280250000001,numeric,nominal_AUD_per_km,calculated,nominal_AUD_per_km,calculated,24.68381079075737,35.80428269864476,60.48809348940213,44.21604575083632,64.13611801269927,108.35216376353559
2018-19,Transmission lines maintenance,Transmission cables,$0's,596604.124865623,590501.571100314,Transgrid 2018-19 - Category Analysis - RIN Response - Consolidated - 31 October 2019 - PUBLIC D19-175594.XLSM.xlsx,2.8 Maintenance,53,Transgrid,https://www.aer.gov.au/documents/transgrid-2018-19-category-analysis-rin-templates,https://www.aer.gov.au/authors/transgrid-t?page=2,validated_manifest_match,Transmission lines maintenance,submitted,53,meaningful,True,transmission_lines_maintenance,Transmission lines maintenance,transmission_cables,Transmission cables,mapped,mapped,AUD,nominal,1.0,standardized_source_unit,596604.124865623,numeric,590501.571100314,numeric,1187105.6959659369,numeric,matched_with_denominator,Transgrid 2018-19 - Category Analysis - RIN Response - Consolidated - 31 October 2019 - PUBLIC D19-175594.XLSM.xlsx,2.8 Maintenance,15,km,70.01499999999999,numeric,66.39799999999998,numeric,nominal_AUD_per_km,calculated,nominal_AUD_per_km,calculated,8521.090121625695,8433.929459406043,16955.01958103174,8985.272521244964,8893.363822710235,17878.636343955197
2018-19,Substations equipment & property maintenance,Substation switchbays (incl. Reactive plant),$0's,2291589.81497789,3106949.03509366,Transgrid 2018-19 - Category Analysis - RIN Response - Consolidated - 31 October 2019 - PUBLIC D19-175594.XLSM.xlsx,2.8 Maintenance,54,Transgrid,https://www.aer.gov.au/documents/transgrid-2018-19-category-analysis-rin-templates,https://www.aer.gov.au/authors/transgrid-t?page=2,validated_manifest_match,Substations equipment & property maintenance,submitted,54,meaningful,True,substations_equipment_property_maintenance,Substations equipment & property maintenance,substation_switchbays,Substation switchbays (incl. Reactive plant),mapped,mapped,AUD,nominal,1.0,standardized_source_unit,2291589.81497789,numeric,3106949.03509366,numeric,5398538.850071549,numeric,matched_with_denominator,Transgrid 2018-19 - Category Analysis - RIN Response - Consolidated - 31 October 2019 - PUBLIC D19-175594.XLSM.xlsx,2.8 Maintenance,16,count,2273.0,numeric,672.0,numeric,nominal_AUD_per_count,calculated,nominal_AUD_per_count,calculated,1008.1785371658117,1366.8935482154245,2375.072085381236,3410.103891336146,4623.436064127471,8033.539955463615
2018-19,Substations equipment & property maintenance,Substation power transformers,$0's,1355585.08240546,729491.981192129,Transgrid 2018-19 - Category Analysis - RIN Response - Consolidated - 31 October 2019 - PUBLIC D19-175594.XLSM.xlsx,2.8 Maintenance,55,Transgrid,https://www.aer.gov.au/documents/transgrid-2018-19-category-analysis-rin-templates,https://www.aer.gov.au/authors/transgrid-t?page=2,validated_manifest_match,Substations equipment & property maintenance,submitted,55,meaningful,True,substations_equipment_property_maintenance,Substations equipment & property maintenance,substation_power_transformers,Substation power transformers,mapped,mapped,AUD,nominal,1.0,standardized_source_unit,1355585.08240546,numeric,729491.981192129,numeric,2085077.063597589,numeric,matched_with_denominator,Transgrid 2018-19 - Category Analysis - RIN Response - Consolidated - 31 October 2019 - PUBLIC D19-175594.XLSM.xlsx,2.8 Maintenance,17,count,218.0,numeric,210.0,numeric,nominal_AUD_per_count,calculated,nominal_AUD_per_count,calculated,6218.280194520459,3346.293491707014,9564.573686227473,6455.167059073619,3473.771339010138,9928.938398083757
2018-19,Substations equipment & property maintenance,Substation property,$0's,2411056.21325687,6445688.08106201,Transgrid 2018-19 - Category Analysis - RIN Response - Consolidated - 31 October 2019 - PUBLIC D19-175594.XLSM.xlsx,2.8 Maintenance,56,Transgrid,https://www.aer.gov.au/documents/transgrid-2018-19-category-analysis-rin-templates,https://www.aer.gov.au/authors/transgrid-t?page=2,validated_manifest_match,Substations equipment & property maintenance,submitted,56,meaningful,True,substations_equipment_property_maintenance,Substations equipment & property maintenance,substation_property,Substation property,mapped,mapped,AUD,nominal,1.0,standardized_source_unit,2411056.21325687,numeric,6445688.08106201,numeric,8856744.294318879,numeric,matched_with_denominator,Transgrid 2018-19 - Category Analysis - RIN Response - Consolidated - 31 October 2019 - PUBLIC D19-175594.XLSM.xlsx,2.8 Maintenance,18,count,94.0,numeric,94.0,numeric,nominal_AUD_per_count,calculated,nominal_AUD_per_count,calculated,25649.534183583724,68571.14979853202,94220.68398211573,25649.534183583724,68571.14979853202,94220.68398211573
2018-19,SCADA & network control maintenance,SCADA & network control maintenance,$0's,56625.8462591599,354612.262380175,Transgrid 2018-19 - Category Analysis - RIN Response - Consolidated - 31 October 2019 - PUBLIC D19-175594.XLSM.xlsx,2.8 Maintenance,57,Transgrid,https://www.aer.gov.au/documents/transgrid-2018-19-category-analysis-rin-templates,https://www.aer.gov.au/authors/transgrid-t?page=2,validated_manifest_match,SCADA & network control maintenance,submitted,57,meaningful,True,scada_network_control_maintenance,SCADA & network control maintenance,scada_network_control,SCADA & network control maintenance,mapped,mapped,AUD,nominal,1.0,standardized_source_unit,56625.8462591599,numeric,354612.262380175,numeric,411238.1086393349,numeric,matched_with_denominator,Transgrid 2018-19 - Category Analysis - RIN Response - Consolidated - 31 October 2019 - PUBLIC D19-175594.XLSM.xlsx,2.8 Maintenance,19,count,1887.0,numeric,160.0,numeric,nominal_AUD_per_count,calculated,nominal_AUD_per_count,calculated,30.00839759361945,187.9238274404743,217.93222503409376,353.91153911974936,2216.326639876094,2570.238178995843
2018-19,Protection systems maintenance,Protection systems maintenance,$0's,633403.975845889,1009507.43181769,Transgrid 2018-19 - Category Analysis - RIN Response - Consolidated - 31 October 2019 - PUBLIC D19-175594.XLSM.xlsx,2.8 Maintenance,58,Transgrid,https://www.aer.gov.au/documents/transgrid-2018-19-category-analysis-rin-templates,https://www.aer.gov.au/authors/transgrid-t?page=2,validated_manifest_match,Protection systems maintenance,submitted,58,meaningful,True,protection_systems_maintenance,Protection systems maintenance,protection_systems,Protection systems maintenance,mapped,mapped,AUD,nominal,1.0,standardized_source_unit,633403.975845889,numeric,1009507.43181769,numeric,1642911.407663579,numeric,matched_with_denominator,Transgrid 2018-19 - Category Analysis - RIN Response - Consolidated - 31 October 2019 - PUBLIC D19-175594.XLSM.xlsx,2.8 Maintenance,20,count,3125.0,numeric,1251.0,numeric,nominal_AUD_per_count,calculated,nominal_AUD_per_count,calculated,202.68927227068446,323.0423781816608,525.7316504523453,506.31812617577054,806.96037715243,1313.2785033282007
2018-19,Other maintenance activity ,Metering,$0's,546802.826051476,250935.188744235,Transgrid 2018-19 - Category Analysis - RIN Response - Consolidated - 31 October 2019 - PUBLIC D19-175594.XLSM.xlsx,2.8 Maintenance,59,Transgrid,https://www.aer.gov.au/documents/transgrid-2018-19-category-analysis-rin-templates,https://www.aer.gov.au/authors/transgrid-t?page=2,validated_manifest_match,Other maintenance activity ,submitted,59,meaningful,True,other_maintenance_activity,Other maintenance activity,metering,Metering,mapped,mapped,AUD,nominal,1.0,standardized_source_unit,546802.826051476,numeric,250935.188744235,numeric,797738.0147957109,numeric,matched_with_denominator,Transgrid 2018-19 - Category Analysis - RIN Response - Consolidated - 31 October 2019 - PUBLIC D19-175594.XLSM.xlsx,2.8 Maintenance,21,count,828.0,numeric,318.0,numeric,nominal_AUD_per_count,calculated,nominal_AUD_per_count,calculated,660.389886535599,303.0618221548732,963.4517086904722,1719.5057423002388,789.1043671202358,2508.6101094204746
2018-19,,Communications,$0's,422078.79481913,3215328.28629985,Transgrid 2018-19 - Category Analysis - RIN Response - Consolidated - 31 October 2019 - PUBLIC D19-175594.XLSM.xlsx,2.8 Maintenance,60,Transgrid,https://www.aer.gov.au/documents/transgrid-2018-19-category-analysis-rin-templates,https://www.aer.gov.au/authors/transgrid-t?page=2,validated_manifest_match,Other maintenance activity ,continued_group_label,59,meaningful,True,other_maintenance_activity,Other maintenance activity,communications,Communications,mapped,mapped,AUD,nominal,1.0,standardized_source_unit,422078.79481913,numeric,3215328.28629985,numeric,3637407.08111898,numeric,matched_with_denominator,Transgrid 2018-19 - Category Analysis - RIN Response - Consolidated - 31 October 2019 - PUBLIC D19-175594.XLSM.xlsx,2.8 Maintenance,22,count,1806.0,numeric,1257.0,numeric,nominal_AUD_per_count,calculated,nominal_AUD_per_count,calculated,233.7091887149114,1780.3589625137597,2014.068151228671,335.78265299851233,2557.9381752584327,2893.720828256945
2019-20,Transmission lines maintenance,Transmission towers,$0's,7822629.0,5742999.0,"TransGrid 2019-20 - Category Analysis - RIN Response - Consolidated - 30 October 2020 - PUBLIC (#11,665,158).xlsx",2.8 Maintenance,50,Transgrid,https://www.aer.gov.au/documents/transgrid-2019-20-category-analysis-rin-templates,https://www.aer.gov.au/authors/transgrid-t?page=3,validated_manifest_match,Transmission lines maintenance,submitted,50,meaningful,True,transmission_lines_maintenance,Transmission lines maintenance,transmission_towers,Transmission towers,mapped,mapped,AUD,nominal,1.0,standardized_source_unit,7822629.0,numeric,5742999.0,numeric,13565628.0,numeric,matched_with_denominator,"TransGrid 2019-20 - Category Analysis - RIN Response - Consolidated - 30 October 2020 - PUBLIC (#11,665,158).xlsx",2.8 Maintenance,12,count,37282.0,numeric,13784.0,numeric,nominal_AUD_per_count,calculated,nominal_AUD_per_count,calculated,209.82321227401962,154.04213829730165,363.8653505713213,567.5151625072548,416.6424114915844,984.1575739988392
2019-20,Transmission lines maintenance,Transmission tower support structures,$0's,,,"TransGrid 2019-20 - Category Analysis - RIN Response - Consolidated - 30 October 2020 - PUBLIC (#11,665,158).xlsx",2.8 Maintenance,51,Transgrid,https://www.aer.gov.au/documents/transgrid-2019-20-category-analysis-rin-templates,https://www.aer.gov.au/authors/transgrid-t?page=3,validated_manifest_match,Transmission lines maintenance,submitted,51,meaningful,True,transmission_lines_maintenance,Transmission lines maintenance,transmission_tower_support_structures,Transmission tower support structures,mapped,mapped,AUD,nominal,1.0,standardized_source_unit,,blank,,blank,,blank,matched_without_denominator,"TransGrid 2019-20 - Category Analysis - RIN Response - Consolidated - 30 October 2020 - PUBLIC (#11,665,158).xlsx",2.8 Maintenance,13,count,,blank,,blank,,missing_denominator,,missing_denominator,,,,,,
2019-20,Transmission lines maintenance,Conductors,$0's,256886.0,442186.0,"TransGrid 2019-20 - Category Analysis - RIN Response - Consolidated - 30 October 2020 - PUBLIC (#11,665,158).xlsx",2.8 Maintenance,52,Transgrid,https://www.aer.gov.au/documents/transgrid-2019-20-category-analysis-rin-templates,https://www.aer.gov.au/authors/transgrid-t?page=3,validated_manifest_match,Transmission lines maintenance,submitted,52,meaningful,True,transmission_lines_maintenance,Transmission lines maintenance,conductors,Conductors,mapped,mapped,AUD,nominal,1.0,standardized_source_unit,256886.0,numeric,442186.0,numeric,699072.0,numeric,matched_with_denominator,"TransGrid 2019-20 - Category Analysis - RIN Response - Consolidated - 30 October 2020 - PUBLIC (#11,665,158).xlsx",2.8 Maintenance,14,km,11262.39089,numeric,2050.748667,numeric,nominal_AUD_per_km,calculated,nominal_AUD_per_km,calculated,22.809188786733717,39.2621783703691,62.07136715710282,125.26449688044586,215.62174200842722,340.8862388888731
2019-20,Transmission lines maintenance,Transmission cables,$0's,700597.0,349755.0,"TransGrid 2019-20 - Category Analysis - RIN Response - Consolidated - 30 October 2020 - PUBLIC (#11,665,158).xlsx",2.8 Maintenance,53,Transgrid,https://www.aer.gov.au/documents/transgrid-2019-20-category-analysis-rin-templates,https://www.aer.gov.au/authors/transgrid-t?page=3,validated_manifest_match,Transmission lines maintenance,submitted,53,meaningful,True,transmission_lines_maintenance,Transmission lines maintenance,transmission_cables,Transmission cables,mapped,mapped,AUD,nominal,1.0,standardized_source_unit,700597.0,numeric,349755.0,numeric,1050352.0,numeric,matched_with_denominator,"TransGrid 2019-20 - Category Analysis - RIN Response - Consolidated - 30 October 2020 - PUBLIC (#11,665,158).xlsx",2.8 Maintenance,15,km,70.165,numeric,70.165,numeric,nominal_AUD_per_km,calculated,nominal_AUD_per_km,calculated,9984.992517636998,4984.75023159695,14969.742749233947,9984.992517636998,4984.75023159695,14969.742749233947
2019-20,Substations equipment & property maintenance,Substation switchbays (incl. Reactive plant),$0's,2141113.0,2375999.0399311,"TransGrid 2019-20 - Category Analysis - RIN Response - Consolidated - 30 October 2020 - PUBLIC (#11,665,158).xlsx",2.8 Maintenance,54,Transgrid,https://www.aer.gov.au/documents/transgrid-2019-20-category-analysis-rin-templates,https://www.aer.gov.au/authors/transgrid-t?page=3,validated_manifest_match,Substations equipment & property maintenance,submitted,54,meaningful,True,substations_equipment_property_maintenance,Substations equipment & property maintenance,substation_switchbays,Substation switchbays (incl. Reactive plant),mapped,mapped,AUD,nominal,1.0,standardized_source_unit,2141113.0,numeric,2375999.0399311,numeric,4517112.0399311,numeric,matched_with_denominator,"TransGrid 2019-20 - Category Analysis - RIN Response - Consolidated - 30 October 2020 - PUBLIC (#11,665,158).xlsx",2.8 Maintenance,16,count,2276.0,numeric,608.0,numeric,nominal_AUD_per_count,calculated,nominal_AUD_per_count,calculated,940.7350615114235,1043.9363092843146,1984.671370795738,3521.5674342105262,3907.893157781414,7429.46059199194
2019-20,Substations equipment & property maintenance,Substation power transformers,$0's,810521.0,517455.0,"TransGrid 2019-20 - Category Analysis - RIN Response - Consolidated - 30 October 2020 - PUBLIC (#11,665,158).xlsx",2.8 Maintenance,55,Transgrid,https://www.aer.gov.au/documents/transgrid-2019-20-category-analysis-rin-templates,https://www.aer.gov.au/authors/transgrid-t?page=3,validated_manifest_match,Substations equipment & property maintenance,submitted,55,meaningful,True,substations_equipment_property_maintenance,Substations equipment & property maintenance,substation_power_transformers,Substation power transformers,mapped,mapped,AUD,nominal,1.0,standardized_source_unit,810521.0,numeric,517455.0,numeric,1327976.0,numeric,matched_with_denominator,"TransGrid 2019-20 - Category Analysis - RIN Response - Consolidated - 30 October 2020 - PUBLIC (#11,665,158).xlsx",2.8 Maintenance,17,count,218.0,numeric,210.0,numeric,nominal_AUD_per_count,calculated,nominal_AUD_per_count,calculated,3717.9862385321103,2373.646788990826,6091.633027522936,3859.6238095238095,2464.0714285714284,6323.695238095238
2019-20,Substations equipment & property maintenance,Substation property,$0's,3251541.0,8476088.0,"TransGrid 2019-20 - Category Analysis - RIN Response - Consolidated - 30 October 2020 - PUBLIC (#11,665,158).xlsx",2.8 Maintenance,56,Transgrid,https://www.aer.gov.au/documents/transgrid-2019-20-category-analysis-rin-templates,https://www.aer.gov.au/authors/transgrid-t?page=3,validated_manifest_match,Substations equipment & property maintenance,submitted,56,meaningful,True,substations_equipment_property_maintenance,Substations equipment & property maintenance,substation_property,Substation property,mapped,mapped,AUD,nominal,1.0,standardized_source_unit,3251541.0,numeric,8476088.0,numeric,11727629.0,numeric,matched_with_denominator,"TransGrid 2019-20 - Category Analysis - RIN Response - Consolidated - 30 October 2020 - PUBLIC (#11,665,158).xlsx",2.8 Maintenance,18,count,94.0,numeric,94.0,numeric,nominal_AUD_per_count,calculated,nominal_AUD_per_count,calculated,34590.86170212766,90171.14893617021,124762.01063829787,34590.86170212766,90171.14893617021,124762.01063829787
2019-20,SCADA & network control maintenance,SCADA & network control maintenance,$0's,62913.0,662521.0,"TransGrid 2019-20 - Category Analysis - RIN Response - Consolidated - 30 October 2020 - PUBLIC (#11,665,158).xlsx",2.8 Maintenance,57,Transgrid,https://www.aer.gov.au/documents/transgrid-2019-20-category-analysis-rin-templates,https://www.aer.gov.au/authors/transgrid-t?page=3,validated_manifest_match,SCADA & network control maintenance,submitted,57,meaningful,True,scada_network_control_maintenance,SCADA & network control maintenance,scada_network_control,SCADA & network control maintenance,mapped,mapped,AUD,nominal,1.0,standardized_source_unit,62913.0,numeric,662521.0,numeric,725434.0,numeric,matched_with_denominator,"TransGrid 2019-20 - Category Analysis - RIN Response - Consolidated - 30 October 2020 - PUBLIC (#11,665,158).xlsx",2.8 Maintenance,19,count,1894.0,numeric,167.0,numeric,nominal_AUD_per_count,calculated,nominal_AUD_per_count,calculated,33.21700105596621,349.7998944033791,383.0168954593453,376.7245508982036,3967.191616766467,4343.916167664671
2019-20,Protection systems maintenance,Protection systems maintenance,$0's,474680.0,617568.0,"TransGrid 2019-20 - Category Analysis - RIN Response - Consolidated - 30 October 2020 - PUBLIC (#11,665,158).xlsx",2.8 Maintenance,58,Transgrid,https://www.aer.gov.au/documents/transgrid-2019-20-category-analysis-rin-templates,https://www.aer.gov.au/authors/transgrid-t?page=3,validated_manifest_match,Protection systems maintenance,submitted,58,meaningful,True,protection_systems_maintenance,Protection systems maintenance,protection_systems,Protection systems maintenance,mapped,mapped,AUD,nominal,1.0,standardized_source_unit,474680.0,numeric,617568.0,numeric,1092248.0,numeric,matched_with_denominator,"TransGrid 2019-20 - Category Analysis - RIN Response - Consolidated - 30 October 2020 - PUBLIC (#11,665,158).xlsx",2.8 Maintenance,20,count,3148.0,numeric,778.0,numeric,nominal_AUD_per_count,calculated,nominal_AUD_per_count,calculated,150.78780177890724,196.1778907242694,346.9656925031766,610.1285347043702,793.7892030848329,1403.917737789203
2019-20,Other maintenance activity ,Metering,$0's,496996.0,236808.0,"TransGrid 2019-20 - Category Analysis - RIN Response - Consolidated - 30 October 2020 - PUBLIC (#11,665,158).xlsx",2.8 Maintenance,59,Transgrid,https://www.aer.gov.au/documents/transgrid-2019-20-category-analysis-rin-templates,https://www.aer.gov.au/authors/transgrid-t?page=3,validated_manifest_match,Other maintenance activity ,submitted,59,meaningful,True,other_maintenance_activity,Other maintenance activity,metering,Metering,mapped,mapped,AUD,nominal,1.0,standardized_source_unit,496996.0,numeric,236808.0,numeric,733804.0,numeric,no_descriptor_match,,,,,,,,,,no_descriptor_match,,no_descriptor_match,,,,,,
2019-20,,Communications,$0's,510652.0,2725499.0,"TransGrid 2019-20 - Category Analysis - RIN Response - Consolidated - 30 October 2020 - PUBLIC (#11,665,158).xlsx",2.8 Maintenance,60,Transgrid,https://www.aer.gov.au/documents/transgrid-2019-20-category-analysis-rin-templates,https://www.aer.gov.au/authors/transgrid-t?page=3,validated_manifest_match,Other maintenance activity ,continued_group_label,59,meaningful,True,other_maintenance_activity,Other maintenance activity,communications,Communications,mapped,mapped,AUD,nominal,1.0,standardized_source_unit,510652.0,numeric,2725499.0,numeric,3236151.0,numeric,matched_with_denominator,"TransGrid 2019-20 - Category Analysis - RIN Response - Consolidated - 30 October 2020 - PUBLIC (#11,665,158).xlsx",2.8 Maintenance,22,count,1765.0,numeric,1035.0,numeric,nominal_AUD_per_count,calculated,nominal_AUD_per_count,calculated,289.3212464589235,1544.1920679886687,1833.5133144475922,493.38357487922707,2633.3323671497583,3126.7159420289854
2019-20,,Bushfire Remediation,$0's,,8302044.0,"TransGrid 2019-20 - Category Analysis - RIN Response - Consolidated - 30 October 2020 - PUBLIC (#11,665,158).xlsx",2.8 Maintenance,61,Transgrid,https://www.aer.gov.au/documents/transgrid-2019-20-category-analysis-rin-templates,https://www.aer.gov.au/authors/transgrid-t?page=3,validated_manifest_match,Other maintenance activity ,continued_group_label,59,meaningful,True,other_maintenance_activity,Other maintenance activity,bushfire_remediation,Bushfire Remediation,mapped,mapped,AUD,nominal,1.0,standardized_source_unit,,blank,8302044.0,numeric,,incomplete_components,no_descriptor_match,,,,,,,,,,no_descriptor_match,,no_descriptor_match,,,,,,
2020-21,Transmission lines maintenance,Transmission towers,$0's,5169028.0,5912289.0,TransGrid 2020-21 - Category Analysis - RIN Response - Consolidated - 29 October 2021 - PUBLIC(13029988.1).xlsx,2.8 Maintenance,50,Transgrid,https://www.aer.gov.au/documents/transgrid-2020-21-category-analysis-rin-templates,https://www.aer.gov.au/authors/transgrid-t,validated_manifest_match,Transmission lines maintenance,submitted,50,meaningful,True,transmission_lines_maintenance,Transmission lines maintenance,transmission_towers,Transmission towers,mapped,mapped,AUD,nominal,1.0,standardized_source_unit,5169028.0,numeric,5912289.0,numeric,11081317.0,numeric,matched_with_denominator,TransGrid 2020-21 - Category Analysis - RIN Response - Consolidated - 29 October 2021 - PUBLIC(13029988.1).xlsx,2.8 Maintenance,12,count,37305.0,numeric,8340.0,numeric,nominal_AUD_per_count,calculated,nominal_AUD_per_count,calculated,138.56126524594558,158.48516284680338,297.04642809274895,619.7875299760192,708.9075539568345,1328.6950839328538
2020-21,Transmission lines maintenance,Transmission tower support structures,$0's,0.0,0.0,TransGrid 2020-21 - Category Analysis - RIN Response - Consolidated - 29 October 2021 - PUBLIC(13029988.1).xlsx,2.8 Maintenance,51,Transgrid,https://www.aer.gov.au/documents/transgrid-2020-21-category-analysis-rin-templates,https://www.aer.gov.au/authors/transgrid-t,validated_manifest_match,Transmission lines maintenance,submitted,51,meaningful,True,transmission_lines_maintenance,Transmission lines maintenance,transmission_tower_support_structures,Transmission tower support structures,mapped,mapped,AUD,nominal,1.0,standardized_source_unit,0.0,numeric,0.0,numeric,0.0,numeric,matched_without_denominator,TransGrid 2020-21 - Category Analysis - RIN Response - Consolidated - 29 October 2021 - PUBLIC(13029988.1).xlsx,2.8 Maintenance,13,count,,blank,,blank,,missing_denominator,,missing_denominator,,,,,,
2020-21,Transmission lines maintenance,Conductors,$0's,505044.0,465658.0,TransGrid 2020-21 - Category Analysis - RIN Response - Consolidated - 29 October 2021 - PUBLIC(13029988.1).xlsx,2.8 Maintenance,52,Transgrid,https://www.aer.gov.au/documents/transgrid-2020-21-category-analysis-rin-templates,https://www.aer.gov.au/authors/transgrid-t,validated_manifest_match,Transmission lines maintenance,submitted,52,meaningful,True,transmission_lines_maintenance,Transmission lines maintenance,conductors,Conductors,mapped,mapped,AUD,nominal,1.0,standardized_source_unit,505044.0,numeric,465658.0,numeric,970702.0,numeric,matched_with_denominator,TransGrid 2020-21 - Category Analysis - RIN Response - Consolidated - 29 October 2021 - PUBLIC(13029988.1).xlsx,2.8 Maintenance,14,km,11241.0,numeric,9085.0,numeric,nominal_AUD_per_km,calculated,nominal_AUD_per_km,calculated,44.92874299439551,41.4249621919758,86.35370518637131,55.59097413318657,51.255696202531645,106.84667033571822
2020-21,Transmission lines maintenance,Transmission cables,$0's,601551.0,351328.0,TransGrid 2020-21 - Category Analysis - RIN Response - Consolidated - 29 October 2021 - PUBLIC(13029988.1).xlsx,2.8 Maintenance,53,Transgrid,https://www.aer.gov.au/documents/transgrid-2020-21-category-analysis-rin-templates,https://www.aer.gov.au/authors/transgrid-t,validated_manifest_match,Transmission lines maintenance,submitted,53,meaningful,True,transmission_lines_maintenance,Transmission lines maintenance,transmission_cables,Transmission cables,mapped,mapped,AUD,nominal,1.0,standardized_source_unit,601551.0,numeric,351328.0,numeric,952879.0,numeric,matched_with_denominator,TransGrid 2020-21 - Category Analysis - RIN Response - Consolidated - 29 October 2021 - PUBLIC(13029988.1).xlsx,2.8 Maintenance,15,km,70.165,numeric,70.165,numeric,nominal_AUD_per_km,calculated,nominal_AUD_per_km,calculated,8573.377039834675,5007.1688163614335,13580.545856196108,8573.377039834675,5007.1688163614335,13580.545856196108
2020-21,Substations equipment & property maintenance,Substation switchbays (incl. Reactive plant),$0's,2102979.0,2746524.0,TransGrid 2020-21 - Category Analysis - RIN Response - Consolidated - 29 October 2021 - PUBLIC(13029988.1).xlsx,2.8 Maintenance,54,Transgrid,https://www.aer.gov.au/documents/transgrid-2020-21-category-analysis-rin-templates,https://www.aer.gov.au/authors/transgrid-t,validated_manifest_match,Substations equipment & property maintenance,submitted,54,meaningful,True,substations_equipment_property_maintenance,Substations equipment & property maintenance,substation_switchbays,Substation switchbays (incl. Reactive plant),mapped,mapped,AUD,nominal,1.0,standardized_source_unit,2102979.0,numeric,2746524.0,numeric,4849503.0,numeric,matched_with_denominator,TransGrid 2020-21 - Category Analysis - RIN Response - Consolidated - 29 October 2021 - PUBLIC(13029988.1).xlsx,2.8 Maintenance,16,count,2282.0,numeric,581.0,numeric,nominal_AUD_per_count,calculated,nominal_AUD_per_count,calculated,921.5508326029799,1203.5600350569675,2125.1108676599474,3619.5851979345957,4727.235800344234,8346.82099827883
2020-21,Substations equipment & property maintenance,Substation power transformers,$0's,1146164.0,606471.0,TransGrid 2020-21 - Category Analysis - RIN Response - Consolidated - 29 October 2021 - PUBLIC(13029988.1).xlsx,2.8 Maintenance,55,Transgrid,https://www.aer.gov.au/documents/transgrid-2020-21-category-analysis-rin-templates,https://www.aer.gov.au/authors/transgrid-t,validated_manifest_match,Substations equipment & property maintenance,submitted,55,meaningful,True,substations_equipment_property_maintenance,Substations equipment & property maintenance,substation_power_transformers,Substation power transformers,mapped,mapped,AUD,nominal,1.0,standardized_source_unit,1146164.0,numeric,606471.0,numeric,1752635.0,numeric,matched_with_denominator,TransGrid 2020-21 - Category Analysis - RIN Response - Consolidated - 29 October 2021 - PUBLIC(13029988.1).xlsx,2.8 Maintenance,17,count,215.0,numeric,195.0,numeric,nominal_AUD_per_count,calculated,nominal_AUD_per_count,calculated,5330.995348837209,2820.795348837209,8151.790697674419,5877.764102564102,3110.107692307692,8987.871794871795
2020-21,Substations equipment & property maintenance,Substation property,$0's,5218591.0,5672945.0,TransGrid 2020-21 - Category Analysis - RIN Response - Consolidated - 29 October 2021 - PUBLIC(13029988.1).xlsx,2.8 Maintenance,56,Transgrid,https://www.aer.gov.au/documents/transgrid-2020-21-category-analysis-rin-templates,https://www.aer.gov.au/authors/transgrid-t,validated_manifest_match,Substations equipment & property maintenance,submitted,56,meaningful,True,substations_equipment_property_maintenance,Substations equipment & property maintenance,substation_property,Substation property,mapped,mapped,AUD,nominal,1.0,standardized_source_unit,5218591.0,numeric,5672945.0,numeric,10891536.0,numeric,matched_with_denominator,TransGrid 2020-21 - Category Analysis - RIN Response - Consolidated - 29 October 2021 - PUBLIC(13029988.1).xlsx,2.8 Maintenance,18,count,95.0,numeric,94.0,numeric,nominal_AUD_per_count,calculated,nominal_AUD_per_count,calculated,54932.53684210526,59715.21052631579,114647.74736842106,55516.925531914894,60350.47872340425,115867.40425531915
2020-21,SCADA & network control maintenance,SCADA & network control maintenance,$0's,45777.0,567934.0,TransGrid 2020-21 - Category Analysis - RIN Response - Consolidated - 29 October 2021 - PUBLIC(13029988.1).xlsx,2.8 Maintenance,57,Transgrid,https://www.aer.gov.au/documents/transgrid-2020-21-category-analysis-rin-templates,https://www.aer.gov.au/authors/transgrid-t,validated_manifest_match,SCADA & network control maintenance,submitted,57,meaningful,True,scada_network_control_maintenance,SCADA & network control maintenance,scada_network_control,SCADA & network control maintenance,mapped,mapped,AUD,nominal,1.0,standardized_source_unit,45777.0,numeric,567934.0,numeric,613711.0,numeric,matched_with_denominator,TransGrid 2020-21 - Category Analysis - RIN Response - Consolidated - 29 October 2021 - PUBLIC(13029988.1).xlsx,2.8 Maintenance,19,count,1875.0,numeric,161.0,numeric,nominal_AUD_per_count,calculated,nominal_AUD_per_count,calculated,24.4144,302.8981333333333,327.3125333333333,284.32919254658384,3527.5403726708073,3811.8695652173915
2020-21,Protection systems maintenance,Protection systems maintenance,$0's,533046.0,520189.0,TransGrid 2020-21 - Category Analysis - RIN Response - Consolidated - 29 October 2021 - PUBLIC(13029988.1).xlsx,2.8 Maintenance,58,Transgrid,https://www.aer.gov.au/documents/transgrid-2020-21-category-analysis-rin-templates,https://www.aer.gov.au/authors/transgrid-t,validated_manifest_match,Protection systems maintenance,submitted,58,meaningful,True,protection_systems_maintenance,Protection systems maintenance,protection_systems,Protection systems maintenance,mapped,mapped,AUD,nominal,1.0,standardized_source_unit,533046.0,numeric,520189.0,numeric,1053235.0,numeric,matched_with_denominator,TransGrid 2020-21 - Category Analysis - RIN Response - Consolidated - 29 October 2021 - PUBLIC(13029988.1).xlsx,2.8 Maintenance,20,count,3158.0,numeric,640.0,numeric,nominal_AUD_per_count,calculated,nominal_AUD_per_count,calculated,168.7922735908803,164.72102596580115,333.51329955668143,832.884375,812.7953125,1645.6796875
2020-21,Other maintenance activity ,Metering,$0's,300237.0,198491.0,TransGrid 2020-21 - Category Analysis - RIN Response - Consolidated - 29 October 2021 - PUBLIC(13029988.1).xlsx,2.8 Maintenance,59,Transgrid,https://www.aer.gov.au/documents/transgrid-2020-21-category-analysis-rin-templates,https://www.aer.gov.au/authors/transgrid-t,validated_manifest_match,Other maintenance activity ,submitted,59,meaningful,True,other_maintenance_activity,Other maintenance activity,metering,Metering,mapped,mapped,AUD,nominal,1.0,standardized_source_unit,300237.0,numeric,198491.0,numeric,498728.0,numeric,no_descriptor_match,,,,,,,,,,no_descriptor_match,,no_descriptor_match,,,,,,
2020-21,,Communications,$0's,378559.0,2053836.0,TransGrid 2020-21 - Category Analysis - RIN Response - Consolidated - 29 October 2021 - PUBLIC(13029988.1).xlsx,2.8 Maintenance,60,Transgrid,https://www.aer.gov.au/documents/transgrid-2020-21-category-analysis-rin-templates,https://www.aer.gov.au/authors/transgrid-t,validated_manifest_match,Other maintenance activity ,continued_group_label,59,meaningful,True,other_maintenance_activity,Other maintenance activity,communications,Communications,mapped,mapped,AUD,nominal,1.0,standardized_source_unit,378559.0,numeric,2053836.0,numeric,2432395.0,numeric,matched_with_denominator,TransGrid 2020-21 - Category Analysis - RIN Response - Consolidated - 29 October 2021 - PUBLIC(13029988.1).xlsx,2.8 Maintenance,22,count,1804.0,numeric,730.0,numeric,nominal_AUD_per_count,calculated,nominal_AUD_per_count,calculated,209.84423503325942,1138.490022172949,1348.3342572062083,518.5739726027397,2813.4739726027397,3332.0479452054797
2020-21,,Bushfire Remediation,$0's,,5298843.0,TransGrid 2020-21 - Category Analysis - RIN Response - Consolidated - 29 October 2021 - PUBLIC(13029988.1).xlsx,2.8 Maintenance,61,Transgrid,https://www.aer.gov.au/documents/transgrid-2020-21-category-analysis-rin-templates,https://www.aer.gov.au/authors/transgrid-t,validated_manifest_match,Other maintenance activity ,continued_group_label,59,meaningful,True,other_maintenance_activity,Other maintenance activity,bushfire_remediation,Bushfire Remediation,mapped,mapped,AUD,nominal,1.0,standardized_source_unit,,blank,5298843.0,numeric,,incomplete_components,no_descriptor_match,,,,,,,,,,no_descriptor_match,,no_descriptor_match,,,,,,
2021-22,Transmission lines maintenance,Transmission towers,$0's,5564511.0,6996931.0,Transgrid 2021-22 - Category Analysis - RIN Response - Consolidated - 31 October 2022 - PUBLIC(14550262.2).xlsx,2.8 Maintenance,50,Transgrid,https://www.aer.gov.au/documents/transgrid-2021-22-category-analysis-rin-templates,https://www.aer.gov.au/search?search=Transgrid+2021%E2%80%9322,validated_manifest_match,Transmission lines maintenance,submitted,50,meaningful,True,transmission_lines_maintenance,Transmission lines maintenance,transmission_towers,Transmission towers,mapped,mapped,AUD,nominal,1.0,standardized_source_unit,5564511.0,numeric,6996931.0,numeric,12561442.0,numeric,matched_with_denominator,Transgrid 2021-22 - Category Analysis - RIN Response - Consolidated - 31 October 2022 - PUBLIC(14550262.2).xlsx,2.8 Maintenance,12,count,37315.0,numeric,12284.0,numeric,nominal_AUD_per_count,calculated,nominal_AUD_per_count,calculated,149.12263164947072,187.5098753852338,336.63250703470453,452.9885216541843,569.59711820254,1022.5856398567242
2021-22,Transmission lines maintenance,Transmission tower support structures,$0's,0.0,0.0,Transgrid 2021-22 - Category Analysis - RIN Response - Consolidated - 31 October 2022 - PUBLIC(14550262.2).xlsx,2.8 Maintenance,51,Transgrid,https://www.aer.gov.au/documents/transgrid-2021-22-category-analysis-rin-templates,https://www.aer.gov.au/search?search=Transgrid+2021%E2%80%9322,validated_manifest_match,Transmission lines maintenance,submitted,51,meaningful,True,transmission_lines_maintenance,Transmission lines maintenance,transmission_tower_support_structures,Transmission tower support structures,mapped,mapped,AUD,nominal,1.0,standardized_source_unit,0.0,numeric,0.0,numeric,0.0,numeric,matched_without_denominator,Transgrid 2021-22 - Category Analysis - RIN Response - Consolidated - 31 October 2022 - PUBLIC(14550262.2).xlsx,2.8 Maintenance,13,count,,blank,,blank,,missing_denominator,,missing_denominator,,,,,,
2021-22,Transmission lines maintenance,Conductors,$0's,22226.0,570597.0,Transgrid 2021-22 - Category Analysis - RIN Response - Consolidated - 31 October 2022 - PUBLIC(14550262.2).xlsx,2.8 Maintenance,52,Transgrid,https://www.aer.gov.au/documents/transgrid-2021-22-category-analysis-rin-templates,https://www.aer.gov.au/search?search=Transgrid+2021%E2%80%9322,validated_manifest_match,Transmission lines maintenance,submitted,52,meaningful,True,transmission_lines_maintenance,Transmission lines maintenance,conductors,Conductors,mapped,mapped,AUD,nominal,1.0,standardized_source_unit,22226.0,numeric,570597.0,numeric,592823.0,numeric,matched_with_denominator,Transgrid 2021-22 - Category Analysis - RIN Response - Consolidated - 31 October 2022 - PUBLIC(14550262.2).xlsx,2.8 Maintenance,14,km,11239.31,numeric,86.154,numeric,nominal_AUD_per_km,calculated,nominal_AUD_per_km,calculated,1.9775235312488044,50.767974190586436,52.74549772183524,257.9798964644706,6622.989066090954,6880.968962555425
2021-22,Transmission lines maintenance,Transmission cables,$0's,611848.0,195010.0,Transgrid 2021-22 - Category Analysis - RIN Response - Consolidated - 31 October 2022 - PUBLIC(14550262.2).xlsx,2.8 Maintenance,53,Transgrid,https://www.aer.gov.au/documents/transgrid-2021-22-category-analysis-rin-templates,https://www.aer.gov.au/search?search=Transgrid+2021%E2%80%9322,validated_manifest_match,Transmission lines maintenance,submitted,53,meaningful,True,transmission_lines_maintenance,Transmission lines maintenance,transmission_cables,Transmission cables,mapped,mapped,AUD,nominal,1.0,standardized_source_unit,611848.0,numeric,195010.0,numeric,806858.0,numeric,matched_with_denominator,Transgrid 2021-22 - Category Analysis - RIN Response - Consolidated - 31 October 2022 - PUBLIC(14550262.2).xlsx,2.8 Maintenance,15,km,90.785,numeric,90.785,numeric,nominal_AUD_per_km,calculated,nominal_AUD_per_km,calculated,6739.5274549760425,2148.0420774357,8887.569532411742,6739.5274549760425,2148.0420774357,8887.569532411742
2021-22,Substations equipment & property maintenance,Substation switchbays (incl. Reactive plant),$0's,1679852.0,2193306.0,Transgrid 2021-22 - Category Analysis - RIN Response - Consolidated - 31 October 2022 - PUBLIC(14550262.2).xlsx,2.8 Maintenance,54,Transgrid,https://www.aer.gov.au/documents/transgrid-2021-22-category-analysis-rin-templates,https://www.aer.gov.au/search?search=Transgrid+2021%E2%80%9322,validated_manifest_match,Substations equipment & property maintenance,submitted,54,meaningful,True,substations_equipment_property_maintenance,Substations equipment & property maintenance,substation_switchbays,Substation switchbays (incl. Reactive plant),mapped,mapped,AUD,nominal,1.0,standardized_source_unit,1679852.0,numeric,2193306.0,numeric,3873158.0,numeric,matched_with_denominator,Transgrid 2021-22 - Category Analysis - RIN Response - Consolidated - 31 October 2022 - PUBLIC(14550262.2).xlsx,2.8 Maintenance,16,count,2325.0,numeric,494.0,numeric,nominal_AUD_per_count,calculated,nominal_AUD_per_count,calculated,722.5169892473118,943.3574193548387,1665.8744086021504,3400.5101214574897,4439.890688259109,7840.400809716599
2021-22,Substations equipment & property maintenance,Substation power transformers,$0's,830413.0,1103429.0,Transgrid 2021-22 - Category Analysis - RIN Response - Consolidated - 31 October 2022 - PUBLIC(14550262.2).xlsx,2.8 Maintenance,55,Transgrid,https://www.aer.gov.au/documents/transgrid-2021-22-category-analysis-rin-templates,https://www.aer.gov.au/search?search=Transgrid+2021%E2%80%9322,validated_manifest_match,Substations equipment & property maintenance,submitted,55,meaningful,True,substations_equipment_property_maintenance,Substations equipment & property maintenance,substation_power_transformers,Substation power transformers,mapped,mapped,AUD,nominal,1.0,standardized_source_unit,830413.0,numeric,1103429.0,numeric,1933842.0,numeric,matched_with_denominator,Transgrid 2021-22 - Category Analysis - RIN Response - Consolidated - 31 October 2022 - PUBLIC(14550262.2).xlsx,2.8 Maintenance,17,count,208.0,numeric,192.0,numeric,nominal_AUD_per_count,calculated,nominal_AUD_per_count,calculated,3992.3701923076924,5304.947115384615,9297.317307692309,4325.067708333333,5747.026041666667,10072.09375
2021-22,Substations equipment & property maintenance,Substation property,$0's,4824330.0,3296517.0,Transgrid 2021-22 - Category Analysis - RIN Response - Consolidated - 31 October 2022 - PUBLIC(14550262.2).xlsx,2.8 Maintenance,56,Transgrid,https://www.aer.gov.au/documents/transgrid-2021-22-category-analysis-rin-templates,https://www.aer.gov.au/search?search=Transgrid+2021%E2%80%9322,validated_manifest_match,Substations equipment & property maintenance,submitted,56,meaningful,True,substations_equipment_property_maintenance,Substations equipment & property maintenance,substation_property,Substation property,mapped,mapped,AUD,nominal,1.0,standardized_source_unit,4824330.0,numeric,3296517.0,numeric,8120847.0,numeric,matched_with_denominator,Transgrid 2021-22 - Category Analysis - RIN Response - Consolidated - 31 October 2022 - PUBLIC(14550262.2).xlsx,2.8 Maintenance,18,count,95.0,numeric,94.0,numeric,nominal_AUD_per_count,calculated,nominal_AUD_per_count,calculated,50782.42105263158,34700.17894736842,85482.6,51322.65957446808,35069.32978723404,86391.98936170213
2021-22,SCADA & network control maintenance,SCADA & network control maintenance,$0's,21459.0,439223.0,Transgrid 2021-22 - Category Analysis - RIN Response - Consolidated - 31 October 2022 - PUBLIC(14550262.2).xlsx,2.8 Maintenance,57,Transgrid,https://www.aer.gov.au/documents/transgrid-2021-22-category-analysis-rin-templates,https://www.aer.gov.au/search?search=Transgrid+2021%E2%80%9322,validated_manifest_match,SCADA & network control maintenance,submitted,57,meaningful,True,scada_network_control_maintenance,SCADA & network control maintenance,scada_network_control,SCADA & network control maintenance,mapped,mapped,AUD,nominal,1.0,standardized_source_unit,21459.0,numeric,439223.0,numeric,460682.0,numeric,matched_with_denominator,Transgrid 2021-22 - Category Analysis - RIN Response - Consolidated - 31 October 2022 - PUBLIC(14550262.2).xlsx,2.8 Maintenance,19,count,1883.0,numeric,222.0,numeric,nominal_AUD_per_count,calculated,nominal_AUD_per_count,calculated,11.396176314391928,233.25703664365375,244.65321295804569,96.66216216216216,1978.481981981982,2075.1441441441443
2021-22,Protection systems maintenance,Protection systems maintenance,$0's,611785.0,962213.0,Transgrid 2021-22 - Category Analysis - RIN Response - Consolidated - 31 October 2022 - PUBLIC(14550262.2).xlsx,2.8 Maintenance,58,Transgrid,https://www.aer.gov.au/documents/transgrid-2021-22-category-analysis-rin-templates,https://www.aer.gov.au/search?search=Transgrid+2021%E2%80%9322,validated_manifest_match,Protection systems maintenance,submitted,58,meaningful,True,protection_systems_maintenance,Protection systems maintenance,protection_systems,Protection systems maintenance,mapped,mapped,AUD,nominal,1.0,standardized_source_unit,611785.0,numeric,962213.0,numeric,1573998.0,numeric,matched_with_denominator,Transgrid 2021-22 - Category Analysis - RIN Response - Consolidated - 31 October 2022 - PUBLIC(14550262.2).xlsx,2.8 Maintenance,20,count,3227.0,numeric,767.0,numeric,nominal_AUD_per_count,calculated,nominal_AUD_per_count,calculated,189.58320421444066,298.175704989154,487.75890920359467,797.6336375488918,1254.5149934810952,2052.148631029987
2021-22,Other maintenance activity ,Metering,$0's,748369.0,103307.0,Transgrid 2021-22 - Category Analysis - RIN Response - Consolidated - 31 October 2022 - PUBLIC(14550262.2).xlsx,2.8 Maintenance,59,Transgrid,https://www.aer.gov.au/documents/transgrid-2021-22-category-analysis-rin-templates,https://www.aer.gov.au/search?search=Transgrid+2021%E2%80%9322,validated_manifest_match,Other maintenance activity ,submitted,59,meaningful,True,other_maintenance_activity,Other maintenance activity,metering,Metering,mapped,mapped,AUD,nominal,1.0,standardized_source_unit,748369.0,numeric,103307.0,numeric,851676.0,numeric,matched_with_denominator,Transgrid 2021-22 - Category Analysis - RIN Response - Consolidated - 31 October 2022 - PUBLIC(14550262.2).xlsx,2.8 Maintenance,21,count,839.0,numeric,622.0,numeric,nominal_AUD_per_count,calculated,nominal_AUD_per_count,calculated,891.9773539928486,123.1311084624553,1015.1084624553039,1203.1655948553055,166.08842443729904,1369.2540192926044
2021-22,,Communications,$0's,253942.0,1190259.0,Transgrid 2021-22 - Category Analysis - RIN Response - Consolidated - 31 October 2022 - PUBLIC(14550262.2).xlsx,2.8 Maintenance,60,Transgrid,https://www.aer.gov.au/documents/transgrid-2021-22-category-analysis-rin-templates,https://www.aer.gov.au/search?search=Transgrid+2021%E2%80%9322,validated_manifest_match,Other maintenance activity ,continued_group_label,59,meaningful,True,other_maintenance_activity,Other maintenance activity,communications,Communications,mapped,mapped,AUD,nominal,1.0,standardized_source_unit,253942.0,numeric,1190259.0,numeric,1444201.0,numeric,matched_with_denominator,Transgrid 2021-22 - Category Analysis - RIN Response - Consolidated - 31 October 2022 - PUBLIC(14550262.2).xlsx,2.8 Maintenance,22,count,1779.0,numeric,820.0,numeric,nominal_AUD_per_count,calculated,nominal_AUD_per_count,calculated,142.7442383361439,669.0607082630692,811.804946599213,309.68536585365854,1451.5353658536585,1761.220731707317
2021-22,,Bushfire Remediation,$0's,0.0,12022982.0,Transgrid 2021-22 - Category Analysis - RIN Response - Consolidated - 31 October 2022 - PUBLIC(14550262.2).xlsx,2.8 Maintenance,61,Transgrid,https://www.aer.gov.au/documents/transgrid-2021-22-category-analysis-rin-templates,https://www.aer.gov.au/search?search=Transgrid+2021%E2%80%9322,validated_manifest_match,Other maintenance activity ,continued_group_label,59,meaningful,True,other_maintenance_activity,Other maintenance activity,bushfire_remediation,Bushfire Remediation,mapped,mapped,AUD,nominal,1.0,standardized_source_unit,0.0,numeric,12022982.0,numeric,12022982.0,numeric,matched_without_denominator,Transgrid 2021-22 - Category Analysis - RIN Response - Consolidated - 31 October 2022 - PUBLIC(14550262.2).xlsx,2.8 Maintenance,23,count,,blank,,blank,,missing_denominator,,missing_denominator,,,,,,
2022-23,Transmission lines maintenance,Transmission towers,$,5452948.0,8181433.0,Transgrid 2022-23 - Category analysis - RIN response - Consolidated - 31 October 2023 - PUBLIC(15993699.2).xlsx,2.8 Maintenance,51,Transgrid,https://www.aer.gov.au/documents/transgrid-2022-23-category-analysis-rin-templates,https://www.aer.gov.au/authors/transgrid-t,validated_manifest_match,Transmission lines maintenance,submitted,51,meaningful,True,transmission_lines_maintenance,Transmission lines maintenance,transmission_towers,Transmission towers,mapped,mapped,AUD,nominal,1.0,standardized_source_unit,5452948.0,numeric,8181433.0,numeric,13634381.0,numeric,matched_with_denominator,Transgrid 2022-23 - Category analysis - RIN response - Consolidated - 31 October 2023 - PUBLIC(15993699.2).xlsx,2.8 Maintenance,13,count,37308.0,numeric,9499.0,numeric,nominal_AUD_per_count,calculated,nominal_AUD_per_count,calculated,146.1602873378364,219.29433365498016,365.45462099281656,574.0549531529634,861.2941362248657,1435.3490893778292
2022-23,Transmission lines maintenance,Transmission tower support structures,$,,,Transgrid 2022-23 - Category analysis - RIN response - Consolidated - 31 October 2023 - PUBLIC(15993699.2).xlsx,2.8 Maintenance,52,Transgrid,https://www.aer.gov.au/documents/transgrid-2022-23-category-analysis-rin-templates,https://www.aer.gov.au/authors/transgrid-t,validated_manifest_match,Transmission lines maintenance,submitted,52,meaningful,True,transmission_lines_maintenance,Transmission lines maintenance,transmission_tower_support_structures,Transmission tower support structures,mapped,mapped,AUD,nominal,1.0,standardized_source_unit,,blank,,blank,,blank,matched_without_denominator,Transgrid 2022-23 - Category analysis - RIN response - Consolidated - 31 October 2023 - PUBLIC(15993699.2).xlsx,2.8 Maintenance,14,count,,blank,,blank,,missing_denominator,,missing_denominator,,,,,,
2022-23,Transmission lines maintenance,Conductors,$,471823.0,603304.0,Transgrid 2022-23 - Category analysis - RIN response - Consolidated - 31 October 2023 - PUBLIC(15993699.2).xlsx,2.8 Maintenance,53,Transgrid,https://www.aer.gov.au/documents/transgrid-2022-23-category-analysis-rin-templates,https://www.aer.gov.au/authors/transgrid-t,validated_manifest_match,Transmission lines maintenance,submitted,53,meaningful,True,transmission_lines_maintenance,Transmission lines maintenance,conductors,Conductors,mapped,mapped,AUD,nominal,1.0,standardized_source_unit,471823.0,numeric,603304.0,numeric,1075127.0,numeric,matched_with_denominator,Transgrid 2022-23 - Category analysis - RIN response - Consolidated - 31 October 2023 - PUBLIC(15993699.2).xlsx,2.8 Maintenance,15,km,11233.24,numeric,3587.0,numeric,nominal_AUD_per_km,calculated,nominal_AUD_per_km,calculated,42.00239645908037,53.707033767639615,95.70943022671999,131.5369389461946,168.19180373571228,299.7287426819069
2022-23,Transmission lines maintenance,Transmission cables,$,734356.0,418379.0,Transgrid 2022-23 - Category analysis - RIN response - Consolidated - 31 October 2023 - PUBLIC(15993699.2).xlsx,2.8 Maintenance,54,Transgrid,https://www.aer.gov.au/documents/transgrid-2022-23-category-analysis-rin-templates,https://www.aer.gov.au/authors/transgrid-t,validated_manifest_match,Transmission lines maintenance,submitted,54,meaningful,True,transmission_lines_maintenance,Transmission lines maintenance,transmission_cables,Transmission cables,mapped,mapped,AUD,nominal,1.0,standardized_source_unit,734356.0,numeric,418379.0,numeric,1152735.0,numeric,matched_with_denominator,Transgrid 2022-23 - Category analysis - RIN response - Consolidated - 31 October 2023 - PUBLIC(15993699.2).xlsx,2.8 Maintenance,16,km,90.785,numeric,90.785,numeric,nominal_AUD_per_km,calculated,nominal_AUD_per_km,calculated,8088.957426887702,4608.45954728204,12697.416974169742,8088.957426887702,4608.45954728204,12697.416974169742
2022-23,Substations equipment & property maintenance,Substation switchbays (incl. Reactive plant),$,1454533.0,2611448.0,Transgrid 2022-23 - Category analysis - RIN response - Consolidated - 31 October 2023 - PUBLIC(15993699.2).xlsx,2.8 Maintenance,55,Transgrid,https://www.aer.gov.au/documents/transgrid-2022-23-category-analysis-rin-templates,https://www.aer.gov.au/authors/transgrid-t,validated_manifest_match,Substations equipment & property maintenance,submitted,55,meaningful,True,substations_equipment_property_maintenance,Substations equipment & property maintenance,substation_switchbays,Substation switchbays (incl. Reactive plant),mapped,mapped,AUD,nominal,1.0,standardized_source_unit,1454533.0,numeric,2611448.0,numeric,4065981.0,numeric,matched_with_denominator,Transgrid 2022-23 - Category analysis - RIN response - Consolidated - 31 October 2023 - PUBLIC(15993699.2).xlsx,2.8 Maintenance,17,count,2341.0,numeric,516.0,numeric,nominal_AUD_per_count,calculated,nominal_AUD_per_count,calculated,621.3297736010252,1115.526697992311,1736.8564715933362,2818.8624031007753,5060.945736434109,7879.808139534884
2022-23,Substations equipment & property maintenance,Substation power transformers,$,1560406.0,1464114.0,Transgrid 2022-23 - Category analysis - RIN response - Consolidated - 31 October 2023 - PUBLIC(15993699.2).xlsx,2.8 Maintenance,56,Transgrid,https://www.aer.gov.au/documents/transgrid-2022-23-category-analysis-rin-templates,https://www.aer.gov.au/authors/transgrid-t,validated_manifest_match,Substations equipment & property maintenance,submitted,56,meaningful,True,substations_equipment_property_maintenance,Substations equipment & property maintenance,substation_power_transformers,Substation power transformers,mapped,mapped,AUD,nominal,1.0,standardized_source_unit,1560406.0,numeric,1464114.0,numeric,3024520.0,numeric,matched_with_denominator,Transgrid 2022-23 - Category analysis - RIN response - Consolidated - 31 October 2023 - PUBLIC(15993699.2).xlsx,2.8 Maintenance,18,count,215.0,numeric,202.0,numeric,nominal_AUD_per_count,calculated,nominal_AUD_per_count,calculated,7257.702325581396,6809.832558139535,14067.53488372093,7724.782178217822,7248.089108910891,14972.871287128713
2022-23,Substations equipment & property maintenance,Substation property,$,6165173.0,7152146.0,Transgrid 2022-23 - Category analysis - RIN response - Consolidated - 31 October 2023 - PUBLIC(15993699.2).xlsx,2.8 Maintenance,57,Transgrid,https://www.aer.gov.au/documents/transgrid-2022-23-category-analysis-rin-templates,https://www.aer.gov.au/authors/transgrid-t,validated_manifest_match,Substations equipment & property maintenance,submitted,57,meaningful,True,substations_equipment_property_maintenance,Substations equipment & property maintenance,substation_property,Substation property,mapped,mapped,AUD,nominal,1.0,standardized_source_unit,6165173.0,numeric,7152146.0,numeric,13317319.0,numeric,matched_with_denominator,Transgrid 2022-23 - Category analysis - RIN response - Consolidated - 31 October 2023 - PUBLIC(15993699.2).xlsx,2.8 Maintenance,19,count,96.0,numeric,96.0,numeric,nominal_AUD_per_count,calculated,nominal_AUD_per_count,calculated,64220.552083333336,74501.52083333333,138722.07291666666,64220.552083333336,74501.52083333333,138722.07291666666
2022-23,SCADA & network control maintenance,SCADA & network control maintenance,$,32712.0,510468.0,Transgrid 2022-23 - Category analysis - RIN response - Consolidated - 31 October 2023 - PUBLIC(15993699.2).xlsx,2.8 Maintenance,58,Transgrid,https://www.aer.gov.au/documents/transgrid-2022-23-category-analysis-rin-templates,https://www.aer.gov.au/authors/transgrid-t,validated_manifest_match,SCADA & network control maintenance,submitted,58,meaningful,True,scada_network_control_maintenance,SCADA & network control maintenance,scada_network_control,SCADA & network control maintenance,mapped,mapped,AUD,nominal,1.0,standardized_source_unit,32712.0,numeric,510468.0,numeric,543180.0,numeric,matched_with_denominator,Transgrid 2022-23 - Category analysis - RIN response - Consolidated - 31 October 2023 - PUBLIC(15993699.2).xlsx,2.8 Maintenance,20,count,1977.0,numeric,173.0,numeric,nominal_AUD_per_count,calculated,nominal_AUD_per_count,calculated,16.546282245827012,258.20333839150226,274.7496206373293,189.08670520231215,2950.6820809248557,3139.7687861271675
2022-23,Protection systems maintenance,Protection systems maintenance,$,1150739.0,617753.0,Transgrid 2022-23 - Category analysis - RIN response - Consolidated - 31 October 2023 - PUBLIC(15993699.2).xlsx,2.8 Maintenance,59,Transgrid,https://www.aer.gov.au/documents/transgrid-2022-23-category-analysis-rin-templates,https://www.aer.gov.au/authors/transgrid-t,validated_manifest_match,Protection systems maintenance,submitted,59,meaningful,True,protection_systems_maintenance,Protection systems maintenance,protection_systems,Protection systems maintenance,mapped,mapped,AUD,nominal,1.0,standardized_source_unit,1150739.0,numeric,617753.0,numeric,1768492.0,numeric,matched_with_denominator,Transgrid 2022-23 - Category analysis - RIN response - Consolidated - 31 October 2023 - PUBLIC(15993699.2).xlsx,2.8 Maintenance,21,count,3240.0,numeric,1021.0,numeric,nominal_AUD_per_count,calculated,nominal_AUD_per_count,calculated,355.16635802469136,190.6645061728395,545.8308641975309,1127.0705190989227,605.047012732615,1732.1175318315377
2022-23,Other maintenance activity ,Metering,$,499217.0,220259.0,Transgrid 2022-23 - Category analysis - RIN response - Consolidated - 31 October 2023 - PUBLIC(15993699.2).xlsx,2.8 Maintenance,60,Transgrid,https://www.aer.gov.au/documents/transgrid-2022-23-category-analysis-rin-templates,https://www.aer.gov.au/authors/transgrid-t,validated_manifest_match,Other maintenance activity ,submitted,60,meaningful,True,other_maintenance_activity,Other maintenance activity,metering,Metering,mapped,mapped,AUD,nominal,1.0,standardized_source_unit,499217.0,numeric,220259.0,numeric,719476.0,numeric,matched_with_denominator,Transgrid 2022-23 - Category analysis - RIN response - Consolidated - 31 October 2023 - PUBLIC(15993699.2).xlsx,2.8 Maintenance,22,count,855.0,numeric,540.0,numeric,nominal_AUD_per_count,calculated,nominal_AUD_per_count,calculated,583.8795321637427,257.61286549707603,841.4923976608187,924.4759259259259,407.88703703703703,1332.362962962963
2022-23,,Communications,$,400286.0,1439324.0,Transgrid 2022-23 - Category analysis - RIN response - Consolidated - 31 October 2023 - PUBLIC(15993699.2).xlsx,2.8 Maintenance,61,Transgrid,https://www.aer.gov.au/documents/transgrid-2022-23-category-analysis-rin-templates,https://www.aer.gov.au/authors/transgrid-t,validated_manifest_match,Other maintenance activity ,continued_group_label,60,meaningful,True,other_maintenance_activity,Other maintenance activity,communications,Communications,mapped,mapped,AUD,nominal,1.0,standardized_source_unit,400286.0,numeric,1439324.0,numeric,1839610.0,numeric,matched_with_denominator,Transgrid 2022-23 - Category analysis - RIN response - Consolidated - 31 October 2023 - PUBLIC(15993699.2).xlsx,2.8 Maintenance,23,count,1787.0,numeric,981.0,numeric,nominal_AUD_per_count,calculated,nominal_AUD_per_count,calculated,223.99888080581982,805.441522104085,1029.4404029099048,408.0387359836901,1467.2008154943935,1875.2395514780835
2022-23,,Bushfire Remediation,$,,18157008.0,Transgrid 2022-23 - Category analysis - RIN response - Consolidated - 31 October 2023 - PUBLIC(15993699.2).xlsx,2.8 Maintenance,62,Transgrid,https://www.aer.gov.au/documents/transgrid-2022-23-category-analysis-rin-templates,https://www.aer.gov.au/authors/transgrid-t,validated_manifest_match,Other maintenance activity ,continued_group_label,60,meaningful,True,other_maintenance_activity,Other maintenance activity,bushfire_remediation,Bushfire Remediation,mapped,mapped,AUD,nominal,1.0,standardized_source_unit,,blank,18157008.0,numeric,,incomplete_components,no_descriptor_match,,,,,,,,,,no_descriptor_match,,no_descriptor_match,,,,,,
2023-24,Transmission lines maintenance,Transmission towers,$,4904687.0,8339590.0,Transgrid 2023-24 - Category Analysis - RIN Response - Consolidated - 31 October 2024 - PUBLIC(17496053.2).xlsx,2.8 Maintenance,51,Transgrid,https://www.aer.gov.au/documents/transgrid-2023-24-category-analysis-rin-templates,https://www.aer.gov.au/authors/transgrid-t,validated_manifest_match,Transmission lines maintenance,submitted,51,meaningful,True,transmission_lines_maintenance,Transmission lines maintenance,transmission_towers,Transmission towers,mapped,mapped,AUD,nominal,1.0,standardized_source_unit,4904687.0,numeric,8339590.0,numeric,13244277.0,numeric,matched_with_denominator,Transgrid 2023-24 - Category Analysis - RIN Response - Consolidated - 31 October 2024 - PUBLIC(17496053.2).xlsx,2.8 Maintenance,13,count,37310.0,numeric,11506.0,numeric,nominal_AUD_per_count,calculated,nominal_AUD_per_count,calculated,131.45770570892523,223.52157598499062,354.9792816939158,426.27211889448984,724.8035807404832,1151.075699634973
2023-24,Transmission lines maintenance,Transmission tower support structures,$,,,Transgrid 2023-24 - Category Analysis - RIN Response - Consolidated - 31 October 2024 - PUBLIC(17496053.2).xlsx,2.8 Maintenance,52,Transgrid,https://www.aer.gov.au/documents/transgrid-2023-24-category-analysis-rin-templates,https://www.aer.gov.au/authors/transgrid-t,validated_manifest_match,Transmission lines maintenance,submitted,52,meaningful,True,transmission_lines_maintenance,Transmission lines maintenance,transmission_tower_support_structures,Transmission tower support structures,mapped,mapped,AUD,nominal,1.0,standardized_source_unit,,blank,,blank,,blank,matched_without_denominator,Transgrid 2023-24 - Category Analysis - RIN Response - Consolidated - 31 October 2024 - PUBLIC(17496053.2).xlsx,2.8 Maintenance,14,count,,blank,,blank,,missing_denominator,,missing_denominator,,,,,,
2023-24,Transmission lines maintenance,Conductors,$,30327.0,697621.0,Transgrid 2023-24 - Category Analysis - RIN Response - Consolidated - 31 October 2024 - PUBLIC(17496053.2).xlsx,2.8 Maintenance,53,Transgrid,https://www.aer.gov.au/documents/transgrid-2023-24-category-analysis-rin-templates,https://www.aer.gov.au/authors/transgrid-t,validated_manifest_match,Transmission lines maintenance,submitted,53,meaningful,True,transmission_lines_maintenance,Transmission lines maintenance,conductors,Conductors,mapped,mapped,AUD,nominal,1.0,standardized_source_unit,30327.0,numeric,697621.0,numeric,727948.0,numeric,matched_with_denominator,Transgrid 2023-24 - Category Analysis - RIN Response - Consolidated - 31 October 2024 - PUBLIC(17496053.2).xlsx,2.8 Maintenance,15,km,11230.22,numeric,40.6,numeric,nominal_AUD_per_km,calculated,nominal_AUD_per_km,calculated,2.70048137970583,62.11997627829197,64.82045765799779,746.9704433497536,17182.783251231525,17929.75369458128
2023-24,Transmission lines maintenance,Transmission cables,$,673999.0,221566.0,Transgrid 2023-24 - Category Analysis - RIN Response - Consolidated - 31 October 2024 - PUBLIC(17496053.2).xlsx,2.8 Maintenance,54,Transgrid,https://www.aer.gov.au/documents/transgrid-2023-24-category-analysis-rin-templates,https://www.aer.gov.au/authors/transgrid-t,validated_manifest_match,Transmission lines maintenance,submitted,54,meaningful,True,transmission_lines_maintenance,Transmission lines maintenance,transmission_cables,Transmission cables,mapped,mapped,AUD,nominal,1.0,standardized_source_unit,673999.0,numeric,221566.0,numeric,895565.0,numeric,matched_with_denominator,Transgrid 2023-24 - Category Analysis - RIN Response - Consolidated - 31 October 2024 - PUBLIC(17496053.2).xlsx,2.8 Maintenance,16,km,90.785,numeric,90.785,numeric,nominal_AUD_per_km,calculated,nominal_AUD_per_km,calculated,7424.122927796442,2440.557360797489,9864.68028859393,7424.122927796442,2440.557360797489,9864.68028859393
2023-24,Substations equipment & property maintenance,Substation switchbays (incl. Reactive plant),$,1443408.0,2857558.0,Transgrid 2023-24 - Category Analysis - RIN Response - Consolidated - 31 October 2024 - PUBLIC(17496053.2).xlsx,2.8 Maintenance,55,Transgrid,https://www.aer.gov.au/documents/transgrid-2023-24-category-analysis-rin-templates,https://www.aer.gov.au/authors/transgrid-t,validated_manifest_match,Substations equipment & property maintenance,submitted,55,meaningful,True,substations_equipment_property_maintenance,Substations equipment & property maintenance,substation_switchbays,Substation switchbays (incl. Reactive plant),mapped,mapped,AUD,nominal,1.0,standardized_source_unit,1443408.0,numeric,2857558.0,numeric,4300966.0,numeric,matched_with_denominator,Transgrid 2023-24 - Category Analysis - RIN Response - Consolidated - 31 October 2024 - PUBLIC(17496053.2).xlsx,2.8 Maintenance,17,count,2350.0,numeric,252.0,numeric,nominal_AUD_per_count,calculated,nominal_AUD_per_count,calculated,614.216170212766,1215.9821276595744,1830.1982978723404,5727.809523809524,11339.515873015873,17067.325396825396
2023-24,Substations equipment & property maintenance,Substation power transformers,$,1740202.0,1731508.0,Transgrid 2023-24 - Category Analysis - RIN Response - Consolidated - 31 October 2024 - PUBLIC(17496053.2).xlsx,2.8 Maintenance,56,Transgrid,https://www.aer.gov.au/documents/transgrid-2023-24-category-analysis-rin-templates,https://www.aer.gov.au/authors/transgrid-t,validated_manifest_match,Substations equipment & property maintenance,submitted,56,meaningful,True,substations_equipment_property_maintenance,Substations equipment & property maintenance,substation_power_transformers,Substation power transformers,mapped,mapped,AUD,nominal,1.0,standardized_source_unit,1740202.0,numeric,1731508.0,numeric,3471710.0,numeric,matched_with_denominator,Transgrid 2023-24 - Category Analysis - RIN Response - Consolidated - 31 October 2024 - PUBLIC(17496053.2).xlsx,2.8 Maintenance,18,count,215.0,numeric,206.0,numeric,nominal_AUD_per_count,calculated,nominal_AUD_per_count,calculated,8093.962790697675,8053.525581395349,16147.488372093023,8447.582524271844,8405.378640776698,16852.961165048542
2023-24,Substations equipment & property maintenance,Substation property,$,6745046.0,4178675.0,Transgrid 2023-24 - Category Analysis - RIN Response - Consolidated - 31 October 2024 - PUBLIC(17496053.2).xlsx,2.8 Maintenance,57,Transgrid,https://www.aer.gov.au/documents/transgrid-2023-24-category-analysis-rin-templates,https://www.aer.gov.au/authors/transgrid-t,validated_manifest_match,Substations equipment & property maintenance,submitted,57,meaningful,True,substations_equipment_property_maintenance,Substations equipment & property maintenance,substation_property,Substation property,mapped,mapped,AUD,nominal,1.0,standardized_source_unit,6745046.0,numeric,4178675.0,numeric,10923721.0,numeric,matched_with_denominator,Transgrid 2023-24 - Category Analysis - RIN Response - Consolidated - 31 October 2024 - PUBLIC(17496053.2).xlsx,2.8 Maintenance,19,count,96.0,numeric,95.0,numeric,nominal_AUD_per_count,calculated,nominal_AUD_per_count,calculated,70260.89583333333,43527.864583333336,113788.76041666667,71000.48421052631,43986.05263157895,114986.53684210527
2023-24,SCADA & network control maintenance,SCADA & network control maintenance,$,244307.0,734891.0,Transgrid 2023-24 - Category Analysis - RIN Response - Consolidated - 31 October 2024 - PUBLIC(17496053.2).xlsx,2.8 Maintenance,58,Transgrid,https://www.aer.gov.au/documents/transgrid-2023-24-category-analysis-rin-templates,https://www.aer.gov.au/authors/transgrid-t,validated_manifest_match,SCADA & network control maintenance,submitted,58,meaningful,True,scada_network_control_maintenance,SCADA & network control maintenance,scada_network_control,SCADA & network control maintenance,mapped,mapped,AUD,nominal,1.0,standardized_source_unit,244307.0,numeric,734891.0,numeric,979198.0,numeric,matched_with_denominator,Transgrid 2023-24 - Category Analysis - RIN Response - Consolidated - 31 October 2024 - PUBLIC(17496053.2).xlsx,2.8 Maintenance,20,count,2046.0,numeric,196.0,numeric,nominal_AUD_per_count,calculated,nominal_AUD_per_count,calculated,119.40713587487781,359.18426197458456,478.59139784946234,1246.4642857142858,3749.4438775510203,4995.908163265306
2023-24,Protection systems maintenance,Protection systems maintenance,$,981666.0,872758.0,Transgrid 2023-24 - Category Analysis - RIN Response - Consolidated - 31 October 2024 - PUBLIC(17496053.2).xlsx,2.8 Maintenance,59,Transgrid,https://www.aer.gov.au/documents/transgrid-2023-24-category-analysis-rin-templates,https://www.aer.gov.au/authors/transgrid-t,validated_manifest_match,Protection systems maintenance,submitted,59,meaningful,True,protection_systems_maintenance,Protection systems maintenance,protection_systems,Protection systems maintenance,mapped,mapped,AUD,nominal,1.0,standardized_source_unit,981666.0,numeric,872758.0,numeric,1854424.0,numeric,matched_with_denominator,Transgrid 2023-24 - Category Analysis - RIN Response - Consolidated - 31 October 2024 - PUBLIC(17496053.2).xlsx,2.8 Maintenance,21,count,3286.0,numeric,893.0,numeric,nominal_AUD_per_count,calculated,nominal_AUD_per_count,calculated,298.741935483871,265.5989044430919,564.3408399269629,1099.290033594625,977.3325867861142,2076.622620380739
2023-24,Other maintenance activity ,Metering,$,532963.0,224549.0,Transgrid 2023-24 - Category Analysis - RIN Response - Consolidated - 31 October 2024 - PUBLIC(17496053.2).xlsx,2.8 Maintenance,60,Transgrid,https://www.aer.gov.au/documents/transgrid-2023-24-category-analysis-rin-templates,https://www.aer.gov.au/authors/transgrid-t,validated_manifest_match,Other maintenance activity ,submitted,60,meaningful,True,other_maintenance_activity,Other maintenance activity,metering,Metering,mapped,mapped,AUD,nominal,1.0,standardized_source_unit,532963.0,numeric,224549.0,numeric,757512.0,numeric,matched_with_denominator,Transgrid 2023-24 - Category Analysis - RIN Response - Consolidated - 31 October 2024 - PUBLIC(17496053.2).xlsx,2.8 Maintenance,22,count,838.0,numeric,639.0,numeric,nominal_AUD_per_count,calculated,nominal_AUD_per_count,calculated,635.9940334128878,267.9582338902148,903.9522673031026,834.0579029733959,351.40688575899844,1185.4647887323943
2023-24,,Communications,$,345441.0,1626967.0,Transgrid 2023-24 - Category Analysis - RIN Response - Consolidated - 31 October 2024 - PUBLIC(17496053.2).xlsx,2.8 Maintenance,61,Transgrid,https://www.aer.gov.au/documents/transgrid-2023-24-category-analysis-rin-templates,https://www.aer.gov.au/authors/transgrid-t,validated_manifest_match,Other maintenance activity ,continued_group_label,60,meaningful,True,other_maintenance_activity,Other maintenance activity,communications,Communications,mapped,mapped,AUD,nominal,1.0,standardized_source_unit,345441.0,numeric,1626967.0,numeric,1972408.0,numeric,matched_with_denominator,Transgrid 2023-24 - Category Analysis - RIN Response - Consolidated - 31 October 2024 - PUBLIC(17496053.2).xlsx,2.8 Maintenance,23,count,1790.0,numeric,974.0,numeric,nominal_AUD_per_count,calculated,nominal_AUD_per_count,calculated,192.98379888268155,908.9201117318436,1101.903910614525,354.6622176591376,1670.3973305954826,2025.05954825462
